wafer_id,run_index,t_s,step,rf_power_W,chamber_pressure_mTorr,gas_flow_sccm,oes_endpoint_au,wall_temp_C
W0007,7,0,stabilize,677.4696,10.9118,107.7404,0.5117,66.9788
W0007,7,1,stabilize,680.1013,10.9556,108.3303,0.5341,66.9614
W0007,7,2,stabilize,675.9529,10.9033,108.6093,0.5272,66.9666
W0007,7,3,stabilize,679.3565,10.9579,108.1770,0.5271,66.7361
W0007,7,4,stabilize,673.7552,10.9421,107.2344,0.5258,66.6220
W0007,7,5,stabilize,676.0654,10.9232,109.6482,0.5341,66.6603
W0007,7,6,stabilize,677.0724,10.9729,108.4488,0.5396,67.0876
W0007,7,7,stabilize,679.8273,10.9206,108.5065,0.5299,66.9923
W0007,7,8,stabilize,680.5276,11.0259,108.0804,0.5274,66.8274
W0007,7,9,stabilize,676.5994,10.9470,108.2862,0.5444,67.1023
W0007,7,10,stabilize,677.7897,10.9494,109.3943,0.5391,67.0166
W0007,7,11,stabilize,678.1736,10.9416,108.7667,0.5416,66.9861
W0007,7,12,stabilize,675.5497,10.9204,107.3304,0.5583,66.8138
W0007,7,13,stabilize,677.2949,10.9927,110.3249,0.5522,66.7934
W0007,7,14,stabilize,672.6185,10.8703,107.7822,0.5505,66.9780
W0007,7,15,stabilize,676.6540,10.9653,107.4565,0.5333,66.8323
W0007,7,16,stabilize,678.8076,10.9703,107.5519,0.5460,66.9733
W0007,7,17,stabilize,679.2407,10.9126,107.8393,0.5499,66.8659
W0007,7,18,stabilize,680.4421,10.9103,109.0954,0.5693,67.1652
W0007,7,19,stabilize,680.5386,10.9635,108.8732,0.5485,66.8506
W0007,7,20,main_etch,752.7378,10.4219,109.2538,0.8918,67.6458
W0007,7,21,main_etch,747.6696,10.3777,108.4444,0.8978,67.4797
W0007,7,22,main_etch,752.9088,10.4988,108.6879,0.8836,67.7943
W0007,7,23,main_etch,752.8109,10.4286,108.6129,0.9145,67.3596
W0007,7,24,main_etch,757.7355,10.4917,107.8003,0.8971,67.7420
W0007,7,25,main_etch,755.0924,10.4558,108.8389,0.8999,67.7509
W0007,7,26,main_etch,751.7114,10.3846,108.3074,0.8862,67.1800
W0007,7,27,main_etch,750.4901,10.4146,108.6305,0.9006,67.6056
W0007,7,28,main_etch,756.5996,10.4184,109.7011,0.8985,67.2976
W0007,7,29,main_etch,757.4425,10.4471,108.3368,0.9199,67.5572
W0007,7,30,main_etch,747.4577,10.4212,108.5550,0.9043,67.5010
W0007,7,31,main_etch,748.4770,10.3121,108.5089,0.9325,67.5197
W0007,7,32,main_etch,754.6435,10.4696,108.2624,0.9236,67.7626
W0007,7,33,main_etch,751.9015,10.4118,108.5662,0.9364,67.1850
W0007,7,34,main_etch,757.1076,10.5200,109.7001,0.9500,67.3818
W0007,7,35,main_etch,753.6287,10.3681,108.2690,0.9498,67.5398
W0007,7,36,main_etch,750.0903,10.4338,108.9207,0.9320,67.3836
W0007,7,37,main_etch,756.2041,10.4531,108.1360,0.9378,67.6902
W0007,7,38,main_etch,751.0219,10.4575,107.8638,0.9493,67.5648
W0007,7,39,main_etch,751.9287,10.4079,107.3319,0.9560,67.5814
W0007,7,40,main_etch,754.7788,10.4117,107.9523,0.9671,67.3656
W0007,7,41,main_etch,754.3411,10.3339,107.8989,0.9589,67.7013
W0007,7,42,main_etch,754.6740,10.4488,108.0450,0.9721,67.5962
W0007,7,43,main_etch,757.6509,10.3620,108.6273,0.9757,67.6888
W0007,7,44,main_etch,755.3333,10.3947,108.6426,0.9748,67.5154
W0007,7,45,main_etch,752.8291,10.4147,109.8525,0.9821,67.5362
W0007,7,46,main_etch,749.5173,10.4877,108.5139,0.9861,67.5657
W0007,7,47,main_etch,755.6944,10.4739,108.0923,0.9834,67.5026
W0007,7,48,main_etch,755.5701,10.3606,109.6905,0.9948,67.5774
W0007,7,49,main_etch,749.5174,10.4539,107.9422,1.0068,67.4880
W0007,7,50,main_etch,753.2702,10.4179,108.8273,0.9765,67.7465
W0007,7,51,main_etch,753.7821,10.3572,109.8431,1.0143,67.5234
W0007,7,52,main_etch,752.7242,10.3201,109.4994,1.0173,67.5887
W0007,7,53,main_etch,753.2755,10.3788,107.6473,0.9865,67.4378
W0007,7,54,main_etch,750.8897,10.3312,108.9966,1.0122,67.5177
W0007,7,55,main_etch,751.7797,10.4890,107.9553,1.0087,67.4487
W0007,7,56,main_etch,753.2852,10.4160,108.1295,1.0265,67.4932
W0007,7,57,main_etch,749.9354,10.4061,108.8408,1.0328,67.7017
W0007,7,58,main_etch,753.5126,10.4217,108.6122,1.0227,67.3247
W0007,7,59,main_etch,760.1094,10.4090,108.6471,1.0292,67.8104
W0007,7,60,main_etch,749.6768,10.4601,108.3554,1.0338,67.4594
W0007,7,61,main_etch,746.9867,10.4663,107.9015,1.0401,67.5231
W0007,7,62,main_etch,753.0719,10.4055,109.8098,1.0369,67.7905
W0007,7,63,main_etch,752.5685,10.4407,109.5466,1.0404,67.4577
W0007,7,64,main_etch,753.4613,10.4127,108.9296,1.0502,67.4678
W0007,7,65,main_etch,754.3798,10.4262,109.1693,1.0379,67.4731
W0007,7,66,main_etch,753.1106,10.4673,109.0260,1.0426,67.7838
W0007,7,67,main_etch,758.1506,10.4178,108.6505,1.0492,67.7458
W0007,7,68,main_etch,757.0367,10.4143,108.3591,1.0632,67.5327
W0007,7,69,main_etch,752.9540,10.3354,108.5292,1.0656,67.4839
W0007,7,70,main_etch,753.9554,10.4917,107.8647,1.0590,67.6250
W0007,7,71,main_etch,756.1782,10.4470,107.6812,1.0652,67.6604
W0007,7,72,main_etch,753.4784,10.3851,108.9725,1.0864,67.4871
W0007,7,73,main_etch,750.8792,10.3918,108.1510,1.0757,67.5752
W0007,7,74,main_etch,752.7775,10.4268,107.6412,1.0680,67.4164
W0007,7,75,overetch,720.4265,10.2538,110.1163,0.6820,68.1435
W0007,7,76,overetch,719.1651,10.2856,110.4119,0.6693,68.1996
W0007,7,77,overetch,721.6821,10.2778,111.2756,0.7107,68.3050
W0007,7,78,overetch,722.3121,10.1816,111.0114,0.6912,68.1792
W0007,7,79,overetch,725.7125,10.1890,109.3355,0.6845,68.2810
W0007,7,80,overetch,721.6027,10.3290,110.6462,0.7078,68.4874
W0007,7,81,overetch,716.3935,10.2132,110.7920,0.6791,68.1772
W0007,7,82,overetch,724.2409,10.2395,110.3687,0.7085,68.2014
W0007,7,83,overetch,723.3329,10.2509,110.8767,0.7127,68.5682
W0007,7,84,overetch,722.4498,10.3250,109.7223,0.6940,68.2328
W0007,7,85,overetch,721.3602,10.2420,109.9481,0.7147,68.4960
W0007,7,86,overetch,719.7633,10.1581,109.9434,0.7131,68.2417
W0007,7,87,overetch,723.4537,10.1328,110.3644,0.7147,68.1370
W0007,7,88,overetch,722.2645,10.2524,111.6092,0.7132,68.2166
W0007,7,89,overetch,730.6219,10.2067,110.0692,0.7070,68.1083
W0007,7,90,overetch,723.9609,10.1907,111.6526,0.6991,68.3227
W0007,7,91,overetch,718.7396,10.2078,110.6680,0.7080,68.1461
W0007,7,92,overetch,723.9926,10.1348,110.2852,0.7034,68.1570
W0007,7,93,overetch,722.7401,10.2294,111.4969,0.7255,67.9637
W0007,7,94,overetch,722.5385,10.1987,110.2161,0.7093,68.2269
W0007,7,95,overetch,725.5397,10.2732,110.3673,0.7332,68.2895
W0007,7,96,overetch,724.1756,10.2295,110.6977,0.7127,68.3296
W0007,7,97,overetch,720.5509,10.1724,108.9760,0.7482,68.2288
W0007,7,98,overetch,721.8533,10.2359,110.7773,0.7275,68.3260
W0007,7,99,overetch,719.7950,10.1199,111.8919,0.7358,68.3124
W0034,34,0,stabilize,684.4172,10.6363,122.7303,0.5556,63.5434
W0034,34,1,stabilize,681.9645,10.6396,123.2252,0.5492,63.4472
W0034,34,2,stabilize,682.4985,10.7597,122.0882,0.5522,63.6449
W0034,34,3,stabilize,677.9067,10.6980,122.7810,0.5545,63.6506
W0034,34,4,stabilize,684.5695,10.6160,123.3878,0.5526,63.7734
W0034,34,5,stabilize,680.0279,10.5895,121.7086,0.5531,63.6821
W0034,34,6,stabilize,677.6071,10.6138,121.7748,0.5527,63.5525
W0034,34,7,stabilize,679.7092,10.5810,124.0835,0.5417,63.7076
W0034,34,8,stabilize,680.9246,10.6479,121.0462,0.5479,63.6579
W0034,34,9,stabilize,680.9347,10.5449,120.8492,0.5714,63.6642
W0034,34,10,stabilize,681.3820,10.6110,121.9558,0.5651,63.7772
W0034,34,11,stabilize,680.9301,10.6641,122.9954,0.5847,63.5674
W0034,34,12,stabilize,674.9040,10.6530,122.0452,0.5528,63.6743
W0034,34,13,stabilize,680.3562,10.5707,121.5833,0.5861,63.7873
W0034,34,14,stabilize,679.1738,10.6101,122.1427,0.5534,63.6004
W0034,34,15,stabilize,676.3131,10.6007,121.5564,0.5813,63.6031
W0034,34,16,stabilize,680.9927,10.5976,122.3625,0.5715,63.3280
W0034,34,17,stabilize,676.4841,10.5824,122.3163,0.5748,63.5627
W0034,34,18,stabilize,683.9471,10.6629,122.6799,0.5809,63.5541
W0034,34,19,stabilize,684.5636,10.6640,123.7257,0.5735,63.9555
W0034,34,20,main_etch,758.2492,10.0678,121.9822,0.9209,64.1457
W0034,34,21,main_etch,762.0809,10.1102,123.1558,0.9226,63.7860
W0034,34,22,main_etch,759.1364,10.1322,122.1166,0.9500,63.8087
W0034,34,23,main_etch,759.6915,10.0671,121.8865,0.9396,64.2597
W0034,34,24,main_etch,757.5484,10.1151,122.7810,0.9675,64.1743
W0034,34,25,main_etch,757.2589,10.1882,122.0657,0.9559,64.2955
W0034,34,26,main_etch,759.3137,10.0902,122.4693,0.9445,64.1704
W0034,34,27,main_etch,757.8123,10.0698,122.7585,0.9432,64.0894
W0034,34,28,main_etch,758.7740,10.1274,123.4780,0.9592,64.2492
W0034,34,29,main_etch,755.2621,10.0860,122.2253,0.9699,64.3683
W0034,34,30,main_etch,760.4319,10.0990,123.0955,0.9677,64.5789
W0034,34,31,main_etch,758.3152,10.1044,121.5329,0.9727,64.2476
W0034,34,32,main_etch,755.4213,10.1274,122.8875,0.9699,64.4415
W0034,34,33,main_etch,759.6116,10.1090,122.0872,0.9764,64.1554
W0034,34,34,main_etch,758.9885,10.1409,121.7640,0.9659,64.1615
W0034,34,35,main_etch,757.9011,10.0756,123.7327,0.9892,64.2300
W0034,34,36,main_etch,757.2883,10.1344,122.4447,0.9842,64.0804
W0034,34,37,main_etch,754.4142,10.1699,122.7240,0.9877,64.2280
W0034,34,38,main_etch,755.7474,10.1434,122.5640,0.9912,64.3506
W0034,34,39,main_etch,754.1156,9.9822,122.7503,0.9926,64.1135
W0034,34,40,main_etch,751.6040,10.1082,123.3656,0.9877,64.0070
W0034,34,41,main_etch,755.1867,10.1262,121.6678,0.9978,64.3411
W0034,34,42,main_etch,755.9182,10.1588,121.5026,0.9987,64.1985
W0034,34,43,main_etch,759.3953,10.0559,122.5195,1.0140,64.1730
W0034,34,44,main_etch,754.0895,10.1211,121.5381,1.0415,64.2416
W0034,34,45,main_etch,755.5968,10.1019,122.4402,1.0220,64.2919
W0034,34,46,main_etch,756.4376,10.0714,123.0786,1.0219,64.2616
W0034,34,47,main_etch,755.5277,10.1522,122.5587,1.0324,64.2965
W0034,34,48,main_etch,756.8071,10.1622,124.4460,1.0330,64.2844
W0034,34,49,main_etch,760.7280,10.2536,122.6887,1.0375,64.3407
W0034,34,50,main_etch,756.6252,10.1632,122.0277,1.0519,64.2382
W0034,34,51,main_etch,755.6936,10.1428,122.7561,1.0296,64.2514
W0034,34,52,main_etch,757.2913,10.1338,122.5925,1.0374,64.4578
W0034,34,53,main_etch,759.6522,10.1054,123.2765,1.0550,64.4776
W0034,34,54,main_etch,761.5149,10.1707,122.3737,1.0315,64.2855
W0034,34,55,main_etch,755.5953,10.1605,122.5797,1.0596,64.1782
W0034,34,56,main_etch,757.2427,10.1174,124.0983,1.0325,63.9639
W0034,34,57,main_etch,757.3035,10.1005,122.0495,1.0596,64.0852
W0034,34,58,main_etch,755.7323,10.1288,123.1808,1.0488,64.2378
W0034,34,59,main_etch,757.6955,10.1128,122.6970,1.0826,64.0835
W0034,34,60,main_etch,753.4959,10.0778,122.8682,1.0750,64.3338
W0034,34,61,main_etch,756.3270,10.0783,122.0135,1.0692,64.3178
W0034,34,62,main_etch,754.1421,10.2115,121.8206,1.0710,64.2096
W0034,34,63,main_etch,757.4726,10.0756,122.9105,1.0765,64.0866
W0034,34,64,main_etch,754.0062,10.1514,122.4094,1.0510,64.1789
W0034,34,65,main_etch,758.7709,10.0352,122.2591,1.0851,64.2679
W0034,34,66,main_etch,757.7332,10.1094,123.6647,1.0857,64.2039
W0034,34,67,main_etch,759.0836,10.1720,121.3179,1.0658,64.3335
W0034,34,68,main_etch,756.8032,10.1195,121.7846,1.0803,64.0519
W0034,34,69,main_etch,752.4107,10.0776,123.7677,1.1008,64.3621
W0034,34,70,main_etch,757.1224,10.0914,123.4577,1.1067,64.3951
W0034,34,71,main_etch,755.2112,10.1394,122.7260,1.1026,64.5099
W0034,34,72,main_etch,758.5894,10.1699,122.6675,1.0978,64.4091
W0034,34,73,main_etch,746.9653,10.2085,123.0538,1.1049,64.0005
W0034,34,74,main_etch,752.5955,10.2285,122.2201,1.1060,64.3210
W0034,34,75,overetch,728.8648,9.9551,124.8278,0.7109,64.9661
W0034,34,76,overetch,727.3004,9.8745,124.7551,0.7282,64.9782
W0034,34,77,overetch,724.6033,9.9550,125.6625,0.7259,64.7472
W0034,34,78,overetch,724.8693,9.9059,125.2673,0.7155,64.7953
W0034,34,79,overetch,719.4350,9.8407,125.8062,0.7281,65.0121
W0034,34,80,overetch,723.3016,9.8724,125.6795,0.7257,64.8113
W0034,34,81,overetch,728.1381,9.8922,125.2985,0.7320,64.6726
W0034,34,82,overetch,723.5892,9.8794,123.5082,0.7388,64.9392
W0034,34,83,overetch,726.2907,9.8426,124.7534,0.7170,64.7277
W0034,34,84,overetch,728.1548,9.9331,124.8227,0.7261,64.8155
W0034,34,85,overetch,727.1004,9.9003,126.5043,0.7251,65.0536
W0034,34,86,overetch,723.0673,9.9585,123.8719,0.7425,64.8257
W0034,34,87,overetch,720.7578,9.8841,125.4498,0.7411,65.0134
W0034,34,88,overetch,724.3435,9.9062,124.4919,0.7555,64.9025
W0034,34,89,overetch,723.3916,9.9615,125.1370,0.7307,65.0511
W0034,34,90,overetch,730.7495,9.9767,124.7462,0.7208,65.0537
W0034,34,91,overetch,722.4857,9.9683,125.3999,0.7223,64.7691
W0034,34,92,overetch,728.5805,9.8876,125.8610,0.7455,64.9091
W0034,34,93,overetch,724.6888,9.8382,126.2846,0.7438,64.8351
W0034,34,94,overetch,724.9250,9.9720,123.8078,0.7570,65.0558
W0034,34,95,overetch,726.5341,9.9601,124.1223,0.7459,65.0077
W0034,34,96,overetch,725.6734,9.9085,126.0409,0.7326,64.9770
W0034,34,97,overetch,728.6435,9.9242,125.1972,0.7216,64.9516
W0034,34,98,overetch,727.8113,9.8805,125.4037,0.7644,64.8067
W0034,34,99,overetch,728.2084,9.8725,124.2170,0.7674,64.8974
W0068,68,0,stabilize,653.0037,10.8154,117.7289,0.5875,65.9807
W0068,68,1,stabilize,657.8140,10.7983,116.9356,0.5676,65.9317
W0068,68,2,stabilize,654.9135,10.8345,118.1100,0.5739,66.1626
W0068,68,3,stabilize,651.4014,10.8101,117.4225,0.5952,66.2099
W0068,68,4,stabilize,651.4827,10.7652,117.7291,0.5788,66.3091
W0068,68,5,stabilize,653.0449,10.8610,117.9178,0.5682,66.2072
W0068,68,6,stabilize,653.1349,10.8861,119.4257,0.5766,66.1346
W0068,68,7,stabilize,652.0686,10.8782,116.2464,0.5777,66.3030
W0068,68,8,stabilize,656.0553,10.8432,116.5863,0.5758,66.0965
W0068,68,9,stabilize,653.6439,10.8750,116.9367,0.5612,66.1941
W0068,68,10,stabilize,649.3717,10.7096,116.2443,0.5677,66.2873
W0068,68,11,stabilize,651.7020,10.7798,116.3044,0.5728,66.0900
W0068,68,12,stabilize,651.7485,10.8112,117.3352,0.5708,66.0165
W0068,68,13,stabilize,650.5706,10.8220,118.5466,0.5558,66.1726
W0068,68,14,stabilize,650.4904,10.8411,117.4537,0.5844,66.1987
W0068,68,15,stabilize,654.4700,10.7871,115.6756,0.5747,66.1318
W0068,68,16,stabilize,651.8069,10.8156,116.9358,0.5601,66.0526
W0068,68,17,stabilize,650.0486,10.8568,118.1886,0.5577,66.1730
W0068,68,18,stabilize,651.2010,10.8623,117.1184,0.5858,66.3478
W0068,68,19,stabilize,654.5517,10.8994,118.0735,0.5683,66.2443
W0068,68,20,main_etch,727.6443,10.2642,116.4111,1.0963,66.4627
W0068,68,21,main_etch,722.0563,10.3185,116.8854,1.0897,66.5597
W0068,68,22,main_etch,726.7903,10.3631,117.6924,1.0750,66.8381
W0068,68,23,main_etch,729.1511,10.3260,116.9783,1.0723,66.4821
W0068,68,24,main_etch,728.3489,10.2750,117.2357,1.0862,66.8079
W0068,68,25,main_etch,728.4483,10.3411,116.1379,1.0654,66.6349
W0068,68,26,main_etch,726.2687,10.3256,117.0747,1.0974,66.5090
W0068,68,27,main_etch,728.5494,10.3124,117.1007,1.0725,66.7507
W0068,68,28,main_etch,723.1213,10.3128,117.3688,1.0711,66.7409
W0068,68,29,main_etch,725.3075,10.2241,117.6206,1.0663,66.6566
W0068,68,30,main_etch,726.7787,10.3567,117.7987,1.0609,66.6762
W0068,68,31,main_etch,722.7123,10.2674,116.1295,1.0655,66.6443
W0068,68,32,main_etch,724.9387,10.3329,118.2716,1.0805,66.7674
W0068,68,33,main_etch,729.6576,10.2713,116.2747,1.0688,66.4665
W0068,68,34,main_etch,727.2722,10.3638,116.0622,1.0643,66.5800
W0068,68,35,main_etch,722.6469,10.2967,117.5958,1.0478,66.5710
W0068,68,36,main_etch,727.1072,10.3434,117.9082,1.0714,66.7470
W0068,68,37,main_etch,729.2032,10.3317,117.2197,1.0600,66.8405
W0068,68,38,main_etch,724.4694,10.3488,117.0926,1.0588,66.8297
W0068,68,39,main_etch,728.1683,10.3956,117.5380,1.0641,66.8156
W0068,68,40,main_etch,718.9732,10.3161,117.9532,1.0413,66.7241
W0068,68,41,main_etch,726.6044,10.2907,116.2825,1.0561,66.7924
W0068,68,42,main_etch,726.4647,10.2984,117.4516,1.0539,66.7859
W0068,68,43,main_etch,723.3192,10.3740,118.1207,1.0543,66.7563
W0068,68,44,main_etch,726.2179,10.3988,117.3015,1.0411,66.6984
W0068,68,45,main_etch,728.4278,10.3367,117.1379,1.0534,66.9997
W0068,68,46,main_etch,722.3049,10.3437,116.3536,1.0303,66.8101
W0068,68,47,main_etch,727.8952,10.4077,117.7773,1.0314,66.8507
W0068,68,48,main_etch,728.4990,10.3136,116.7912,1.0558,66.4390
W0068,68,49,main_etch,726.7584,10.3241,116.9390,1.0568,66.8875
W0068,68,50,main_etch,726.2399,10.2808,116.5619,1.0343,66.8985
W0068,68,51,main_etch,722.7811,10.3678,117.2078,1.0421,66.8586
W0068,68,52,main_etch,726.1528,10.2325,116.0636,1.0309,66.6446
W0068,68,53,main_etch,726.3706,10.3634,116.5021,1.0328,66.9428
W0068,68,54,main_etch,724.1507,10.3074,117.9238,1.0225,66.7479
W0068,68,55,main_etch,724.0493,10.3199,115.6045,1.0350,66.9795
W0068,68,56,main_etch,725.1079,10.3562,117.9770,1.0362,66.7468
W0068,68,57,main_etch,728.3769,10.3189,117.2918,1.0345,66.9692
W0068,68,58,main_etch,727.6536,10.3429,117.4924,1.0249,66.7417
W0068,68,59,main_etch,727.6423,10.2976,117.3707,1.0127,67.2102
W0068,68,60,main_etch,726.6467,10.3169,118.1043,1.0162,66.8605
W0068,68,61,main_etch,725.0703,10.3099,116.4440,1.0280,66.7061
W0068,68,62,main_etch,723.5110,10.3001,116.5334,1.0219,67.0479
W0068,68,63,main_etch,721.5618,10.4094,118.1003,1.0044,67.0515
W0068,68,64,main_etch,722.0510,10.2626,117.1906,1.0335,66.6270
W0068,68,65,main_etch,720.8689,10.3594,116.9270,1.0188,66.8626
W0068,68,66,main_etch,724.0647,10.4148,117.2419,1.0097,66.7397
W0068,68,67,main_etch,727.5675,10.3390,117.1657,1.0006,66.9089
W0068,68,68,main_etch,725.1107,10.3204,116.3924,1.0117,67.0120
W0068,68,69,main_etch,724.3477,10.3472,117.1900,1.0074,66.9860
W0068,68,70,main_etch,723.4586,10.3108,117.4993,0.9980,66.7352
W0068,68,71,main_etch,725.1921,10.3233,117.2902,0.9962,66.9103
W0068,68,72,main_etch,728.8882,10.3031,116.6803,0.9994,66.9329
W0068,68,73,main_etch,726.3534,10.3169,117.6459,0.9926,67.0277
W0068,68,74,main_etch,725.1536,10.3872,115.8959,0.9981,66.7467
W0068,68,75,overetch,696.1173,10.1830,121.1457,0.7647,67.4425
W0068,68,76,overetch,699.3285,10.1013,120.4849,0.7580,67.3763
W0068,68,77,overetch,699.2068,10.1547,119.4427,0.7405,67.6155
W0068,68,78,overetch,696.4987,10.1740,118.9424,0.7547,67.5337
W0068,68,79,overetch,696.1038,10.0026,119.6790,0.7515,67.2941
W0068,68,80,overetch,694.9376,10.1186,119.9048,0.7719,67.4932
W0068,68,81,overetch,695.7093,10.0230,120.3873,0.7500,67.2885
W0068,68,82,overetch,695.6055,10.1538,118.5836,0.7428,67.5870
W0068,68,83,overetch,699.6728,10.1478,119.4422,0.7445,67.4194
W0068,68,84,overetch,697.1667,10.1211,119.8002,0.7570,67.4574
W0068,68,85,overetch,696.0389,10.2046,119.1087,0.7419,67.5173
W0068,68,86,overetch,699.4668,10.1217,119.4352,0.7545,67.7538
W0068,68,87,overetch,696.8972,10.1011,119.6244,0.7662,67.0972
W0068,68,88,overetch,698.9304,10.1675,119.8826,0.7460,67.3735
W0068,68,89,overetch,698.9882,10.0997,120.1490,0.7408,67.5915
W0068,68,90,overetch,698.0245,10.1492,120.3443,0.7501,67.6419
W0068,68,91,overetch,694.1744,10.1329,120.0333,0.7394,67.3311
W0068,68,92,overetch,693.4286,10.1569,118.0335,0.7351,67.5927
W0068,68,93,overetch,702.2528,10.1790,119.5567,0.7492,67.3716
W0068,68,94,overetch,700.2246,10.1248,120.1896,0.7534,67.5879
W0068,68,95,overetch,693.4554,10.1692,120.8509,0.7413,67.6040
W0068,68,96,overetch,692.7633,10.1514,118.5633,0.7395,67.3222
W0068,68,97,overetch,694.8235,10.1515,120.3939,0.7409,67.3093
W0068,68,98,overetch,695.9332,10.1660,119.9772,0.7427,67.3143
W0068,68,99,overetch,695.9466,10.0525,119.9838,0.7466,67.3816
W0071,71,0,stabilize,670.3512,10.8897,117.3789,0.5864,64.4942
W0071,71,1,stabilize,671.4150,10.7657,118.9034,0.5535,64.6271
W0071,71,2,stabilize,668.5586,10.7891,116.3184,0.5636,64.4409
W0071,71,3,stabilize,668.6662,10.8024,117.0473,0.5604,64.6464
W0071,71,4,stabilize,668.9564,10.8258,118.6936,0.5760,64.8887
W0071,71,5,stabilize,671.0572,10.7388,118.7085,0.5856,64.7188
W0071,71,6,stabilize,671.7608,10.7974,117.2708,0.5670,64.6196
W0071,71,7,stabilize,669.5727,10.8688,116.8787,0.5738,64.7301
W0071,71,8,stabilize,672.2138,10.7767,117.6907,0.5858,64.6473
W0071,71,9,stabilize,664.7755,10.7792,116.7974,0.5718,64.6565
W0071,71,10,stabilize,666.1223,10.7898,117.3912,0.5825,64.6189
W0071,71,11,stabilize,669.1364,10.7801,117.3536,0.5631,64.6948
W0071,71,12,stabilize,662.1410,10.7548,116.0605,0.5621,64.5455
W0071,71,13,stabilize,664.4864,10.8232,117.8992,0.5748,64.7274
W0071,71,14,stabilize,667.0491,10.8040,116.9231,0.5673,64.6590
W0071,71,15,stabilize,667.7171,10.7998,118.2889,0.5671,64.6866
W0071,71,16,stabilize,667.5167,10.9012,115.5993,0.5684,64.7567
W0071,71,17,stabilize,664.6912,10.8293,117.1872,0.5657,64.6795
W0071,71,18,stabilize,665.3497,10.8169,116.8240,0.5603,64.4088
W0071,71,19,stabilize,670.1277,10.8679,117.4414,0.5600,64.7206
W0071,71,20,main_etch,741.2525,10.2020,117.8112,1.0915,65.1722
W0071,71,21,main_etch,738.9071,10.2558,117.4877,1.0704,65.2480
W0071,71,22,main_etch,744.0261,10.2794,116.4012,1.0896,65.3205
W0071,71,23,main_etch,744.5286,10.3526,115.9320,1.0780,65.4408
W0071,71,24,main_etch,744.8834,10.2123,117.9273,1.0812,65.0959
W0071,71,25,main_etch,739.9159,10.1955,116.6549,1.0826,65.2910
W0071,71,26,main_etch,737.8210,10.2139,116.3520,1.0838,65.1684
W0071,71,27,main_etch,740.9839,10.2513,118.7383,1.1033,65.3837
W0071,71,28,main_etch,740.3945,10.3892,117.9511,1.0652,65.3769
W0071,71,29,main_etch,744.9760,10.2659,117.7325,1.0714,65.1198
W0071,71,30,main_etch,743.4282,10.2715,117.3334,1.0762,65.3062
W0071,71,31,main_etch,742.7355,10.2513,115.4631,1.0648,65.5050
W0071,71,32,main_etch,745.3793,10.3664,117.5532,1.0685,65.1963
W0071,71,33,main_etch,741.1026,10.3723,118.3377,1.0699,65.1566
W0071,71,34,main_etch,741.2725,10.3115,116.4217,1.0595,65.1677
W0071,71,35,main_etch,745.6785,10.2500,117.5591,1.0516,65.1674
W0071,71,36,main_etch,744.4809,10.3153,117.6299,1.0608,65.3117
W0071,71,37,main_etch,739.8103,10.3382,118.6579,1.0548,64.9132
W0071,71,38,main_etch,740.8164,10.3210,116.2619,1.0590,65.2232
W0071,71,39,main_etch,740.3332,10.2748,117.1281,1.0602,65.2905
W0071,71,40,main_etch,743.0311,10.2808,116.8759,1.0598,65.2765
W0071,71,41,main_etch,740.0970,10.3268,117.6562,1.0436,65.2640
W0071,71,42,main_etch,741.3362,10.1697,116.7232,1.0506,65.2269
W0071,71,43,main_etch,743.9371,10.4273,117.5072,1.0372,65.1954
W0071,71,44,main_etch,740.2263,10.2733,117.9901,1.0343,65.4178
W0071,71,45,main_etch,741.0098,10.3171,117.6819,1.0256,65.3119
W0071,71,46,main_etch,739.4605,10.2870,116.5194,1.0288,65.1598
W0071,71,47,main_etch,743.5493,10.2860,117.4468,1.0515,65.6208
W0071,71,48,main_etch,743.3082,10.3886,116.2403,1.0301,65.3432
W0071,71,49,main_etch,742.8419,10.3065,116.9490,1.0217,65.3655
W0071,71,50,main_etch,743.2052,10.3606,117.1750,1.0200,65.3824
W0071,71,51,main_etch,743.3422,10.2593,116.3649,1.0362,65.3807
W0071,71,52,main_etch,745.3293,10.3400,118.4666,1.0272,65.0768
W0071,71,53,main_etch,738.9684,10.3171,117.4699,1.0219,65.5117
W0071,71,54,main_etch,736.4623,10.3153,116.9613,1.0314,65.2540
W0071,71,55,main_etch,742.7890,10.3225,116.1863,1.0306,65.0894
W0071,71,56,main_etch,743.0765,10.3473,116.8830,1.0361,65.0739
W0071,71,57,main_etch,741.1844,10.2839,117.7498,1.0279,65.2302
W0071,71,58,main_etch,743.3479,10.2350,117.8363,1.0387,65.5689
W0071,71,59,main_etch,742.6211,10.3848,117.4636,1.0286,65.3283
W0071,71,60,main_etch,741.9749,10.2705,116.8277,1.0252,65.3463
W0071,71,61,main_etch,744.7383,10.3092,115.6734,1.0175,65.6890
W0071,71,62,main_etch,744.5387,10.2566,116.4588,1.0237,65.4087
W0071,71,63,main_etch,743.5362,10.3791,116.5177,0.9927,65.4457
W0071,71,64,main_etch,741.4378,10.2544,116.2871,0.9960,65.2780
W0071,71,65,main_etch,741.9013,10.2520,118.2155,1.0140,65.2402
W0071,71,66,main_etch,738.7798,10.3289,116.6899,1.0089,65.3656
W0071,71,67,main_etch,745.0161,10.2780,117.8586,1.0190,65.3118
W0071,71,68,main_etch,742.8758,10.2822,117.0113,0.9918,65.5229
W0071,71,69,main_etch,741.9001,10.2839,116.6784,0.9845,65.2747
W0071,71,70,main_etch,742.8647,10.2261,117.5533,1.0020,65.3596
W0071,71,71,main_etch,738.3276,10.2378,117.9046,0.9998,65.2436
W0071,71,72,main_etch,741.1252,10.3058,117.0031,0.9858,65.0814
W0071,71,73,main_etch,744.3791,10.2640,116.8868,0.9846,65.2387
W0071,71,74,main_etch,740.4596,10.3499,118.2249,0.9942,65.1095
W0071,71,75,overetch,714.4696,10.1199,117.6877,0.7528,65.7943
W0071,71,76,overetch,713.3224,10.1649,118.8007,0.7638,66.0821
W0071,71,77,overetch,712.0999,10.0805,119.9329,0.7471,65.7371
W0071,71,78,overetch,712.6417,10.0923,117.9095,0.7666,66.1231
W0071,71,79,overetch,713.5815,10.1646,119.8665,0.7557,65.9896
W0071,71,80,overetch,712.9886,10.0901,119.2104,0.7533,65.9421
W0071,71,81,overetch,710.8489,10.1084,118.9812,0.7471,65.8911
W0071,71,82,overetch,713.6128,10.0512,119.5664,0.7606,65.6317
W0071,71,83,overetch,712.6811,10.0675,118.9414,0.7465,66.0268
W0071,71,84,overetch,710.2121,10.0313,119.9014,0.7647,65.9931
W0071,71,85,overetch,713.2956,10.1366,118.7142,0.7503,66.0063
W0071,71,86,overetch,710.9198,10.1817,119.4981,0.7450,65.7661
W0071,71,87,overetch,711.9839,10.1082,118.9963,0.7503,66.1074
W0071,71,88,overetch,708.5967,10.0372,118.9996,0.7438,66.1853
W0071,71,89,overetch,714.8096,10.0752,120.2461,0.7276,66.0241
W0071,71,90,overetch,712.7799,10.0693,120.7025,0.7463,66.0751
W0071,71,91,overetch,708.5770,10.1047,119.7679,0.7373,65.9784
W0071,71,92,overetch,709.3865,10.0715,119.5792,0.7316,65.9661
W0071,71,93,overetch,713.6983,10.1636,119.8202,0.7368,65.9885
W0071,71,94,overetch,712.8790,10.1188,119.0921,0.7487,65.9481
W0071,71,95,overetch,713.0991,10.1366,120.4624,0.7394,66.1505
W0071,71,96,overetch,714.2900,10.1831,119.4734,0.7296,65.7156
W0071,71,97,overetch,714.5497,10.0608,118.7293,0.7489,66.1212
W0071,71,98,overetch,713.4942,10.1299,118.4030,0.7382,65.8635
W0071,71,99,overetch,712.2463,10.1349,119.6749,0.7316,65.9799
W0076,76,0,stabilize,668.5480,10.7049,118.2445,0.6121,64.0058
W0076,76,1,stabilize,671.7232,10.6809,119.5137,0.5978,63.8548
W0076,76,2,stabilize,665.5340,10.6573,121.1270,0.5954,63.7612
W0076,76,3,stabilize,669.9423,10.6750,119.7687,0.6028,63.7543
W0076,76,4,stabilize,669.1910,10.7311,119.6700,0.5697,63.6821
W0076,76,5,stabilize,666.1909,10.6462,120.6731,0.5951,63.6500
W0076,76,6,stabilize,667.6955,10.6984,120.3551,0.5842,63.5539
W0076,76,7,stabilize,667.4811,10.6019,121.8930,0.5898,63.5352
W0076,76,8,stabilize,668.7696,10.7553,119.7011,0.5751,63.7319
W0076,76,9,stabilize,666.8251,10.8058,120.0245,0.5505,63.6947
W0076,76,10,stabilize,667.1233,10.7344,119.7814,0.5735,63.8551
W0076,76,11,stabilize,668.5672,10.5944,120.0664,0.5600,63.7464
W0076,76,12,stabilize,665.7804,10.6896,120.7798,0.5655,63.8956
W0076,76,13,stabilize,663.8194,10.6763,119.6590,0.5859,63.6220
W0076,76,14,stabilize,668.2429,10.7553,118.9040,0.5627,63.5581
W0076,76,15,stabilize,664.0484,10.7230,121.6809,0.5391,63.7206
W0076,76,16,stabilize,667.7827,10.7200,119.2139,0.5388,64.0747
W0076,76,17,stabilize,671.1141,10.7461,119.1573,0.5627,64.0840
W0076,76,18,stabilize,667.5455,10.7097,120.0664,0.5500,63.6420
W0076,76,19,stabilize,669.5213,10.7234,119.6458,0.5534,63.6198
W0076,76,20,main_etch,742.1644,10.2256,118.5985,1.2123,64.1805
W0076,76,21,main_etch,741.9884,10.1594,121.0564,1.2201,64.4185
W0076,76,22,main_etch,742.2423,10.1920,121.6822,1.2187,64.2321
W0076,76,23,main_etch,745.7024,10.1954,119.9987,1.2094,64.1183
W0076,76,24,main_etch,742.0882,10.1302,119.7838,1.2094,64.2607
W0076,76,25,main_etch,742.3607,10.2524,119.9747,1.1794,64.1232
W0076,76,26,main_etch,741.0905,10.2556,120.6005,1.1809,64.1016
W0076,76,27,main_etch,743.0875,10.2352,120.6238,1.1847,64.3546
W0076,76,28,main_etch,744.2891,10.3105,119.2518,1.1731,64.2228
W0076,76,29,main_etch,741.3280,10.2160,119.5012,1.1621,64.4905
W0076,76,30,main_etch,743.1685,10.2127,120.8566,1.1583,64.5207
W0076,76,31,main_etch,741.1502,10.2125,119.6449,1.1590,64.4066
W0076,76,32,main_etch,742.3038,10.2838,119.9163,1.1491,64.4974
W0076,76,33,main_etch,746.9249,10.1474,119.7731,1.1194,64.4384
W0076,76,34,main_etch,740.5626,10.3075,119.7092,1.1141,64.3712
W0076,76,35,main_etch,741.6091,10.2471,120.0677,1.1349,64.4175
W0076,76,36,main_etch,738.6859,10.2743,121.0685,1.1029,64.3438
W0076,76,37,main_etch,741.9380,10.2131,119.1818,1.1228,64.4840
W0076,76,38,main_etch,749.0203,10.1258,119.0798,1.0959,64.3947
W0076,76,39,main_etch,745.3011,10.1788,120.1602,1.0815,64.2950
W0076,76,40,main_etch,742.9295,10.1302,119.6611,1.0898,64.4594
W0076,76,41,main_etch,741.1878,10.2480,120.3999,1.0717,64.4924
W0076,76,42,main_etch,744.0977,10.2030,118.3150,1.0699,64.3891
W0076,76,43,main_etch,740.6766,10.1559,121.2971,1.0817,64.0918
W0076,76,44,main_etch,745.4481,10.2330,119.4793,1.0625,64.4451
W0076,76,45,main_etch,742.8399,10.2642,119.9997,1.0479,64.4308
W0076,76,46,main_etch,742.2214,10.1758,117.4140,1.0397,64.6378
W0076,76,47,main_etch,745.6689,10.1658,122.4078,1.0424,64.3219
W0076,76,48,main_etch,745.4316,10.1897,119.9618,1.0465,64.7213
W0076,76,49,main_etch,743.0090,10.2381,120.1598,1.0344,64.5069
W0076,76,50,main_etch,740.9544,10.1455,120.2365,1.0219,64.4748
W0076,76,51,main_etch,744.5774,10.1106,119.2722,1.0225,64.4275
W0076,76,52,main_etch,744.8280,10.1154,121.8512,1.0108,64.8424
W0076,76,53,main_etch,742.8798,10.1800,118.9732,1.0143,64.3192
W0076,76,54,main_etch,743.2033,10.1989,118.8417,1.0043,64.4243
W0076,76,55,main_etch,744.0324,10.1395,120.9872,0.9962,64.6690
W0076,76,56,main_etch,740.9060,10.0975,118.9209,0.9924,64.6528
W0076,76,57,main_etch,740.6794,10.2392,118.6067,0.9752,64.5228
W0076,76,58,main_etch,740.5116,10.1332,119.7185,0.9668,64.5092
W0076,76,59,main_etch,743.9943,10.2185,120.9045,0.9684,64.7299
W0076,76,60,main_etch,742.0016,10.2211,120.0370,0.9468,64.5396
W0076,76,61,main_etch,743.8687,10.2283,118.9946,0.9508,64.3930
W0076,76,62,main_etch,742.5045,10.1380,119.6045,0.9561,64.1808
W0076,76,63,main_etch,746.4492,10.1889,119.8363,0.9229,64.4318
W0076,76,64,main_etch,747.9531,10.1599,119.6309,0.9264,64.5875
W0076,76,65,main_etch,742.8757,10.2163,119.6736,0.9065,64.7904
W0076,76,66,main_etch,735.9307,10.1838,121.5800,0.9220,64.5818
W0076,76,67,main_etch,745.8593,10.1183,119.7227,0.9105,64.7805
W0076,76,68,main_etch,741.8810,10.2471,119.3665,0.9116,64.2812
W0076,76,69,main_etch,739.0432,10.2067,120.6455,0.9212,64.4858
W0076,76,70,main_etch,745.5716,10.2345,120.5079,0.8863,64.4902
W0076,76,71,main_etch,744.9731,10.1700,120.2796,0.8708,64.7693
W0076,76,72,main_etch,743.9334,10.1609,120.4100,0.8610,64.4515
W0076,76,73,main_etch,735.2587,10.2315,120.3810,0.8852,64.4968
W0076,76,74,main_etch,742.5952,10.1389,119.1338,0.8664,64.4769
W0076,76,75,overetch,710.5816,10.0304,120.9705,0.7831,65.0633
W0076,76,76,overetch,713.9978,9.8480,121.7338,0.7967,65.3193
W0076,76,77,overetch,709.8939,9.9622,121.1549,0.7877,65.1999
W0076,76,78,overetch,714.2121,9.9388,121.8607,0.7774,65.1389
W0076,76,79,overetch,716.0213,9.9849,122.2956,0.7732,65.0001
W0076,76,80,overetch,716.1199,10.0174,122.0037,0.7759,65.0067
W0076,76,81,overetch,709.3922,10.0340,123.2396,0.7638,65.0154
W0076,76,82,overetch,713.6328,9.9404,122.6049,0.7649,65.2833
W0076,76,83,overetch,713.4574,10.0053,122.2407,0.7594,64.9913
W0076,76,84,overetch,715.1935,10.0383,120.9831,0.7593,65.2380
W0076,76,85,overetch,712.5392,10.0203,121.9355,0.7540,65.0289
W0076,76,86,overetch,712.5725,10.0251,122.6328,0.7541,65.0192
W0076,76,87,overetch,711.6882,9.9848,123.3460,0.7697,65.2403
W0076,76,88,overetch,714.0886,9.9918,123.0995,0.7647,64.8856
W0076,76,89,overetch,714.3462,9.9041,123.1739,0.7573,65.0467
W0076,76,90,overetch,712.3382,10.0079,121.5192,0.7261,65.2572
W0076,76,91,overetch,711.2792,9.9552,121.6661,0.7314,65.1500
W0076,76,92,overetch,713.2942,9.9764,121.1552,0.7412,65.0458
W0076,76,93,overetch,716.2237,10.0213,123.3743,0.7319,65.0050
W0076,76,94,overetch,714.8260,9.9500,124.0881,0.7279,65.1529
W0076,76,95,overetch,710.3785,10.0034,121.5949,0.7124,64.9131
W0076,76,96,overetch,711.5932,9.9774,122.4955,0.7297,65.0580
W0076,76,97,overetch,712.7049,10.0469,123.8529,0.7045,64.9305
W0076,76,98,overetch,709.3456,9.9072,122.6531,0.7167,65.1617
W0076,76,99,overetch,710.5333,10.0375,123.3929,0.7052,64.8383
W0101,101,0,stabilize,671.7969,9.8423,111.9063,0.5436,65.9782
W0101,101,1,stabilize,668.8343,9.9117,111.6776,0.5415,65.6921
W0101,101,2,stabilize,671.0078,9.8113,111.8781,0.5367,65.7557
W0101,101,3,stabilize,673.1150,9.9050,110.8702,0.5493,65.7327
W0101,101,4,stabilize,673.7758,9.8489,110.4844,0.5294,65.5342
W0101,101,5,stabilize,675.8283,9.8622,112.0657,0.5471,65.5978
W0101,101,6,stabilize,669.7282,9.8694,109.7197,0.5379,65.4732
W0101,101,7,stabilize,678.4678,9.9250,111.3089,0.5319,65.6881
W0101,101,8,stabilize,674.7743,9.9835,110.4599,0.5297,65.8508
W0101,101,9,stabilize,673.4259,9.8168,110.6908,0.5295,65.6457
W0101,101,10,stabilize,676.0260,9.8674,110.5520,0.5257,65.5480
W0101,101,11,stabilize,673.6153,9.7727,112.8635,0.5282,65.8744
W0101,101,12,stabilize,676.7259,9.9847,112.5531,0.5315,65.8599
W0101,101,13,stabilize,673.4383,9.7321,110.9561,0.5191,65.7141
W0101,101,14,stabilize,673.0592,9.8344,112.5774,0.5525,65.8388
W0101,101,15,stabilize,673.8858,9.7493,111.5610,0.5262,65.7114
W0101,101,16,stabilize,674.7056,9.9241,112.1452,0.5515,65.7688
W0101,101,17,stabilize,673.0341,9.8808,110.5402,0.5347,65.5828
W0101,101,18,stabilize,669.8596,9.9089,111.1856,0.5283,65.2409
W0101,101,19,stabilize,670.4479,9.9294,112.2722,0.5127,65.5767
W0101,101,20,main_etch,747.8236,9.3645,112.2818,1.0168,66.2359
W0101,101,21,main_etch,746.5363,9.4726,110.8405,1.0276,66.1188
W0101,101,22,main_etch,748.2910,9.3576,110.3035,0.9966,65.8396
W0101,101,23,main_etch,748.0611,9.4246,112.3466,1.0043,66.2792
W0101,101,24,main_etch,748.3837,9.4296,112.3230,1.0172,66.1519
W0101,101,25,main_etch,746.8916,9.4632,111.3897,1.0130,66.1320
W0101,101,26,main_etch,752.7224,9.4208,110.6056,0.9901,66.1161
W0101,101,27,main_etch,751.4220,9.3431,112.5288,0.9999,66.1230
W0101,101,28,main_etch,751.6370,9.3443,111.6263,0.9962,65.9175
W0101,101,29,main_etch,748.1533,9.3395,110.0758,0.9845,66.1878
W0101,101,30,main_etch,746.1203,9.2978,112.4679,0.9869,65.9484
W0101,101,31,main_etch,747.2442,9.3078,111.9721,1.0134,65.9384
W0101,101,32,main_etch,742.8548,9.2669,111.6407,0.9937,66.2467
W0101,101,33,main_etch,748.8881,9.4395,111.8799,1.0038,66.3567
W0101,101,34,main_etch,751.8530,9.4200,111.5791,0.9817,66.1548
W0101,101,35,main_etch,751.0549,9.4212,111.4754,0.9762,66.1651
W0101,101,36,main_etch,749.8938,9.3439,110.5403,0.9826,66.1180
W0101,101,37,main_etch,746.1743,9.3851,109.2298,0.9712,66.1846
W0101,101,38,main_etch,745.5049,9.3726,112.3086,0.9646,66.2032
W0101,101,39,main_etch,748.8716,9.3832,110.4699,0.9769,66.2716
W0101,101,40,main_etch,749.1941,9.4120,111.2116,0.9597,66.3327
W0101,101,41,main_etch,748.1551,9.4128,109.8296,0.9635,65.9436
W0101,101,42,main_etch,749.5788,9.4219,111.3102,0.9766,66.2229
W0101,101,43,main_etch,748.6066,9.4129,110.5992,0.9823,66.3963
W0101,101,44,main_etch,750.7875,9.4133,110.9849,0.9645,66.3344
W0101,101,45,main_etch,748.7823,9.3445,111.7072,0.9724,66.1612
W0101,101,46,main_etch,751.5860,9.4425,111.6337,0.9560,66.3143
W0101,101,47,main_etch,746.7447,9.4097,110.9039,0.9708,66.1029
W0101,101,48,main_etch,752.1661,9.3552,110.5298,0.9604,66.2874
W0101,101,49,main_etch,748.3776,9.3590,113.2912,0.9424,66.2616
W0101,101,50,main_etch,750.1264,9.4209,111.6652,0.9622,66.1517
W0101,101,51,main_etch,749.9780,9.4012,110.8774,0.9598,66.3594
W0101,101,52,main_etch,750.1985,9.3860,111.4248,0.9585,66.1036
W0101,101,53,main_etch,749.4345,9.4302,112.0622,0.9769,66.4809
W0101,101,54,main_etch,747.7835,9.2973,110.5457,0.9484,66.2909
W0101,101,55,main_etch,746.2123,9.3101,111.5555,0.9518,66.4343
W0101,101,56,main_etch,752.5211,9.4354,110.5531,0.9655,66.5029
W0101,101,57,main_etch,745.3649,9.3925,111.3376,0.9527,66.5566
W0101,101,58,main_etch,752.2119,9.5133,110.3767,0.9436,66.2922
W0101,101,59,main_etch,749.8772,9.3444,111.9593,0.9485,66.4907
W0101,101,60,main_etch,752.1289,9.3463,111.5346,0.9339,66.3065
W0101,101,61,main_etch,749.9515,9.3844,111.4567,0.9514,66.3603
W0101,101,62,main_etch,750.9145,9.3238,112.0522,0.9553,66.4437
W0101,101,63,main_etch,749.6508,9.3301,110.7254,0.9418,66.3298
W0101,101,64,main_etch,747.5272,9.4099,112.9516,0.9467,66.5116
W0101,101,65,main_etch,751.7701,9.4082,111.9899,0.9550,66.3575
W0101,101,66,main_etch,750.8023,9.3714,110.8297,0.9206,66.1585
W0101,101,67,main_etch,746.4885,9.3751,111.4624,0.9285,66.5225
W0101,101,68,main_etch,748.3166,9.3751,112.0159,0.9426,66.4887
W0101,101,69,main_etch,742.6409,9.3076,111.8647,0.9438,66.3901
W0101,101,70,main_etch,753.2551,9.4154,111.8099,0.9254,66.1759
W0101,101,71,main_etch,749.6181,9.2967,112.3198,0.9181,66.1407
W0101,101,72,main_etch,750.6734,9.2787,110.2373,0.9418,66.4582
W0101,101,73,main_etch,755.2077,9.3567,111.1309,0.9154,66.1079
W0101,101,74,main_etch,750.6644,9.4583,110.2099,0.9075,66.5112
W0101,101,75,overetch,719.9639,9.1901,114.8716,0.7049,66.7341
W0101,101,76,overetch,718.4532,9.2754,113.2593,0.7032,66.8293
W0101,101,77,overetch,718.2860,9.1455,113.9955,0.6939,67.0770
W0101,101,78,overetch,722.2519,9.1301,112.1035,0.7050,66.8881
W0101,101,79,overetch,717.0705,9.0226,115.2420,0.7026,67.0208
W0101,101,80,overetch,715.3022,9.1941,113.6987,0.6944,66.9091
W0101,101,81,overetch,720.1220,9.2261,113.8083,0.6952,66.8543
W0101,101,82,overetch,721.7508,9.2393,113.6354,0.6956,66.9383
W0101,101,83,overetch,717.9785,9.2224,112.8379,0.6890,67.1793
W0101,101,84,overetch,719.8796,9.2109,114.1898,0.6997,67.2318
W0101,101,85,overetch,717.1261,9.1228,112.6806,0.7013,67.2296
W0101,101,86,overetch,717.7989,9.2376,113.0588,0.6923,66.9845
W0101,101,87,overetch,717.1761,9.1949,113.4578,0.6792,66.8849
W0101,101,88,overetch,718.9848,9.1902,112.1759,0.7033,67.0148
W0101,101,89,overetch,715.5405,9.3006,113.7421,0.6955,67.0435
W0101,101,90,overetch,722.2611,9.1562,113.7067,0.6965,66.7990
W0101,101,91,overetch,724.8301,9.2386,111.8584,0.6910,67.1679
W0101,101,92,overetch,716.1442,9.1676,113.4280,0.7031,67.1310
W0101,101,93,overetch,720.6179,9.1437,114.3625,0.7024,66.6576
W0101,101,94,overetch,717.8345,9.1362,113.4536,0.6867,66.9467
W0101,101,95,overetch,719.6242,9.2144,112.7806,0.7021,66.9450
W0101,101,96,overetch,716.4258,9.2179,114.2002,0.6736,66.8886
W0101,101,97,overetch,720.6903,9.2348,113.3563,0.6813,67.2042
W0101,101,98,overetch,719.1420,9.1091,113.3459,0.6911,67.1085
W0101,101,99,overetch,719.8541,9.1877,112.8228,0.6983,66.7900
W0124,124,0,stabilize,679.6386,9.7050,109.3842,0.5451,65.8963
W0124,124,1,stabilize,680.9857,9.7597,110.3182,0.5073,65.9581
W0124,124,2,stabilize,679.1023,9.6904,110.1983,0.5179,66.1715
W0124,124,3,stabilize,678.5142,9.6623,109.7045,0.5155,66.4775
W0124,124,4,stabilize,681.9781,9.6769,109.9186,0.5243,66.4185
W0124,124,5,stabilize,678.7629,9.6363,110.8862,0.5104,66.0952
W0124,124,6,stabilize,680.6385,9.6155,109.5547,0.4973,66.1761
W0124,124,7,stabilize,677.6453,9.7239,109.5661,0.5152,66.0205
W0124,124,8,stabilize,681.9321,9.6464,110.2405,0.5045,65.9224
W0124,124,9,stabilize,685.1027,9.6319,109.2734,0.5082,66.1199
W0124,124,10,stabilize,679.4367,9.5999,110.4765,0.5077,65.7283
W0124,124,11,stabilize,684.5811,9.6706,108.5385,0.5127,65.9389
W0124,124,12,stabilize,680.5820,9.6720,109.6452,0.5024,66.4568
W0124,124,13,stabilize,678.4833,9.7641,109.3567,0.5079,66.0170
W0124,124,14,stabilize,680.1476,9.6961,111.4642,0.4967,66.1281
W0124,124,15,stabilize,685.9417,9.7065,109.5728,0.4731,66.1984
W0124,124,16,stabilize,682.7887,9.6449,107.5911,0.5003,66.2831
W0124,124,17,stabilize,680.3733,9.6290,109.4056,0.4940,66.2644
W0124,124,18,stabilize,682.1275,9.6737,109.7147,0.4885,66.1340
W0124,124,19,stabilize,681.2858,9.6727,109.5640,0.4930,66.0914
W0124,124,20,main_etch,755.4876,9.1330,109.6437,1.0271,66.7409
W0124,124,21,main_etch,753.0811,9.2304,109.1217,1.0156,66.7449
W0124,124,22,main_etch,754.6727,9.2669,109.8030,0.9948,66.4704
W0124,124,23,main_etch,754.7522,9.2091,109.7079,1.0282,66.3956
W0124,124,24,main_etch,754.4508,9.1765,110.5746,1.0043,66.8188
W0124,124,25,main_etch,757.9764,9.2276,109.4862,0.9951,66.6511
W0124,124,26,main_etch,759.4284,9.1697,110.5277,1.0189,66.6499
W0124,124,27,main_etch,754.9463,9.1630,109.8055,0.9988,66.5393
W0124,124,28,main_etch,757.1654,9.2482,110.2464,0.9990,66.8475
W0124,124,29,main_etch,758.1357,9.2255,108.6484,0.9827,66.4681
W0124,124,30,main_etch,759.0958,9.2287,109.5968,0.9865,66.6660
W0124,124,31,main_etch,756.6599,9.1952,109.3580,0.9930,66.6350
W0124,124,32,main_etch,754.5609,9.1912,108.6584,0.9679,66.3469
W0124,124,33,main_etch,761.1028,9.1764,108.4928,0.9724,66.7555
W0124,124,34,main_etch,757.7124,9.2350,109.0621,0.9647,66.5169
W0124,124,35,main_etch,760.5857,9.3407,109.6436,0.9684,66.6855
W0124,124,36,main_etch,759.1082,9.1873,110.5949,0.9565,66.6617
W0124,124,37,main_etch,753.7756,9.1456,108.8186,0.9418,66.8677
W0124,124,38,main_etch,758.5906,9.2854,109.1235,0.9536,66.6756
W0124,124,39,main_etch,755.6822,9.2433,109.6285,0.9363,66.8322
W0124,124,40,main_etch,754.3505,9.2345,109.7778,0.9590,66.7548
W0124,124,41,main_etch,758.0767,9.2254,110.4752,0.9328,66.7842
W0124,124,42,main_etch,762.0990,9.1596,108.6400,0.9331,66.9016
W0124,124,43,main_etch,755.2533,9.2150,110.9788,0.9380,66.5884
W0124,124,44,main_etch,753.3694,9.1479,108.0608,0.9314,66.7370
W0124,124,45,main_etch,756.3276,9.1964,110.5233,0.9281,66.9143
W0124,124,46,main_etch,755.5646,9.1817,108.2581,0.9255,66.7824
W0124,124,47,main_etch,756.5353,9.2140,111.1814,0.9075,66.8116
W0124,124,48,main_etch,753.5526,9.1814,109.7926,0.9078,66.9382
W0124,124,49,main_etch,756.8175,9.1655,109.2680,0.9109,67.0820
W0124,124,50,main_etch,760.4672,9.2679,111.2336,0.9066,66.6790
W0124,124,51,main_etch,756.1032,9.1688,109.3124,0.9045,66.9638
W0124,124,52,main_etch,755.5349,9.2518,110.9102,0.9275,66.8124
W0124,124,53,main_etch,756.9567,9.1303,109.5527,0.8878,66.7685
W0124,124,54,main_etch,755.8684,9.1266,109.1747,0.8980,66.6899
W0124,124,55,main_etch,752.3955,9.2347,109.7483,0.8785,66.9584
W0124,124,56,main_etch,755.0481,9.2840,109.2392,0.8787,67.0279
W0124,124,57,main_etch,758.4141,9.1795,109.7171,0.8862,67.1199
W0124,124,58,main_etch,755.9011,9.2311,110.1845,0.8800,67.0358
W0124,124,59,main_etch,754.2898,9.1622,109.3832,0.8904,67.0363
W0124,124,60,main_etch,755.2695,9.2405,109.7181,0.8817,67.0045
W0124,124,61,main_etch,759.1422,9.2579,108.9153,0.8659,66.8286
W0124,124,62,main_etch,752.8884,9.1930,110.1995,0.8734,66.9040
W0124,124,63,main_etch,750.8949,9.2113,110.8537,0.8546,66.7740
W0124,124,64,main_etch,756.4621,9.1535,109.1213,0.8453,67.1147
W0124,124,65,main_etch,751.6573,9.1515,110.5739,0.8697,67.1118
W0124,124,66,main_etch,757.9399,9.2495,110.4109,0.8484,66.6967
W0124,124,67,main_etch,757.3069,9.1582,109.5063,0.8676,66.9897
W0124,124,68,main_etch,756.6679,9.3181,110.0634,0.8498,66.6402
W0124,124,69,main_etch,756.5829,9.2102,110.3997,0.8300,66.8052
W0124,124,70,main_etch,757.1753,9.1621,109.5890,0.8335,67.3137
W0124,124,71,main_etch,761.4697,9.2867,110.1696,0.8426,66.9305
W0124,124,72,main_etch,757.1389,9.2507,109.9505,0.8319,66.6330
W0124,124,73,main_etch,757.1127,9.2999,108.5210,0.8237,66.8602
W0124,124,74,main_etch,754.4248,9.2118,110.8744,0.7992,66.8740
W0124,124,75,overetch,723.7513,9.0815,111.5026,0.6725,67.5055
W0124,124,76,overetch,720.8053,9.0293,111.8210,0.7022,67.6174
W0124,124,77,overetch,726.0600,9.0301,111.8165,0.6725,67.2478
W0124,124,78,overetch,723.5665,9.0357,112.8141,0.6802,67.3341
W0124,124,79,overetch,724.4115,9.0320,113.0359,0.6864,67.2063
W0124,124,80,overetch,731.9336,9.0729,112.6204,0.6761,67.6761
W0124,124,81,overetch,725.0134,9.1039,112.4620,0.6843,67.2286
W0124,124,82,overetch,726.0970,9.0322,111.6241,0.6707,67.3236
W0124,124,83,overetch,729.1430,9.0251,113.4932,0.6576,67.4693
W0124,124,84,overetch,725.6126,9.0797,112.0564,0.6742,67.3208
W0124,124,85,overetch,725.6603,9.0667,110.9972,0.6503,67.7294
W0124,124,86,overetch,724.1554,9.0330,112.3202,0.6647,67.5893
W0124,124,87,overetch,725.3180,9.0501,111.4014,0.6700,67.3902
W0124,124,88,overetch,723.9692,9.0087,111.2874,0.6547,67.6677
W0124,124,89,overetch,727.1630,9.0133,111.3687,0.6700,67.5345
W0124,124,90,overetch,725.2440,8.9606,112.0266,0.6633,67.4044
W0124,124,91,overetch,728.4132,9.0521,112.6662,0.6770,67.4553
W0124,124,92,overetch,725.3983,8.9749,112.5078,0.6398,67.5471
W0124,124,93,overetch,729.8463,9.0115,112.5213,0.6595,67.4828
W0124,124,94,overetch,724.3874,8.9975,112.9540,0.6407,67.4404
W0124,124,95,overetch,721.3559,9.0461,112.9027,0.6522,67.4789
W0124,124,96,overetch,728.3373,8.9888,110.5715,0.6341,67.2638
W0124,124,97,overetch,723.1400,8.9698,111.1321,0.6383,67.3971
W0124,124,98,overetch,728.4664,9.0634,111.3873,0.6319,67.6200
W0124,124,99,overetch,723.9004,9.0331,113.0090,0.6349,67.6591
W0126,126,0,stabilize,670.2675,10.4060,115.3015,0.5753,67.0822
W0126,126,1,stabilize,678.0356,10.2049,114.8597,0.5716,66.9373
W0126,126,2,stabilize,675.5651,10.2868,113.9921,0.5820,67.1601
W0126,126,3,stabilize,673.2515,10.3043,114.7964,0.5806,67.0349
W0126,126,4,stabilize,675.2235,10.2588,116.4582,0.5691,67.1617
W0126,126,5,stabilize,674.8446,10.3058,114.4099,0.5676,67.1968
W0126,126,6,stabilize,679.4724,10.2687,114.0592,0.5783,66.8943
W0126,126,7,stabilize,680.4091,10.2245,117.4301,0.5603,67.0530
W0126,126,8,stabilize,671.2871,10.2826,115.2144,0.5853,67.2849
W0126,126,9,stabilize,678.4034,10.2387,114.1244,0.5666,67.1407
W0126,126,10,stabilize,673.3939,10.3307,116.0102,0.5744,66.9597
W0126,126,11,stabilize,679.6713,10.2218,116.5883,0.5660,67.1139
W0126,126,12,stabilize,678.7777,10.3071,114.8936,0.5854,67.1823
W0126,126,13,stabilize,678.5007,10.3190,114.3625,0.5928,67.0684
W0126,126,14,stabilize,677.3869,10.2729,114.2959,0.5563,67.1763
W0126,126,15,stabilize,672.3893,10.2702,115.6186,0.5706,66.8117
W0126,126,16,stabilize,681.0970,10.2220,115.4942,0.5782,67.1630
W0126,126,17,stabilize,674.2185,10.3267,113.9466,0.5800,67.1886
W0126,126,18,stabilize,676.6248,10.2046,115.0720,0.5876,67.0969
W0126,126,19,stabilize,681.0141,10.2400,116.5950,0.5751,66.8415
W0126,126,20,main_etch,752.5520,9.7356,114.9075,1.0477,67.8735
W0126,126,21,main_etch,751.5654,9.8376,116.5804,1.0364,67.5496
W0126,126,22,main_etch,749.6829,9.8221,114.4273,1.0345,67.4247
W0126,126,23,main_etch,749.5636,9.7806,115.4775,1.0322,67.6118
W0126,126,24,main_etch,756.1495,9.7696,115.5846,1.0340,67.4124
W0126,126,25,main_etch,751.5152,9.6806,115.2182,1.0298,67.6020
W0126,126,26,main_etch,747.8230,9.7535,115.5462,1.0395,67.3012
W0126,126,27,main_etch,748.9952,9.8003,115.5436,1.0297,67.4296
W0126,126,28,main_etch,753.8019,9.8110,114.2701,1.0337,67.6684
W0126,126,29,main_etch,754.7306,9.7529,114.2647,1.0188,67.6865
W0126,126,30,main_etch,755.0308,9.8199,114.3990,1.0481,67.7794
W0126,126,31,main_etch,755.8361,9.7990,114.5641,1.0391,67.6352
W0126,126,32,main_etch,754.9326,9.7737,114.9658,1.0348,67.6479
W0126,126,33,main_etch,752.8937,9.8623,114.8018,1.0373,67.8220
W0126,126,34,main_etch,752.4297,9.7942,115.7814,1.0548,67.6586
W0126,126,35,main_etch,749.3133,9.7689,114.0489,1.0566,67.7643
W0126,126,36,main_etch,751.6872,9.7130,115.3870,1.0440,67.8155
W0126,126,37,main_etch,752.2130,9.8433,115.1440,1.0452,67.8973
W0126,126,38,main_etch,750.6128,9.7817,115.1074,1.0474,67.5898
W0126,126,39,main_etch,751.5251,9.8476,114.8002,1.0339,68.1255
W0126,126,40,main_etch,752.7217,9.7992,114.6396,1.0439,67.8005
W0126,126,41,main_etch,758.2699,9.8235,116.3184,1.0564,67.8197
W0126,126,42,main_etch,751.7083,9.7731,115.4990,1.0566,67.6179
W0126,126,43,main_etch,754.5886,9.7183,114.7130,1.0480,67.6935
W0126,126,44,main_etch,751.7664,9.6928,115.6832,1.0523,67.6163
W0126,126,45,main_etch,750.5095,9.8286,115.2608,1.0515,67.6647
W0126,126,46,main_etch,751.6168,9.8427,116.3950,1.0544,67.8751
W0126,126,47,main_etch,751.5633,9.6719,115.4790,1.0428,67.7407
W0126,126,48,main_etch,748.2600,9.8208,115.4372,1.0516,67.8552
W0126,126,49,main_etch,754.7669,9.7821,116.6126,1.0637,67.7863
W0126,126,50,main_etch,756.0665,9.7249,114.1559,1.0819,67.5849
W0126,126,51,main_etch,753.8009,9.7805,113.1884,1.0400,67.8152
W0126,126,52,main_etch,749.7152,9.8448,115.0590,1.0578,67.6319
W0126,126,53,main_etch,755.6837,9.7847,114.5895,1.0513,67.8928
W0126,126,54,main_etch,751.7658,9.8217,116.6137,1.0374,67.8266
W0126,126,55,main_etch,746.7805,9.7597,115.9380,1.0699,67.9572
W0126,126,56,main_etch,752.7232,9.7524,116.0862,1.0455,67.4191
W0126,126,57,main_etch,747.5020,9.8491,114.6816,1.0672,67.9611
W0126,126,58,main_etch,752.6355,9.7403,114.1731,1.0514,67.8694
W0126,126,59,main_etch,749.2139,9.8263,115.2196,1.0581,67.5166
W0126,126,60,main_etch,750.6744,9.7947,113.7722,1.0676,67.7144
W0126,126,61,main_etch,750.8313,9.7392,116.9294,1.0482,67.8002
W0126,126,62,main_etch,754.8273,9.8144,115.7716,1.0559,67.7893
W0126,126,63,main_etch,751.3256,9.7468,115.3031,1.0435,67.7719
W0126,126,64,main_etch,751.4837,9.7876,115.5568,1.0564,68.0792
W0126,126,65,main_etch,754.2632,9.8280,115.1121,1.0691,67.7240
W0126,126,66,main_etch,750.3362,9.8293,114.4495,1.0792,67.8387
W0126,126,67,main_etch,753.8390,9.7488,116.5062,1.0879,67.6791
W0126,126,68,main_etch,750.5231,9.7992,114.8059,1.0623,68.0148
W0126,126,69,main_etch,748.6692,9.8730,115.3777,1.0678,67.8459
W0126,126,70,main_etch,750.2864,9.6743,114.1074,1.0640,67.7783
W0126,126,71,main_etch,751.4935,9.7363,113.4985,1.0681,67.8538
W0126,126,72,main_etch,750.2992,9.7711,113.5623,1.0471,67.8476
W0126,126,73,main_etch,747.6075,9.7264,114.6627,1.0677,67.7938
W0126,126,74,main_etch,751.9998,9.8209,114.4009,1.0599,67.9313
W0126,126,75,overetch,723.7943,9.6015,118.4327,0.7636,68.3010
W0126,126,76,overetch,723.2664,9.5974,117.4873,0.7515,68.8243
W0126,126,77,overetch,725.1035,9.6392,118.3768,0.7371,68.3101
W0126,126,78,overetch,722.5743,9.5320,115.1519,0.7543,68.2515
W0126,126,79,overetch,716.5346,9.5360,118.1119,0.7590,68.5419
W0126,126,80,overetch,720.4944,9.5607,117.2390,0.7625,68.3859
W0126,126,81,overetch,719.9633,9.5352,116.8188,0.7308,68.5840
W0126,126,82,overetch,718.3588,9.5685,117.7276,0.7634,68.5554
W0126,126,83,overetch,721.3703,9.5448,117.7004,0.7627,68.4553
W0126,126,84,overetch,726.1620,9.5333,116.7828,0.7479,68.3791
W0126,126,85,overetch,723.3243,9.5657,117.9664,0.7603,68.2219
W0126,126,86,overetch,717.9026,9.5022,117.1749,0.7613,68.5106
W0126,126,87,overetch,722.6199,9.5757,116.0327,0.7464,68.2031
W0126,126,88,overetch,724.2374,9.6557,116.6909,0.7540,68.1680
W0126,126,89,overetch,717.6817,9.5655,118.2645,0.7636,68.6052
W0126,126,90,overetch,721.9674,9.4828,118.5821,0.7703,68.5118
W0126,126,91,overetch,721.5148,9.5116,116.8062,0.7672,68.4526
W0126,126,92,overetch,720.4395,9.5869,118.3271,0.7827,68.3701
W0126,126,93,overetch,723.4567,9.5704,117.5857,0.7397,68.2892
W0126,126,94,overetch,722.6842,9.6709,116.0934,0.7607,68.4779
W0126,126,95,overetch,726.5762,9.5323,116.4813,0.7680,68.4568
W0126,126,96,overetch,722.1258,9.5638,119.5801,0.7646,68.6688
W0126,126,97,overetch,720.6482,9.6100,117.4116,0.7461,68.5519
W0126,126,98,overetch,725.2813,9.5555,116.8106,0.7563,68.7248
W0126,126,99,overetch,722.3697,9.5600,118.2452,0.7692,68.5820
W0129,129,0,stabilize,678.1692,10.4928,114.5095,0.5713,66.1786
W0129,129,1,stabilize,680.5831,10.5201,114.9605,0.5771,66.2743
W0129,129,2,stabilize,676.3472,10.5159,115.0698,0.5730,66.2177
W0129,129,3,stabilize,682.5783,10.5570,114.8587,0.5734,66.1573
W0129,129,4,stabilize,676.5792,10.5015,115.3994,0.5533,66.2114
W0129,129,5,stabilize,678.5992,10.4611,115.8208,0.5784,66.2781
W0129,129,6,stabilize,678.6525,10.4556,115.3343,0.5446,66.0555
W0129,129,7,stabilize,678.9573,10.5310,116.3951,0.5533,66.1326
W0129,129,8,stabilize,681.4989,10.4077,116.1449,0.5629,66.3661
W0129,129,9,stabilize,680.8390,10.4398,114.7846,0.5584,66.4435
W0129,129,10,stabilize,677.0640,10.4328,114.4635,0.5651,66.2584
W0129,129,11,stabilize,675.9439,10.5223,113.9418,0.5495,66.4699
W0129,129,12,stabilize,675.6620,10.5352,114.4792,0.5606,66.3532
W0129,129,13,stabilize,680.1142,10.4649,115.4298,0.5632,66.2464
W0129,129,14,stabilize,682.6447,10.4437,114.4371,0.5515,66.2976
W0129,129,15,stabilize,675.1018,10.4783,115.7746,0.5600,66.5946
W0129,129,16,stabilize,679.2352,10.4986,113.6402,0.5621,66.3584
W0129,129,17,stabilize,676.0526,10.5069,114.6868,0.5615,66.3366
W0129,129,18,stabilize,681.1972,10.4944,116.6272,0.5492,66.0850
W0129,129,19,stabilize,676.7405,10.5245,113.8981,0.5575,66.5430
W0129,129,20,main_etch,750.4449,9.8977,114.1315,1.0336,66.8264
W0129,129,21,main_etch,751.0925,10.0078,113.4342,1.0356,66.6393
W0129,129,22,main_etch,754.7268,9.9825,115.1543,1.0383,66.5661
W0129,129,23,main_etch,749.6641,9.9413,115.5714,1.0437,66.7087
W0129,129,24,main_etch,753.4832,10.0443,114.1380,1.0230,66.4982
W0129,129,25,main_etch,755.7538,10.0019,115.6066,1.0533,66.9212
W0129,129,26,main_etch,753.7589,10.0283,115.9908,1.0332,66.7802
W0129,129,27,main_etch,757.7504,10.0199,113.4245,1.0421,66.8847
W0129,129,28,main_etch,753.3502,9.9795,115.1660,1.0519,66.7973
W0129,129,29,main_etch,753.7192,9.9842,115.0902,1.0277,67.0516
W0129,129,30,main_etch,751.2617,9.9478,116.0130,1.0179,66.5279
W0129,129,31,main_etch,750.4877,9.8869,113.8205,1.0411,66.6455
W0129,129,32,main_etch,754.5090,9.8999,115.4418,1.0580,66.8859
W0129,129,33,main_etch,754.4194,10.0206,114.9548,1.0336,66.6431
W0129,129,34,main_etch,754.7016,9.9740,113.9811,1.0400,66.8802
W0129,129,35,main_etch,756.0325,9.9258,114.5099,1.0240,66.9672
W0129,129,36,main_etch,749.9619,10.0070,114.7271,1.0307,66.7143
W0129,129,37,main_etch,750.6765,9.9810,116.0568,1.0344,66.8604
W0129,129,38,main_etch,755.2184,9.9690,113.5843,1.0429,66.7987
W0129,129,39,main_etch,753.9879,9.9538,115.2682,1.0122,66.8594
W0129,129,40,main_etch,752.7253,9.9801,115.3971,1.0280,66.9725
W0129,129,41,main_etch,757.1242,9.9910,114.6205,1.0321,66.8592
W0129,129,42,main_etch,756.1510,10.0353,115.0695,1.0361,66.8716
W0129,129,43,main_etch,748.4635,9.9989,115.1558,1.0305,67.0436
W0129,129,44,main_etch,755.9698,10.0186,114.7717,1.0206,67.0286
W0129,129,45,main_etch,752.7658,9.9183,116.1598,1.0343,66.6839
W0129,129,46,main_etch,752.0355,9.9424,115.9029,1.0284,66.8159
W0129,129,47,main_etch,753.1783,9.9567,115.9245,1.0360,66.8289
W0129,129,48,main_etch,756.4376,9.9638,113.6777,1.0466,66.9058
W0129,129,49,main_etch,755.1729,10.0537,114.7885,1.0012,66.9870
W0129,129,50,main_etch,752.3023,10.0862,114.8516,1.0255,67.0233
W0129,129,51,main_etch,747.7120,9.9074,115.0334,1.0614,66.9679
W0129,129,52,main_etch,750.7135,9.9142,113.5718,1.0282,66.8610
W0129,129,53,main_etch,753.2775,9.9974,114.3142,1.0209,66.8004
W0129,129,54,main_etch,750.7645,10.0362,114.5484,1.0058,67.1575
W0129,129,55,main_etch,754.2249,9.9909,113.9473,1.0116,66.5734
W0129,129,56,main_etch,752.2546,9.9014,114.5758,1.0287,66.9960
W0129,129,57,main_etch,752.8805,9.9625,114.8717,1.0040,67.3114
W0129,129,58,main_etch,754.6290,9.9474,116.0943,1.0239,66.9474
W0129,129,59,main_etch,754.2244,10.0569,114.8784,0.9990,66.9987
W0129,129,60,main_etch,754.8076,9.9894,115.0229,1.0133,66.8947
W0129,129,61,main_etch,755.2915,9.9582,115.4490,1.0094,67.0910
W0129,129,62,main_etch,751.7131,10.0375,114.8145,1.0090,66.9458
W0129,129,63,main_etch,753.8578,9.9526,112.7905,1.0282,67.0827
W0129,129,64,main_etch,753.0079,9.9252,114.7135,1.0200,67.0197
W0129,129,65,main_etch,757.7264,9.9122,114.7773,1.0149,67.0603
W0129,129,66,main_etch,753.8165,10.0020,115.2980,1.0200,66.9748
W0129,129,67,main_etch,755.2624,10.0154,114.5127,1.0244,67.1747
W0129,129,68,main_etch,754.9447,9.9569,115.6759,1.0248,66.9558
W0129,129,69,main_etch,751.9052,10.0022,114.0123,1.0298,67.1453
W0129,129,70,main_etch,750.6255,10.0684,115.4976,1.0218,66.8778
W0129,129,71,main_etch,754.5078,9.9297,115.2045,0.9964,66.9111
W0129,129,72,main_etch,753.5289,9.9720,115.5691,1.0178,66.8669
W0129,129,73,main_etch,754.3749,9.9813,115.1262,1.0221,67.1097
W0129,129,74,main_etch,749.7273,9.9948,114.0689,1.0094,67.0303
W0129,129,75,overetch,726.0543,9.8909,115.8372,0.7199,67.3798
W0129,129,76,overetch,722.8133,9.7265,117.3497,0.7468,67.7668
W0129,129,77,overetch,725.9526,9.8422,117.4194,0.7422,67.7265
W0129,129,78,overetch,721.9887,9.7476,117.9706,0.7336,67.6241
W0129,129,79,overetch,717.3722,9.8595,116.7648,0.7542,67.4679
W0129,129,80,overetch,718.5845,9.8279,117.8048,0.7187,67.7257
W0129,129,81,overetch,720.2504,9.7865,115.8468,0.7313,67.5040
W0129,129,82,overetch,725.4073,9.8388,117.4247,0.7314,67.7116
W0129,129,83,overetch,723.6056,9.7489,116.5393,0.7292,67.6551
W0129,129,84,overetch,724.6594,9.8384,114.8614,0.7403,67.5086
W0129,129,85,overetch,725.1092,9.7719,116.5617,0.7514,67.5775
W0129,129,86,overetch,721.9767,9.7828,116.8872,0.7288,67.5649
W0129,129,87,overetch,721.9812,9.7304,117.1958,0.7399,67.7082
W0129,129,88,overetch,727.3705,9.6880,117.0263,0.7315,67.4174
W0129,129,89,overetch,723.2897,9.9010,116.3779,0.7435,67.8908
W0129,129,90,overetch,725.9591,9.7743,118.4785,0.7315,67.5726
W0129,129,91,overetch,724.6313,9.7614,116.1989,0.7339,67.6623
W0129,129,92,overetch,728.8582,9.8388,117.5766,0.7358,67.5714
W0129,129,93,overetch,728.2931,9.7533,117.9316,0.7645,67.7707
W0129,129,94,overetch,723.4079,9.7978,117.0648,0.7434,67.5794
W0129,129,95,overetch,721.0514,9.7150,116.9035,0.7404,67.5834
W0129,129,96,overetch,724.6558,9.7397,117.8430,0.7540,67.5953
W0129,129,97,overetch,725.3568,9.6673,115.6980,0.7383,67.6621
W0129,129,98,overetch,721.7825,9.7586,118.0174,0.7276,67.5443
W0129,129,99,overetch,725.4233,9.8224,117.0507,0.7438,67.6182
W0132,132,0,stabilize,679.4123,10.3596,113.3159,0.5634,67.5817
W0132,132,1,stabilize,680.3360,10.4229,115.0633,0.5655,67.5054
W0132,132,2,stabilize,677.9111,10.3793,115.1418,0.5547,67.5598
W0132,132,3,stabilize,677.7196,10.3926,115.0774,0.5678,67.6437
W0132,132,4,stabilize,678.7090,10.3265,114.9724,0.5666,67.5669
W0132,132,5,stabilize,679.7780,10.3764,114.8723,0.5558,67.6764
W0132,132,6,stabilize,679.6302,10.3926,113.5084,0.5492,67.5316
W0132,132,7,stabilize,678.9542,10.4252,114.7494,0.5391,67.5503
W0132,132,8,stabilize,677.6123,10.3026,112.7635,0.5591,67.6779
W0132,132,9,stabilize,676.8948,10.4571,114.4495,0.5729,67.4261
W0132,132,10,stabilize,684.0866,10.3557,115.2033,0.5727,67.3331
W0132,132,11,stabilize,677.8752,10.3763,113.3700,0.5425,67.2747
W0132,132,12,stabilize,676.4850,10.4149,114.0163,0.5480,67.6522
W0132,132,13,stabilize,679.8098,10.4551,115.6462,0.5558,67.3427
W0132,132,14,stabilize,675.5139,10.4201,112.6603,0.5704,67.4976
W0132,132,15,stabilize,677.9831,10.3906,115.9656,0.5551,67.5866
W0132,132,16,stabilize,678.5902,10.4169,115.2121,0.5481,67.5669
W0132,132,17,stabilize,677.1497,10.3905,114.5208,0.5393,67.6008
W0132,132,18,stabilize,680.3220,10.4043,114.2881,0.5557,67.5909
W0132,132,19,stabilize,674.8569,10.3873,113.6995,0.5460,67.8543
W0132,132,20,main_etch,752.7447,9.9219,114.7184,1.0383,68.2337
W0132,132,21,main_etch,754.3450,9.8586,112.1379,1.0225,68.1638
W0132,132,22,main_etch,757.6180,9.9014,113.9757,1.0208,67.7995
W0132,132,23,main_etch,752.9453,9.8742,115.0121,1.0418,68.1283
W0132,132,24,main_etch,750.7112,9.9408,114.3084,1.0250,67.9969
W0132,132,25,main_etch,755.4639,9.9040,113.5913,1.0216,67.8965
W0132,132,26,main_etch,753.3466,9.8869,113.0839,1.0358,67.9764
W0132,132,27,main_etch,754.9566,9.9255,113.1887,1.0383,67.8185
W0132,132,28,main_etch,753.1522,9.8229,113.0221,1.0340,68.4025
W0132,132,29,main_etch,754.1621,10.0530,115.0520,1.0232,67.9826
W0132,132,30,main_etch,753.7523,9.9249,113.0244,1.0349,68.0576
W0132,132,31,main_etch,754.4020,9.9053,112.9400,1.0201,67.9128
W0132,132,32,main_etch,755.1759,9.9341,114.4144,1.0312,67.9821
W0132,132,33,main_etch,752.3742,9.8402,115.3252,1.0122,68.3981
W0132,132,34,main_etch,755.0747,9.9922,114.1504,1.0196,68.3742
W0132,132,35,main_etch,752.2142,9.9165,113.5034,1.0054,68.2726
W0132,132,36,main_etch,750.4391,9.8507,114.0499,1.0136,68.0278
W0132,132,37,main_etch,753.7114,9.8807,114.6807,1.0436,68.0731
W0132,132,38,main_etch,750.7725,9.9524,114.5207,1.0319,68.0560
W0132,132,39,main_etch,751.5043,9.9306,115.4816,1.0193,67.8028
W0132,132,40,main_etch,758.5928,9.9658,114.7735,1.0148,68.1154
W0132,132,41,main_etch,754.4916,9.8061,114.2960,1.0275,68.0154
W0132,132,42,main_etch,756.3994,9.9259,114.3470,1.0212,67.8557
W0132,132,43,main_etch,755.0991,9.8853,114.0353,1.0150,68.3412
W0132,132,44,main_etch,754.1175,9.8187,114.7661,1.0135,67.9022
W0132,132,45,main_etch,757.4206,9.8379,113.5602,1.0087,68.0010
W0132,132,46,main_etch,751.8132,9.9288,114.6177,1.0048,67.9969
W0132,132,47,main_etch,755.8531,9.8888,114.4873,0.9989,68.0572
W0132,132,48,main_etch,754.8055,9.8583,114.2944,1.0158,68.1185
W0132,132,49,main_etch,752.8102,9.8065,114.7033,0.9986,68.2490
W0132,132,50,main_etch,752.4537,9.9117,114.1644,1.0108,68.2672
W0132,132,51,main_etch,751.3248,9.9019,114.3160,0.9995,68.2317
W0132,132,52,main_etch,757.5942,9.8941,113.3343,0.9900,68.2056
W0132,132,53,main_etch,754.6359,9.8616,113.7621,0.9948,68.5843
W0132,132,54,main_etch,754.0408,9.9208,114.6531,1.0077,68.2768
W0132,132,55,main_etch,750.6878,10.0735,114.4998,1.0065,68.1654
W0132,132,56,main_etch,758.6237,9.9214,113.7261,0.9978,68.1306
W0132,132,57,main_etch,753.8008,9.8940,114.9360,0.9944,68.0610
W0132,132,58,main_etch,751.8676,9.9319,112.9632,0.9968,68.2931
W0132,132,59,main_etch,753.2021,9.8873,113.1329,0.9944,68.0221
W0132,132,60,main_etch,754.6672,9.8946,113.0373,0.9963,68.0644
W0132,132,61,main_etch,754.7941,9.8408,114.1676,1.0034,68.1849
W0132,132,62,main_etch,747.3388,9.8698,114.9189,0.9948,68.0380
W0132,132,63,main_etch,751.3336,9.8429,114.6542,0.9824,68.6050
W0132,132,64,main_etch,749.7248,9.9596,114.7915,0.9839,68.2248
W0132,132,65,main_etch,756.2681,9.9481,114.1739,0.9806,68.3702
W0132,132,66,main_etch,754.8739,9.8956,113.5574,0.9864,68.3460
W0132,132,67,main_etch,755.6750,9.9569,114.1665,1.0013,68.3201
W0132,132,68,main_etch,753.5314,9.8702,113.1901,1.0003,68.2386
W0132,132,69,main_etch,755.3986,9.8646,114.6822,0.9947,68.3520
W0132,132,70,main_etch,754.2942,9.9591,113.6477,0.9981,68.4408
W0132,132,71,main_etch,753.7784,9.8975,113.4925,0.9967,68.2150
W0132,132,72,main_etch,754.3167,9.9032,112.9100,0.9949,68.6356
W0132,132,73,main_etch,753.8348,9.9123,113.5765,0.9766,68.4952
W0132,132,74,main_etch,759.5869,9.9529,114.1362,0.9736,68.1011
W0132,132,75,overetch,720.8205,9.6519,117.1190,0.7239,69.0758
W0132,132,76,overetch,725.6234,9.6209,115.2920,0.7260,69.1153
W0132,132,77,overetch,720.5632,9.7301,117.1073,0.7355,68.6341
W0132,132,78,overetch,720.3867,9.6857,117.1726,0.7506,68.6963
W0132,132,79,overetch,723.4448,9.7005,116.5788,0.7338,68.6354
W0132,132,80,overetch,726.6383,9.6053,116.0341,0.7318,68.9047
W0132,132,81,overetch,724.3577,9.7080,115.8874,0.7276,68.7679
W0132,132,82,overetch,725.3055,9.7700,115.9194,0.7236,68.7234
W0132,132,83,overetch,721.8176,9.6313,117.1912,0.7361,68.9535
W0132,132,84,overetch,727.2765,9.6439,117.0554,0.7395,69.0101
W0132,132,85,overetch,720.9118,9.6885,116.7034,0.7114,68.8570
W0132,132,86,overetch,726.9622,9.6697,117.0224,0.7240,69.0293
W0132,132,87,overetch,723.6155,9.6991,115.6500,0.7216,68.7227
W0132,132,88,overetch,722.9112,9.6825,116.8380,0.7140,68.5475
W0132,132,89,overetch,718.2687,9.8006,116.3340,0.7190,69.0232
W0132,132,90,overetch,726.8486,9.6791,116.5575,0.7204,68.8184
W0132,132,91,overetch,721.1445,9.6965,116.7531,0.7257,68.7892
W0132,132,92,overetch,719.9268,9.7349,115.9902,0.7192,68.9742
W0132,132,93,overetch,724.9213,9.5962,115.1313,0.7393,68.7584
W0132,132,94,overetch,725.8603,9.7628,116.8352,0.7431,68.5529
W0132,132,95,overetch,724.2369,9.7310,116.9409,0.7276,68.9659
W0132,132,96,overetch,719.3979,9.6669,117.1528,0.7093,68.9692
W0132,132,97,overetch,725.9290,9.7019,116.9282,0.7466,68.9490
W0132,132,98,overetch,722.5124,9.6428,116.0736,0.7226,68.9604
W0132,132,99,overetch,720.5757,9.7086,117.4312,0.7273,68.9862
W0135,135,0,stabilize,669.9725,10.7214,114.1323,0.5505,71.0951
W0135,135,1,stabilize,666.4618,10.7508,112.9972,0.5585,70.8054
W0135,135,2,stabilize,668.1288,10.8117,114.3647,0.5378,70.9177
W0135,135,3,stabilize,663.5831,10.8288,114.2026,0.5634,71.1460
W0135,135,4,stabilize,670.3334,10.7847,114.3265,0.5588,71.2592
W0135,135,5,stabilize,666.7911,10.8768,114.1740,0.5432,70.8862
W0135,135,6,stabilize,662.6074,10.8057,114.2072,0.5518,71.0946
W0135,135,7,stabilize,665.3705,10.7711,113.6141,0.5394,70.7607
W0135,135,8,stabilize,665.4527,10.7103,114.1063,0.5571,71.1224
W0135,135,9,stabilize,668.4885,10.8077,113.2965,0.5419,70.9787
W0135,135,10,stabilize,673.2400,10.7754,113.8609,0.5289,71.0199
W0135,135,11,stabilize,668.9906,10.9175,116.2227,0.5345,70.8722
W0135,135,12,stabilize,665.0414,10.7688,116.0629,0.5252,71.1929
W0135,135,13,stabilize,662.0268,10.7861,114.9851,0.5387,70.9952
W0135,135,14,stabilize,665.6275,10.7850,115.3554,0.5370,71.1523
W0135,135,15,stabilize,665.8296,10.8337,114.9539,0.5428,70.9118
W0135,135,16,stabilize,671.7375,10.7330,114.8779,0.5407,70.9892
W0135,135,17,stabilize,665.4366,10.7654,114.2897,0.5285,70.8110
W0135,135,18,stabilize,666.3690,10.7111,114.4508,0.5401,71.2371
W0135,135,19,stabilize,668.2667,10.8132,115.3111,0.5373,71.0912
W0135,135,20,main_etch,738.4405,10.3420,114.5466,1.0521,71.4321
W0135,135,21,main_etch,740.0220,10.3117,114.0960,1.0633,71.7790
W0135,135,22,main_etch,744.3132,10.3089,113.3372,1.0362,71.6637
W0135,135,23,main_etch,740.9506,10.2443,115.4129,1.0285,71.4205
W0135,135,24,main_etch,740.6675,10.2925,114.1813,1.0471,71.7931
W0135,135,25,main_etch,741.5481,10.2740,113.3895,1.0398,71.4809
W0135,135,26,main_etch,744.9813,10.2762,114.0070,1.0479,71.7033
W0135,135,27,main_etch,743.2854,10.2836,114.3818,1.0283,71.6129
W0135,135,28,main_etch,743.5448,10.2576,116.1046,1.0384,71.7993
W0135,135,29,main_etch,745.4480,10.2563,114.3907,1.0134,71.4767
W0135,135,30,main_etch,739.2785,10.2945,115.0304,1.0199,71.6604
W0135,135,31,main_etch,742.9197,10.3144,113.0576,1.0164,71.3871
W0135,135,32,main_etch,737.4654,10.3797,114.1056,1.0185,71.6921
W0135,135,33,main_etch,738.5295,10.3088,114.8962,1.0231,71.4588
W0135,135,34,main_etch,745.3345,10.3150,115.4343,1.0270,71.9440
W0135,135,35,main_etch,742.3875,10.2679,115.7887,1.0342,71.6795
W0135,135,36,main_etch,740.9665,10.2676,114.1616,1.0166,71.3137
W0135,135,37,main_etch,739.8993,10.2572,114.6288,1.0216,71.7913
W0135,135,38,main_etch,740.1505,10.3682,114.7022,1.0175,71.6107
W0135,135,39,main_etch,738.9204,10.2701,114.1735,1.0039,71.7680
W0135,135,40,main_etch,744.3546,10.3327,114.2290,1.0255,71.5558
W0135,135,41,main_etch,736.0987,10.2776,113.2675,0.9921,71.5616
W0135,135,42,main_etch,741.1988,10.3238,115.4064,0.9928,71.8032
W0135,135,43,main_etch,747.6283,10.3955,115.3589,1.0091,71.4965
W0135,135,44,main_etch,741.7434,10.3277,113.8087,0.9832,71.6213
W0135,135,45,main_etch,739.8373,10.2776,113.5904,0.9943,71.6486
W0135,135,46,main_etch,743.3588,10.2619,115.3302,0.9930,71.8003
W0135,135,47,main_etch,743.1200,10.2689,113.3603,0.9687,71.7347
W0135,135,48,main_etch,737.7196,10.3756,114.6549,0.9812,71.7255
W0135,135,49,main_etch,739.4451,10.2182,113.9793,0.9855,71.8780
W0135,135,50,main_etch,741.4277,10.2434,113.6166,0.9634,71.5942
W0135,135,51,main_etch,741.7441,10.3438,113.5057,0.9948,71.7829
W0135,135,52,main_etch,738.3752,10.2763,114.7740,0.9903,71.7506
W0135,135,53,main_etch,738.8510,10.2504,114.3404,0.9716,71.5490
W0135,135,54,main_etch,740.5156,10.2840,114.6588,0.9753,71.5472
W0135,135,55,main_etch,740.4156,10.2680,113.7353,0.9704,71.8252
W0135,135,56,main_etch,742.0108,10.3729,114.8064,0.9694,71.8908
W0135,135,57,main_etch,735.7004,10.2742,113.6579,0.9750,71.7848
W0135,135,58,main_etch,742.5908,10.2983,115.1893,0.9612,71.8582
W0135,135,59,main_etch,737.0692,10.2782,114.7495,0.9397,71.6433
W0135,135,60,main_etch,741.7019,10.3008,114.8630,0.9449,71.9490
W0135,135,61,main_etch,739.8416,10.2047,114.3891,0.9440,71.4198
W0135,135,62,main_etch,742.1582,10.3637,115.9195,0.9450,71.6791
W0135,135,63,main_etch,740.1504,10.3547,114.2682,0.9495,71.7786
W0135,135,64,main_etch,740.3639,10.2874,114.1787,0.9524,71.8984
W0135,135,65,main_etch,744.2918,10.2810,113.8473,0.9504,71.5725
W0135,135,66,main_etch,742.0738,10.3272,115.1804,0.9494,71.8754
W0135,135,67,main_etch,740.5867,10.2403,114.5140,0.9604,71.6928
W0135,135,68,main_etch,742.6997,10.2644,114.4450,0.9288,71.7023
W0135,135,69,main_etch,740.4289,10.2948,112.7586,0.9303,71.9176
W0135,135,70,main_etch,740.6064,10.2409,114.7698,0.9301,71.9652
W0135,135,71,main_etch,741.8829,10.2883,115.4915,0.9283,71.6879
W0135,135,72,main_etch,742.6425,10.2316,115.2812,0.9127,71.8924
W0135,135,73,main_etch,744.3199,10.2866,113.7682,0.9367,71.9994
W0135,135,74,main_etch,741.8244,10.3453,114.0769,0.9124,71.6655
W0135,135,75,overetch,716.1793,10.1886,117.2853,0.7096,72.3088
W0135,135,76,overetch,711.3099,10.0329,117.3946,0.7159,72.8311
W0135,135,77,overetch,715.4232,10.1003,117.6923,0.7270,72.4462
W0135,135,78,overetch,708.5781,10.1298,115.7613,0.7073,72.1241
W0135,135,79,overetch,710.5603,10.0737,116.3656,0.7192,72.2912
W0135,135,80,overetch,711.6647,10.1373,118.5819,0.7149,72.4910
W0135,135,81,overetch,710.8967,9.9897,117.2199,0.7220,72.0674
W0135,135,82,overetch,718.6409,10.1616,115.8607,0.7197,72.6217
W0135,135,83,overetch,712.5851,10.1102,117.7788,0.7229,72.5919
W0135,135,84,overetch,708.1983,10.0524,116.9132,0.7046,72.3491
W0135,135,85,overetch,710.8646,10.0296,116.2860,0.7116,72.5528
W0135,135,86,overetch,714.8955,9.9947,116.3941,0.6944,72.4408
W0135,135,87,overetch,709.9182,10.0827,116.5994,0.7217,72.4886
W0135,135,88,overetch,712.9728,10.0962,117.5129,0.7022,72.6095
W0135,135,89,overetch,709.7852,10.0312,116.7453,0.7018,72.5521
W0135,135,90,overetch,712.5585,10.0825,118.0364,0.7185,72.2240
W0135,135,91,overetch,711.6389,10.0840,116.5252,0.7137,72.3244
W0135,135,92,overetch,709.2108,10.1118,116.4341,0.7105,72.3613
W0135,135,93,overetch,710.9636,10.0361,117.8003,0.7073,72.4602
W0135,135,94,overetch,713.6063,10.1190,116.8332,0.6973,72.4302
W0135,135,95,overetch,713.0824,10.0847,117.6061,0.6838,72.2990
W0135,135,96,overetch,713.4821,10.0219,117.2339,0.7018,72.7090
W0135,135,97,overetch,710.4856,10.1601,118.6340,0.6923,72.5649
W0135,135,98,overetch,707.7751,10.1302,117.2476,0.6815,72.3727
W0135,135,99,overetch,714.2006,10.1226,116.9236,0.6996,72.4363
W0152,152,0,stabilize,690.9741,9.7477,114.4823,0.5785,64.1982
W0152,152,1,stabilize,683.7764,9.6275,115.7858,0.5629,64.0689
W0152,152,2,stabilize,690.1172,9.6824,114.5934,0.5676,63.9473
W0152,152,3,stabilize,687.5956,9.6471,114.6437,0.5600,64.2135
W0152,152,4,stabilize,690.3252,9.7180,114.3293,0.5629,64.3901
W0152,152,5,stabilize,693.4276,9.6567,116.0777,0.5758,64.2893
W0152,152,6,stabilize,688.2734,9.7555,114.7156,0.5496,64.3198
W0152,152,7,stabilize,690.6769,9.6968,116.1140,0.5641,64.0359
W0152,152,8,stabilize,686.4499,9.6983,115.9386,0.5640,64.2189
W0152,152,9,stabilize,690.9713,9.7597,116.6516,0.5558,64.0479
W0152,152,10,stabilize,684.7562,9.7080,114.6107,0.5417,64.1461
W0152,152,11,stabilize,687.3340,9.7106,115.4885,0.5490,64.1951
W0152,152,12,stabilize,684.9738,9.6602,114.9564,0.5461,64.3447
W0152,152,13,stabilize,690.3704,9.6618,115.2143,0.5583,64.4623
W0152,152,14,stabilize,686.5916,9.7254,115.3516,0.5502,64.1723
W0152,152,15,stabilize,688.5103,9.6635,115.4042,0.5364,63.9616
W0152,152,16,stabilize,691.1493,9.5825,115.3340,0.5535,64.2771
W0152,152,17,stabilize,687.0836,9.6881,114.6955,0.5443,64.2871
W0152,152,18,stabilize,688.1495,9.7140,114.4439,0.5369,64.3266
W0152,152,19,stabilize,685.3124,9.7149,114.3112,0.5442,64.1420
W0152,152,20,main_etch,760.1390,9.2210,114.6127,1.0907,64.9354
W0152,152,21,main_etch,767.5592,9.0730,115.5406,1.0954,64.5910
W0152,152,22,main_etch,766.2407,9.2378,115.6797,1.0994,64.6095
W0152,152,23,main_etch,760.5551,9.2340,116.0973,1.0959,64.7594
W0152,152,24,main_etch,763.9687,9.1795,113.3312,1.0863,64.8780
W0152,152,25,main_etch,764.5484,9.1737,116.2543,1.0690,64.8220
W0152,152,26,main_etch,767.9101,9.2192,114.4614,1.0686,64.5291
W0152,152,27,main_etch,767.4753,9.2186,115.1582,1.0715,64.6429
W0152,152,28,main_etch,764.3621,9.2569,114.6437,1.0445,64.8261
W0152,152,29,main_etch,761.2683,9.3170,115.6922,1.0769,65.0637
W0152,152,30,main_etch,763.5737,9.2488,115.7072,1.0673,64.8933
W0152,152,31,main_etch,768.3325,9.2117,115.6313,1.0573,64.6857
W0152,152,32,main_etch,767.4074,9.1854,116.1419,1.0673,64.6799
W0152,152,33,main_etch,764.5277,9.2121,115.7118,1.0546,64.5757
W0152,152,34,main_etch,763.6721,9.1873,115.5025,1.0668,64.9063
W0152,152,35,main_etch,768.6499,9.2625,113.3956,1.0437,64.8483
W0152,152,36,main_etch,764.1835,9.1789,116.5401,1.0535,64.7044
W0152,152,37,main_etch,765.5422,9.3734,114.9898,1.0446,64.8476
W0152,152,38,main_etch,764.2420,9.1754,114.9430,1.0275,64.7163
W0152,152,39,main_etch,764.7673,9.3160,115.0153,1.0526,65.1438
W0152,152,40,main_etch,763.3860,9.2605,115.8611,1.0261,64.8848
W0152,152,41,main_etch,759.3292,9.1572,114.9624,1.0326,64.8514
W0152,152,42,main_etch,759.7892,9.3534,115.7741,1.0478,64.7751
W0152,152,43,main_etch,762.6991,9.1401,115.2359,1.0215,64.9852
W0152,152,44,main_etch,764.3995,9.2930,116.2067,1.0344,64.7832
W0152,152,45,main_etch,765.9736,9.3183,114.3453,1.0137,64.7897
W0152,152,46,main_etch,759.8005,9.1948,115.2357,1.0123,64.7183
W0152,152,47,main_etch,770.9967,9.2793,115.9530,1.0088,64.8007
W0152,152,48,main_etch,762.7745,9.2721,115.2562,1.0014,64.8643
W0152,152,49,main_etch,766.0585,9.2078,116.7421,0.9934,64.7472
W0152,152,50,main_etch,765.3931,9.2198,115.5855,1.0005,65.1005
W0152,152,51,main_etch,763.9780,9.1724,114.8534,0.9814,64.6598
W0152,152,52,main_etch,767.6147,9.3291,117.4524,1.0069,65.1304
W0152,152,53,main_etch,767.7618,9.2136,115.0710,0.9821,65.0103
W0152,152,54,main_etch,762.0773,9.2088,116.3116,0.9929,64.8080
W0152,152,55,main_etch,764.6833,9.2554,115.1088,0.9994,65.0524
W0152,152,56,main_etch,765.0659,9.1997,115.9170,0.9782,64.9963
W0152,152,57,main_etch,765.6771,9.2108,116.6249,0.9789,64.9573
W0152,152,58,main_etch,766.2850,9.2548,114.1185,0.9648,64.7017
W0152,152,59,main_etch,768.0905,9.2127,113.8284,0.9790,64.9643
W0152,152,60,main_etch,764.2516,9.2900,114.7910,0.9768,65.1041
W0152,152,61,main_etch,763.6153,9.2083,115.6255,0.9706,64.9353
W0152,152,62,main_etch,764.9505,9.1942,115.8546,0.9592,65.0767
W0152,152,63,main_etch,761.2069,9.2180,116.5149,0.9859,64.8791
W0152,152,64,main_etch,765.2156,9.1593,114.5319,0.9714,65.2096
W0152,152,65,main_etch,769.0490,9.3203,114.3737,0.9441,65.0344
W0152,152,66,main_etch,763.0084,9.2245,114.6258,0.9566,64.8348
W0152,152,67,main_etch,766.5307,9.1858,114.6334,0.9311,64.8279
W0152,152,68,main_etch,762.5817,9.2125,115.6774,0.9510,65.2375
W0152,152,69,main_etch,762.1113,9.2562,116.6469,0.9286,65.1716
W0152,152,70,main_etch,760.2501,9.2991,115.3387,0.9381,65.1277
W0152,152,71,main_etch,765.7335,9.2705,114.8980,0.9300,65.0618
W0152,152,72,main_etch,762.1956,9.2580,115.6800,0.9326,65.2128
W0152,152,73,main_etch,762.8382,9.2208,115.2097,0.9362,65.2218
W0152,152,74,main_etch,761.8976,9.2586,115.7469,0.9203,65.0028
W0152,152,75,overetch,733.8544,8.9725,117.9597,0.7311,65.4236
W0152,152,76,overetch,735.7087,8.9966,118.4074,0.7494,65.1945
W0152,152,77,overetch,736.9397,9.0003,117.2711,0.7430,65.5859
W0152,152,78,overetch,734.6300,9.0258,118.0070,0.7584,65.4293
W0152,152,79,overetch,732.9031,9.1339,116.9832,0.7417,65.4371
W0152,152,80,overetch,733.4438,8.9760,115.8929,0.7102,65.7622
W0152,152,81,overetch,731.6493,8.9843,116.9682,0.7429,65.8850
W0152,152,82,overetch,735.7906,8.9555,117.1643,0.7456,65.4094
W0152,152,83,overetch,734.6797,9.0030,117.5448,0.7381,65.4968
W0152,152,84,overetch,731.2334,9.0569,117.0411,0.7361,65.3733
W0152,152,85,overetch,729.8451,9.0280,118.0945,0.7317,65.5999
W0152,152,86,overetch,735.3764,9.0120,119.0606,0.7342,65.5093
W0152,152,87,overetch,728.9695,9.0262,116.8294,0.7285,65.5510
W0152,152,88,overetch,734.5914,9.1278,118.0426,0.7546,65.7226
W0152,152,89,overetch,730.4296,9.0541,116.8091,0.7275,65.6484
W0152,152,90,overetch,730.3672,8.9965,115.9991,0.7272,65.4327
W0152,152,91,overetch,735.9388,9.0137,119.5312,0.7390,65.5291
W0152,152,92,overetch,731.8190,8.9425,116.8382,0.7111,65.5375
W0152,152,93,overetch,733.6827,9.0045,117.8228,0.7280,65.4482
W0152,152,94,overetch,733.0472,9.1488,119.5623,0.7220,65.4843
W0152,152,95,overetch,734.3144,9.1168,116.3508,0.7059,65.7080
W0152,152,96,overetch,729.1795,8.9734,118.0422,0.7096,65.6227
W0152,152,97,overetch,731.1815,9.1308,118.1281,0.7293,65.4380
W0152,152,98,overetch,730.5075,9.0779,118.0415,0.7086,65.6236
W0152,152,99,overetch,728.9409,9.0412,117.5862,0.7046,65.7059
W0166,166,0,stabilize,685.1033,9.7355,115.1490,0.5932,62.1764
W0166,166,1,stabilize,683.2814,9.6856,115.9920,0.5756,62.1049
W0166,166,2,stabilize,680.9241,9.6417,115.0844,0.5929,62.0707
W0166,166,3,stabilize,689.1440,9.6188,116.6102,0.5914,62.0248
W0166,166,4,stabilize,684.7429,9.7123,117.2261,0.5852,61.7878
W0166,166,5,stabilize,683.4519,9.7239,115.7867,0.5625,61.9078
W0166,166,6,stabilize,683.0716,9.6050,116.5964,0.5931,62.0447
W0166,166,7,stabilize,685.4264,9.6662,116.7450,0.5714,61.9820
W0166,166,8,stabilize,682.4096,9.6952,117.1300,0.6055,62.2389
W0166,166,9,stabilize,684.2158,9.6597,118.0235,0.5896,62.0573
W0166,166,10,stabilize,686.5590,9.6098,116.7105,0.5752,62.3433
W0166,166,11,stabilize,684.9653,9.7301,116.4244,0.5826,62.0200
W0166,166,12,stabilize,682.8019,9.6492,116.1447,0.6070,62.4320
W0166,166,13,stabilize,685.2488,9.6466,115.8231,0.5898,61.6871
W0166,166,14,stabilize,685.5358,9.6876,116.2057,0.5851,62.1779
W0166,166,15,stabilize,686.8214,9.7362,118.0545,0.5775,62.1314
W0166,166,16,stabilize,685.4066,9.6778,117.0189,0.5844,62.4046
W0166,166,17,stabilize,686.0107,9.7357,117.2308,0.5737,62.1949
W0166,166,18,stabilize,682.3128,9.6575,117.2286,0.5856,61.9750
W0166,166,19,stabilize,682.9658,9.6740,117.7919,0.5778,62.3290
W0166,166,20,main_etch,759.8592,9.1482,116.6497,1.0980,62.6496
W0166,166,21,main_etch,766.2056,9.2402,116.0598,1.0907,62.4993
W0166,166,22,main_etch,765.3266,9.1806,117.2911,1.1029,62.5026
W0166,166,23,main_etch,767.0222,9.1993,116.0078,1.0932,62.3280
W0166,166,24,main_etch,762.7797,9.1585,118.4735,1.0746,62.4775
W0166,166,25,main_etch,761.6125,9.1364,116.4819,1.0622,62.6095
W0166,166,26,main_etch,761.7853,9.1866,117.0825,1.0884,62.4054
W0166,166,27,main_etch,757.1700,9.2010,116.7567,1.0806,62.6566
W0166,166,28,main_etch,764.0192,9.2144,116.0833,1.0727,62.5922
W0166,166,29,main_etch,760.4805,9.3274,116.5917,1.1023,62.6891
W0166,166,30,main_etch,761.5105,9.2891,116.7629,1.0594,62.6039
W0166,166,31,main_etch,762.8964,9.2618,116.6213,1.0694,62.6139
W0166,166,32,main_etch,761.4871,9.2554,117.0020,1.0774,62.7113
W0166,166,33,main_etch,764.2969,9.2306,115.7333,1.0805,62.5609
W0166,166,34,main_etch,762.7094,9.2550,116.9396,1.0739,62.4037
W0166,166,35,main_etch,761.7168,9.2334,115.5618,1.0777,62.9223
W0166,166,36,main_etch,759.6563,9.2310,115.5910,1.0830,62.5959
W0166,166,37,main_etch,763.5677,9.2464,116.6024,1.0948,62.4716
W0166,166,38,main_etch,758.4136,9.1561,117.4546,1.0641,62.4014
W0166,166,39,main_etch,762.0114,9.2357,116.0754,1.0696,62.7202
W0166,166,40,main_etch,759.7717,9.1532,115.0624,1.0754,62.5797
W0166,166,41,main_etch,761.9513,9.2670,116.5398,1.0574,62.2807
W0166,166,42,main_etch,759.0678,9.1902,117.0959,1.0653,62.5622
W0166,166,43,main_etch,757.9098,9.2146,116.2483,1.0740,62.7109
W0166,166,44,main_etch,762.1251,9.1273,115.7587,1.0795,62.4798
W0166,166,45,main_etch,760.5619,9.2473,117.2981,1.0748,62.7764
W0166,166,46,main_etch,765.9380,9.2826,116.4869,1.0534,62.5723
W0166,166,47,main_etch,760.1297,9.1055,117.7257,1.0547,62.7032
W0166,166,48,main_etch,760.6257,9.2130,117.5805,1.0543,62.7276
W0166,166,49,main_etch,760.4646,9.1983,117.4330,1.0532,62.7064
W0166,166,50,main_etch,760.0239,9.2423,116.8346,1.0379,62.5988
W0166,166,51,main_etch,757.8333,9.1937,116.3014,1.0451,62.8056
W0166,166,52,main_etch,762.3106,9.2107,117.2558,1.0580,62.7841
W0166,166,53,main_etch,758.6209,9.1963,115.5553,1.0367,62.9037
W0166,166,54,main_etch,766.2234,9.3124,116.7685,1.0503,62.6334
W0166,166,55,main_etch,759.6388,9.1737,116.9736,1.0465,62.6329
W0166,166,56,main_etch,761.9584,9.1847,116.3188,1.0461,62.5767
W0166,166,57,main_etch,761.3651,9.2545,116.4233,1.0595,62.6673
W0166,166,58,main_etch,761.2050,9.2291,116.2371,1.0453,62.6078
W0166,166,59,main_etch,759.0127,9.1844,117.5988,1.0285,62.9748
W0166,166,60,main_etch,759.7188,9.2220,116.3786,1.0249,62.7577
W0166,166,61,main_etch,760.2314,9.1856,115.3571,1.0426,63.0477
W0166,166,62,main_etch,760.8577,9.2091,116.1935,1.0543,62.9184
W0166,166,63,main_etch,760.8426,9.2085,115.7596,1.0383,62.7491
W0166,166,64,main_etch,760.1782,9.2011,115.9569,1.0490,62.9137
W0166,166,65,main_etch,759.4344,9.1964,116.4761,1.0319,63.0113
W0166,166,66,main_etch,760.7420,9.2605,115.4006,1.0256,62.9085
W0166,166,67,main_etch,760.3880,9.1409,117.7097,1.0371,62.8887
W0166,166,68,main_etch,761.4928,9.1947,118.0130,1.0381,62.8674
W0166,166,69,main_etch,759.9432,9.2074,115.7479,1.0515,62.6711
W0166,166,70,main_etch,760.7214,9.1846,115.9494,1.0373,62.8269
W0166,166,71,main_etch,761.1769,9.2001,115.2159,1.0361,62.8359
W0166,166,72,main_etch,761.1654,9.2965,116.0932,1.0385,63.0736
W0166,166,73,main_etch,765.5511,9.1785,117.3307,1.0294,63.0481
W0166,166,74,main_etch,757.3492,9.2210,116.1533,1.0149,63.2061
W0166,166,75,overetch,733.4694,9.0123,117.7775,0.7671,63.2772
W0166,166,76,overetch,733.9078,9.1136,118.3559,0.7577,63.1224
W0166,166,77,overetch,732.5126,9.0102,119.7075,0.7699,63.2611
W0166,166,78,overetch,727.2621,9.0180,118.6672,0.7761,63.3744
W0166,166,79,overetch,731.6922,9.0094,119.2826,0.7758,63.1279
W0166,166,80,overetch,734.7261,9.0102,119.4014,0.7545,63.1006
W0166,166,81,overetch,731.9116,8.9758,117.9735,0.7541,63.1475
W0166,166,82,overetch,729.4508,9.0965,118.5748,0.7684,63.3420
W0166,166,83,overetch,732.5298,9.0337,118.5921,0.7563,63.2285
W0166,166,84,overetch,727.2648,9.0738,120.5811,0.7504,63.3030
W0166,166,85,overetch,733.1268,8.9891,118.5302,0.7558,63.3649
W0166,166,86,overetch,736.1880,8.9872,117.8920,0.7743,63.3348
W0166,166,87,overetch,733.9075,9.0803,118.6448,0.7651,63.2456
W0166,166,88,overetch,732.6366,9.0294,118.6155,0.7665,63.4746
W0166,166,89,overetch,731.4566,9.0121,118.6748,0.7761,63.1994
W0166,166,90,overetch,736.7276,9.0495,118.7745,0.7610,63.3790
W0166,166,91,overetch,731.6983,9.0135,118.5112,0.7642,63.2308
W0166,166,92,overetch,732.9883,9.0349,119.1601,0.7649,63.7320
W0166,166,93,overetch,730.6480,9.0359,120.0062,0.7560,63.3044
W0166,166,94,overetch,727.8882,9.0370,119.1809,0.7669,63.3429
W0166,166,95,overetch,731.1048,9.0575,118.5528,0.7389,63.3431
W0166,166,96,overetch,728.7611,9.1194,119.1114,0.7443,63.5206
W0166,166,97,overetch,729.2842,9.1006,118.5597,0.7665,63.3013
W0166,166,98,overetch,731.8843,9.0635,118.7671,0.7641,63.5578
W0166,166,99,overetch,728.4757,9.0600,118.8894,0.7478,63.4476
W0211,211,0,stabilize,677.9163,11.0148,119.0156,0.5180,67.9290
W0211,211,1,stabilize,677.4192,11.0084,119.0045,0.5001,68.0905
W0211,211,2,stabilize,675.2612,10.9632,118.4125,0.5174,67.9140
W0211,211,3,stabilize,682.7969,10.9846,120.6925,0.5087,68.1258
W0211,211,4,stabilize,683.3755,10.9655,118.9419,0.4965,67.8641
W0211,211,5,stabilize,678.2904,11.0095,119.9634,0.5165,67.8564
W0211,211,6,stabilize,673.7703,11.0391,120.3841,0.5130,67.7366
W0211,211,7,stabilize,677.9186,10.9751,120.2668,0.4995,67.9907
W0211,211,8,stabilize,678.9100,10.9286,121.8018,0.5093,67.8710
W0211,211,9,stabilize,675.0159,11.0163,120.5689,0.5016,67.7862
W0211,211,10,stabilize,677.2446,10.9892,118.0748,0.4922,67.8797
W0211,211,11,stabilize,682.3972,10.9855,119.3023,0.4968,67.8687
W0211,211,12,stabilize,677.7121,10.9932,119.2354,0.5074,67.8331
W0211,211,13,stabilize,678.7281,11.0341,118.9621,0.4867,68.0453
W0211,211,14,stabilize,677.0536,10.9733,120.4552,0.4945,67.9530
W0211,211,15,stabilize,678.5309,10.9728,119.5202,0.5017,67.9551
W0211,211,16,stabilize,674.7393,10.9347,119.4342,0.5078,67.9894
W0211,211,17,stabilize,681.2165,11.0230,119.3098,0.5078,67.7914
W0211,211,18,stabilize,680.7066,10.9967,118.9304,0.4963,67.7489
W0211,211,19,stabilize,678.8871,11.0306,119.2668,0.5029,67.8141
W0211,211,20,main_etch,756.9286,10.4725,119.9192,0.9433,68.4712
W0211,211,21,main_etch,755.0682,10.4433,120.1945,0.9286,68.5041
W0211,211,22,main_etch,752.5587,10.5289,119.4175,0.9326,68.4507
W0211,211,23,main_etch,751.8719,10.5319,119.1081,0.9499,68.6762
W0211,211,24,main_etch,757.7973,10.3897,118.3269,0.9290,68.4764
W0211,211,25,main_etch,756.0263,10.4362,121.8624,0.9308,68.6056
W0211,211,26,main_etch,754.7659,10.4398,119.1920,0.9329,68.8223
W0211,211,27,main_etch,756.4729,10.3862,119.5019,0.9238,68.6322
W0211,211,28,main_etch,752.1510,10.4468,120.2919,0.9270,68.7174
W0211,211,29,main_etch,755.7712,10.4946,118.4499,0.9389,68.5036
W0211,211,30,main_etch,755.8495,10.4228,118.8394,0.9444,68.4696
W0211,211,31,main_etch,753.6569,10.4310,118.7830,0.9358,68.6484
W0211,211,32,main_etch,749.5003,10.3966,120.0141,0.9319,68.4785
W0211,211,33,main_etch,755.6204,10.3989,119.3879,0.9330,68.6370
W0211,211,34,main_etch,750.6026,10.4619,117.7293,0.9383,68.6053
W0211,211,35,main_etch,757.8597,10.4258,119.5444,0.9170,68.5545
W0211,211,36,main_etch,754.2587,10.4385,119.8037,0.9380,68.6971
W0211,211,37,main_etch,751.8663,10.4047,118.5273,0.9119,68.4854
W0211,211,38,main_etch,751.1866,10.5585,119.8808,0.9432,68.7742
W0211,211,39,main_etch,750.5906,10.4168,120.7467,0.9305,68.7961
W0211,211,40,main_etch,751.2889,10.4595,120.3014,0.9244,68.7108
W0211,211,41,main_etch,754.6645,10.5015,120.1152,0.9376,68.7524
W0211,211,42,main_etch,749.4805,10.4354,119.5554,0.9171,68.5027
W0211,211,43,main_etch,751.6775,10.4196,118.5882,0.9292,68.5726
W0211,211,44,main_etch,754.0299,10.4806,119.6648,0.9420,68.5131
W0211,211,45,main_etch,751.9103,10.5207,119.6918,0.9168,68.5173
W0211,211,46,main_etch,751.8072,10.4419,119.4892,0.9180,68.6421
W0211,211,47,main_etch,750.3064,10.3827,119.8805,0.9102,68.8159
W0211,211,48,main_etch,757.1258,10.4467,119.7784,0.9196,68.6986
W0211,211,49,main_etch,754.5689,10.5324,121.6695,0.9360,68.5852
W0211,211,50,main_etch,752.7514,10.4351,120.3930,0.9084,68.4847
W0211,211,51,main_etch,755.4538,10.4666,119.7837,0.9218,68.7602
W0211,211,52,main_etch,754.3965,10.3558,119.5080,0.9273,68.6786
W0211,211,53,main_etch,755.0417,10.3286,119.6673,0.9136,68.3134
W0211,211,54,main_etch,754.4070,10.5062,118.4873,0.9099,68.2971
W0211,211,55,main_etch,758.1084,10.4321,120.0800,0.9177,68.5574
W0211,211,56,main_etch,755.8728,10.4677,119.7742,0.8987,68.5589
W0211,211,57,main_etch,753.2242,10.4690,118.3237,0.9172,68.6430
W0211,211,58,main_etch,757.2923,10.5002,119.3955,0.9164,68.6261
W0211,211,59,main_etch,752.2040,10.4966,120.8368,0.9053,68.6437
W0211,211,60,main_etch,751.4461,10.4469,118.7287,0.9173,68.4792
W0211,211,61,main_etch,753.7636,10.3784,118.9355,0.9137,68.5247
W0211,211,62,main_etch,753.5610,10.4643,120.1949,0.9188,68.5685
W0211,211,63,main_etch,753.5059,10.4552,119.5719,0.9121,68.9777
W0211,211,64,main_etch,759.3148,10.4614,119.8418,0.9080,68.6825
W0211,211,65,main_etch,755.7737,10.4075,119.0252,0.8993,68.8553
W0211,211,66,main_etch,753.5311,10.5107,119.9554,0.9040,68.4629
W0211,211,67,main_etch,754.4638,10.5414,119.1057,0.9171,68.5066
W0211,211,68,main_etch,755.2470,10.5047,119.0972,0.9124,68.6708
W0211,211,69,main_etch,754.1477,10.3261,119.8503,0.8988,68.7911
W0211,211,70,main_etch,750.2584,10.4436,119.4730,0.9146,68.7335
W0211,211,71,main_etch,750.9238,10.5249,119.6203,0.9068,68.6284
W0211,211,72,main_etch,752.7865,10.4563,119.1995,0.9044,68.4922
W0211,211,73,main_etch,756.5635,10.5088,119.2429,0.9067,68.4402
W0211,211,74,main_etch,756.7432,10.4574,120.3987,0.8910,68.5962
W0211,211,75,overetch,721.2421,10.2299,122.7057,0.6734,69.0412
W0211,211,76,overetch,724.4498,10.3304,120.9199,0.6597,69.1438
W0211,211,77,overetch,720.9216,10.2446,122.0006,0.6597,69.2762
W0211,211,78,overetch,723.6931,10.3346,122.4317,0.6677,69.3110
W0211,211,79,overetch,725.2747,10.2983,121.9902,0.6683,69.3376
W0211,211,80,overetch,722.7670,10.2636,121.5000,0.6679,69.1269
W0211,211,81,overetch,724.4300,10.2989,121.6318,0.6655,69.2648
W0211,211,82,overetch,727.2367,10.1815,121.6376,0.6741,69.0771
W0211,211,83,overetch,722.5876,10.2387,123.0262,0.6581,69.2748
W0211,211,84,overetch,724.4401,10.2391,120.7567,0.6561,69.2472
W0211,211,85,overetch,725.3421,10.1760,122.3688,0.6579,69.3204
W0211,211,86,overetch,725.5019,10.2301,121.7359,0.6773,69.4873
W0211,211,87,overetch,723.3005,10.3209,121.2496,0.6536,69.6608
W0211,211,88,overetch,727.8575,10.1180,121.9549,0.6433,69.1349
W0211,211,89,overetch,723.9426,10.2966,121.1011,0.6495,69.3313
W0211,211,90,overetch,722.3647,10.2813,120.6910,0.6589,69.0866
W0211,211,91,overetch,724.4921,10.2431,121.9578,0.6588,69.2484
W0211,211,92,overetch,722.0508,10.2288,121.3925,0.6532,69.2564
W0211,211,93,overetch,721.3207,10.2257,122.2486,0.6579,69.3389
W0211,211,94,overetch,723.8636,10.1834,122.6433,0.6793,69.0511
W0211,211,95,overetch,727.0833,10.2855,122.0959,0.6540,69.1194
W0211,211,96,overetch,720.0457,10.2871,120.9364,0.6696,69.1131
W0211,211,97,overetch,722.1513,10.2568,122.9911,0.6667,69.3962
W0211,211,98,overetch,720.3391,10.2187,121.9736,0.6573,69.3743
W0211,211,99,overetch,725.2897,10.2081,121.7734,0.6490,69.3197
W0235,235,0,stabilize,671.0511,11.0137,123.8933,0.5342,61.4271
W0235,235,1,stabilize,676.1046,10.9654,124.5220,0.5103,61.5921
W0235,235,2,stabilize,673.0048,10.9377,124.0123,0.5073,61.1140
W0235,235,3,stabilize,673.1496,10.9935,125.2925,0.5237,61.5316
W0235,235,4,stabilize,671.7326,10.9551,124.4560,0.5175,61.6135
W0235,235,5,stabilize,673.1091,10.9668,124.7159,0.5232,61.3450
W0235,235,6,stabilize,676.1959,10.9252,125.0531,0.5310,61.2565
W0235,235,7,stabilize,671.0360,10.9791,124.1323,0.5393,61.6553
W0235,235,8,stabilize,673.9404,11.0702,126.0443,0.5307,61.4091
W0235,235,9,stabilize,668.5418,10.9817,123.7679,0.5471,61.5646
W0235,235,10,stabilize,669.0283,10.8892,126.0351,0.5281,61.5263
W0235,235,11,stabilize,670.6507,11.0665,124.5601,0.5255,61.8616
W0235,235,12,stabilize,669.7641,11.0441,126.0349,0.5484,61.5005
W0235,235,13,stabilize,674.9584,11.0279,125.6655,0.5499,61.6265
W0235,235,14,stabilize,672.1628,11.0209,124.5269,0.5313,61.6567
W0235,235,15,stabilize,670.6053,11.0221,125.4836,0.5427,61.4195
W0235,235,16,stabilize,672.1570,10.8935,124.3340,0.5430,61.3110
W0235,235,17,stabilize,677.1659,11.0183,125.8331,0.5438,61.4369
W0235,235,18,stabilize,672.3876,10.9659,124.5324,0.5592,61.5051
W0235,235,19,stabilize,672.1734,10.9188,124.1851,0.5620,61.5301
W0235,235,20,main_etch,746.5513,10.5045,125.4199,0.8640,61.9930
W0235,235,21,main_etch,742.7927,10.5379,124.5965,0.8510,62.0794
W0235,235,22,main_etch,746.2334,10.4178,124.9138,0.8561,61.9886
W0235,235,23,main_etch,746.4170,10.4733,124.2758,0.8792,61.8927
W0235,235,24,main_etch,746.5111,10.4418,124.7978,0.8796,62.0448
W0235,235,25,main_etch,746.9585,10.4689,125.7076,0.8821,62.0227
W0235,235,26,main_etch,746.6369,10.3903,125.1844,0.8994,61.9084
W0235,235,27,main_etch,744.1401,10.4843,124.6652,0.8798,61.9302
W0235,235,28,main_etch,743.8303,10.4809,125.5850,0.8825,61.8884
W0235,235,29,main_etch,744.7716,10.4499,125.1507,0.8864,62.0483
W0235,235,30,main_etch,742.1917,10.4538,126.8068,0.8853,61.9765
W0235,235,31,main_etch,743.4096,10.3953,123.3064,0.8992,61.9515
W0235,235,32,main_etch,743.8622,10.5027,125.9421,0.9151,61.8633
W0235,235,33,main_etch,743.2880,10.4816,123.4783,0.9092,62.2123
W0235,235,34,main_etch,747.1090,10.4554,123.8832,0.9010,62.1571
W0235,235,35,main_etch,746.9591,10.5717,123.6610,0.9366,62.1487
W0235,235,36,main_etch,743.9163,10.4807,124.8645,0.9269,61.9697
W0235,235,37,main_etch,744.9971,10.4598,124.9126,0.9101,62.0537
W0235,235,38,main_etch,751.9715,10.3892,123.9196,0.9257,61.5784
W0235,235,39,main_etch,748.1847,10.3990,123.1176,0.9382,62.0233
W0235,235,40,main_etch,744.3760,10.5094,125.2546,0.9351,62.1501
W0235,235,41,main_etch,744.1333,10.4852,125.6719,0.9484,61.9239
W0235,235,42,main_etch,746.9498,10.3671,124.4984,0.9740,61.7341
W0235,235,43,main_etch,742.0076,10.3923,124.0755,0.9606,62.1549
W0235,235,44,main_etch,747.4604,10.4972,125.1040,0.9635,62.2917
W0235,235,45,main_etch,744.9267,10.4431,125.5824,0.9673,62.1664
W0235,235,46,main_etch,745.6778,10.4956,126.6090,0.9674,61.9955
W0235,235,47,main_etch,747.0156,10.5028,124.1219,0.9747,61.8484
W0235,235,48,main_etch,744.0240,10.4004,125.4696,0.9829,62.1686
W0235,235,49,main_etch,751.3164,10.4902,123.9066,0.9779,62.0477
W0235,235,50,main_etch,744.4772,10.5396,125.0743,0.9814,61.8419
W0235,235,51,main_etch,739.4215,10.4327,124.3524,1.0043,62.1884
W0235,235,52,main_etch,742.1121,10.4761,123.4593,0.9746,61.9901
W0235,235,53,main_etch,750.0305,10.3931,125.4825,0.9881,62.0293
W0235,235,54,main_etch,745.1298,10.5254,124.8631,1.0221,62.4137
W0235,235,55,main_etch,750.0269,10.3822,123.4368,1.0073,62.2667
W0235,235,56,main_etch,742.7801,10.5023,123.6080,1.0169,62.2069
W0235,235,57,main_etch,748.4197,10.4628,123.8645,1.0159,61.9476
W0235,235,58,main_etch,749.5657,10.5313,125.6371,0.9994,61.9078
W0235,235,59,main_etch,751.8072,10.3955,123.6077,1.0267,62.3215
W0235,235,60,main_etch,748.4012,10.4248,124.9161,1.0265,61.9934
W0235,235,61,main_etch,744.4133,10.4281,123.4925,1.0157,61.8138
W0235,235,62,main_etch,747.6762,10.4670,124.0145,1.0461,62.1402
W0235,235,63,main_etch,743.9662,10.4323,123.5492,1.0344,62.1003
W0235,235,64,main_etch,749.3508,10.5074,124.4734,1.0363,62.3251
W0235,235,65,main_etch,746.3334,10.3655,124.7336,1.0405,62.0611
W0235,235,66,main_etch,745.3110,10.4757,124.8506,1.0513,62.0722
W0235,235,67,main_etch,743.7603,10.4537,124.6447,1.0503,62.1648
W0235,235,68,main_etch,743.9115,10.5239,126.2158,1.0535,61.9169
W0235,235,69,main_etch,742.4694,10.4579,124.3104,1.0781,61.9756
W0235,235,70,main_etch,747.2339,10.4328,123.5777,1.0625,62.3768
W0235,235,71,main_etch,744.8008,10.4316,124.1219,1.0649,62.2042
W0235,235,72,main_etch,744.2035,10.4717,124.6858,1.0702,61.9987
W0235,235,73,main_etch,743.8917,10.5376,125.1610,1.0869,61.9621
W0235,235,74,main_etch,746.5007,10.4966,123.9441,1.0926,62.1622
W0235,235,75,overetch,720.6650,10.3094,125.8674,0.6759,62.5791
W0235,235,76,overetch,714.7991,10.1990,128.8711,0.6878,62.3966
W0235,235,77,overetch,712.7065,10.2011,127.4363,0.6670,62.6555
W0235,235,78,overetch,714.5784,10.1857,126.2212,0.6869,62.9166
W0235,235,79,overetch,718.5075,10.2551,126.2969,0.6988,62.6430
W0235,235,80,overetch,719.4880,10.3437,127.1194,0.6753,62.9360
W0235,235,81,overetch,715.5544,10.3024,127.9361,0.6646,62.6750
W0235,235,82,overetch,715.5086,10.1762,127.0960,0.6992,62.7710
W0235,235,83,overetch,713.2973,10.2459,127.1845,0.6767,62.6157
W0235,235,84,overetch,717.4340,10.2245,126.8610,0.6882,62.9399
W0235,235,85,overetch,718.2488,10.2325,127.5429,0.6951,62.7291
W0235,235,86,overetch,714.4139,10.1952,127.0541,0.7018,62.5705
W0235,235,87,overetch,716.4295,10.2064,126.3388,0.6999,62.9214
W0235,235,88,overetch,711.2825,10.3112,127.4045,0.7123,62.2587
W0235,235,89,overetch,711.9964,10.1937,127.4630,0.7100,62.6752
W0235,235,90,overetch,717.1017,10.2152,126.7117,0.7138,62.4847
W0235,235,91,overetch,717.6017,10.3257,126.5867,0.7136,62.5370
W0235,235,92,overetch,721.3805,10.2908,126.8724,0.7081,62.8575
W0235,235,93,overetch,715.2019,10.1861,127.9756,0.7056,62.7431
W0235,235,94,overetch,715.2034,10.2328,127.5255,0.7192,62.5752
W0235,235,95,overetch,715.9132,10.2532,125.6958,0.7235,62.8157
W0235,235,96,overetch,711.2395,10.3323,127.3414,0.7258,62.7709
W0235,235,97,overetch,716.9128,10.2807,126.6753,0.7364,62.7892
W0235,235,98,overetch,716.6010,10.2420,126.2082,0.7020,62.8832
W0235,235,99,overetch,717.1874,10.2241,127.2128,0.7237,62.9096
W0281,281,0,stabilize,669.2529,10.6235,122.1727,0.5322,67.4141
W0281,281,1,stabilize,669.4901,10.5207,121.3629,0.5266,67.4810
W0281,281,2,stabilize,666.4046,10.4776,120.5410,0.5301,67.3423
W0281,281,3,stabilize,668.0942,10.4933,120.9896,0.5124,67.3733
W0281,281,4,stabilize,668.0694,10.5293,120.7002,0.5309,67.4967
W0281,281,5,stabilize,671.0637,10.4458,121.7494,0.5371,67.3851
W0281,281,6,stabilize,670.8195,10.6208,120.8608,0.5313,67.5988
W0281,281,7,stabilize,669.1774,10.5560,121.7590,0.5223,67.4089
W0281,281,8,stabilize,673.7615,10.5612,121.3690,0.5149,67.2686
W0281,281,9,stabilize,668.9481,10.5247,120.6697,0.5279,67.4810
W0281,281,10,stabilize,672.7896,10.4461,121.1916,0.5342,67.5324
W0281,281,11,stabilize,673.5068,10.5508,121.2472,0.5347,67.4856
W0281,281,12,stabilize,669.0864,10.5268,121.5854,0.5304,67.4830
W0281,281,13,stabilize,672.7412,10.5355,121.4256,0.5233,67.1626
W0281,281,14,stabilize,673.5499,10.4902,121.0715,0.5220,67.3947
W0281,281,15,stabilize,672.0081,10.5583,121.6112,0.5386,67.4433
W0281,281,16,stabilize,669.1157,10.5395,121.1913,0.5487,67.2752
W0281,281,17,stabilize,668.2795,10.4941,120.6765,0.5147,67.4959
W0281,281,18,stabilize,671.2948,10.6123,121.3992,0.5282,67.4418
W0281,281,19,stabilize,671.4026,10.5676,120.4619,0.5517,67.2610
W0281,281,20,main_etch,747.2330,9.9666,120.1022,0.9338,67.7715
W0281,281,21,main_etch,741.5210,10.0392,120.9822,0.9495,67.9635
W0281,281,22,main_etch,746.1930,9.9937,121.0900,0.9455,67.8611
W0281,281,23,main_etch,741.8471,10.0802,121.3641,0.9495,68.1767
W0281,281,24,main_etch,743.0532,9.9257,120.6676,0.9480,68.1893
W0281,281,25,main_etch,747.2161,10.0735,120.6792,0.9375,68.1704
W0281,281,26,main_etch,739.4765,9.8698,122.8547,0.9445,68.2247
W0281,281,27,main_etch,742.8122,10.0793,121.5196,0.9560,68.0587
W0281,281,28,main_etch,747.1898,10.0015,121.6582,0.9432,68.1561
W0281,281,29,main_etch,742.7347,10.0634,121.9502,0.9753,67.7703
W0281,281,30,main_etch,744.5829,9.9733,122.5465,0.9666,68.2063
W0281,281,31,main_etch,741.7669,10.0585,121.3326,0.9598,68.1836
W0281,281,32,main_etch,746.3077,10.0668,121.7853,0.9571,67.9075
W0281,281,33,main_etch,747.6541,9.9716,122.0254,0.9500,68.2459
W0281,281,34,main_etch,743.8254,10.0334,120.4136,0.9536,67.9548
W0281,281,35,main_etch,742.0305,10.0163,121.9062,0.9589,68.3974
W0281,281,36,main_etch,740.0254,10.0600,121.4329,0.9404,68.0054
W0281,281,37,main_etch,739.4349,9.9957,121.1108,0.9567,67.9717
W0281,281,38,main_etch,744.2528,10.0802,120.8915,0.9325,68.0818
W0281,281,39,main_etch,741.3563,10.0525,121.4505,0.9583,68.0079
W0281,281,40,main_etch,744.6903,9.9758,121.4393,0.9722,68.2284
W0281,281,41,main_etch,745.5334,9.9496,121.7218,0.9379,68.0511
W0281,281,42,main_etch,745.2003,10.1030,122.6786,0.9531,67.9520
W0281,281,43,main_etch,741.8670,9.9888,122.3934,0.9522,68.1065
W0281,281,44,main_etch,743.2972,10.0165,122.3056,0.9661,68.1353
W0281,281,45,main_etch,743.4298,10.0004,122.4177,0.9646,68.2633
W0281,281,46,main_etch,742.9804,10.0553,120.1483,0.9593,67.9738
W0281,281,47,main_etch,746.6371,10.0260,120.8787,0.9398,68.2465
W0281,281,48,main_etch,744.2515,10.0842,121.9569,0.9692,68.1467
W0281,281,49,main_etch,746.0049,9.9831,120.7544,0.9673,68.1527
W0281,281,50,main_etch,744.1626,10.0617,122.5720,0.9579,68.1722
W0281,281,51,main_etch,742.3570,10.1365,119.8107,0.9683,68.0827
W0281,281,52,main_etch,746.4586,10.0455,120.4306,0.9433,68.0825
W0281,281,53,main_etch,737.6712,10.1172,122.4101,0.9413,68.2366
W0281,281,54,main_etch,744.9350,10.0290,120.3722,0.9672,68.2699
W0281,281,55,main_etch,743.2917,9.9743,121.5824,0.9681,68.1121
W0281,281,56,main_etch,744.7612,10.1176,121.2631,0.9534,68.2177
W0281,281,57,main_etch,745.4497,10.0254,122.1103,0.9761,68.3959
W0281,281,58,main_etch,745.4908,10.0600,121.5773,0.9754,68.2995
W0281,281,59,main_etch,745.7375,9.9288,121.5494,0.9755,68.0285
W0281,281,60,main_etch,747.9963,9.9906,119.8156,0.9631,68.0653
W0281,281,61,main_etch,743.7625,10.0278,121.3827,0.9694,68.3766
W0281,281,62,main_etch,742.9529,10.0410,120.3813,0.9773,68.0819
W0281,281,63,main_etch,741.3633,9.9393,122.1930,0.9621,68.0948
W0281,281,64,main_etch,742.2443,10.0883,121.6305,0.9510,68.0033
W0281,281,65,main_etch,744.7358,10.0400,122.4381,0.9683,68.1520
W0281,281,66,main_etch,742.8721,9.9663,121.9780,0.9628,68.4857
W0281,281,67,main_etch,745.7806,9.9928,121.3609,0.9846,68.3839
W0281,281,68,main_etch,747.8922,10.0136,120.8717,0.9743,68.2518
W0281,281,69,main_etch,744.9882,10.0542,120.9260,0.9753,68.4366
W0281,281,70,main_etch,743.7685,10.0505,120.2680,0.9825,68.1190
W0281,281,71,main_etch,746.4177,10.1020,121.8787,0.9730,68.1790
W0281,281,72,main_etch,744.2473,10.0281,121.4833,0.9817,68.2814
W0281,281,73,main_etch,745.7370,10.0976,121.3249,0.9728,68.2879
W0281,281,74,main_etch,741.3073,10.0306,120.2379,0.9737,68.3342
W0281,281,75,overetch,713.7279,9.8391,123.4803,0.6760,68.5257
W0281,281,76,overetch,713.3840,9.7403,124.0758,0.7030,68.5454
W0281,281,77,overetch,711.9816,9.7445,124.1167,0.6917,68.7923
W0281,281,78,overetch,713.6106,9.7695,123.3951,0.6976,68.6314
W0281,281,79,overetch,712.8893,9.8020,123.2107,0.6817,68.9378
W0281,281,80,overetch,708.3366,9.7775,122.7167,0.6864,68.8387
W0281,281,81,overetch,716.3764,9.8283,123.8158,0.6945,68.9866
W0281,281,82,overetch,717.6144,9.7878,122.9125,0.6788,68.4070
W0281,281,83,overetch,715.6320,9.8576,123.6716,0.7000,69.0176
W0281,281,84,overetch,714.9237,9.8531,124.8157,0.6814,68.6928
W0281,281,85,overetch,714.8565,9.8036,123.3086,0.6867,68.6839
W0281,281,86,overetch,716.6645,9.8397,124.3413,0.6938,68.8514
W0281,281,87,overetch,711.2828,9.8458,126.0425,0.7046,68.6680
W0281,281,88,overetch,710.3328,9.7531,122.7844,0.6821,68.8342
W0281,281,89,overetch,713.5680,9.8240,123.7354,0.6871,68.7962
W0281,281,90,overetch,711.4896,9.8762,122.4887,0.7090,68.6039
W0281,281,91,overetch,713.8143,9.8524,123.7854,0.6983,68.6039
W0281,281,92,overetch,713.0085,9.8270,124.6686,0.7007,68.8776
W0281,281,93,overetch,714.6688,9.9345,122.8613,0.6949,68.7387
W0281,281,94,overetch,717.4659,9.9838,123.1426,0.6688,68.8056
W0281,281,95,overetch,716.1639,9.7963,124.1232,0.6924,68.8137
W0281,281,96,overetch,714.9663,9.8538,122.9910,0.6931,68.7317
W0281,281,97,overetch,715.9203,9.7776,125.0022,0.7015,68.6894
W0281,281,98,overetch,714.5341,9.7929,123.9067,0.6954,68.8028
W0281,281,99,overetch,712.1373,9.8863,124.2628,0.6881,69.0653
W0311,311,0,stabilize,679.8997,10.3022,120.8409,0.5108,65.5330
W0311,311,1,stabilize,677.7468,10.1351,120.0588,0.5266,65.2922
W0311,311,2,stabilize,677.3234,10.2030,122.1865,0.5249,65.2185
W0311,311,3,stabilize,680.4567,10.2746,121.3404,0.5403,65.6069
W0311,311,4,stabilize,675.1006,10.1079,122.5401,0.5313,65.3858
W0311,311,5,stabilize,675.4149,10.2068,119.8940,0.5379,65.2109
W0311,311,6,stabilize,679.4201,10.1387,122.2546,0.5259,65.2984
W0311,311,7,stabilize,678.4257,10.0953,121.0832,0.5318,65.2876
W0311,311,8,stabilize,675.9149,10.1782,121.3366,0.5455,65.2539
W0311,311,9,stabilize,680.3717,10.1294,121.4910,0.5560,65.2516
W0311,311,10,stabilize,682.2032,10.1003,121.3430,0.5603,65.4701
W0311,311,11,stabilize,678.9063,10.1504,121.4439,0.5470,65.4572
W0311,311,12,stabilize,679.5183,10.1587,121.0193,0.5526,65.4456
W0311,311,13,stabilize,675.8963,10.2024,121.2601,0.5665,65.4209
W0311,311,14,stabilize,678.9452,10.2789,122.7979,0.5585,65.1137
W0311,311,15,stabilize,675.9590,10.2163,120.9576,0.5743,65.2793
W0311,311,16,stabilize,678.1280,10.1947,123.2766,0.5593,65.2131
W0311,311,17,stabilize,675.6583,10.1220,121.5057,0.5856,65.6169
W0311,311,18,stabilize,675.2011,10.1281,121.0937,0.5703,65.4414
W0311,311,19,stabilize,681.0121,10.2141,120.7790,0.5689,65.1899
W0311,311,20,main_etch,757.0915,9.7333,120.9059,0.8225,65.6364
W0311,311,21,main_etch,754.1229,9.6905,120.4877,0.8340,65.7187
W0311,311,22,main_etch,755.0283,9.7066,122.1123,0.8518,65.9877
W0311,311,23,main_etch,752.2156,9.7023,120.8749,0.8271,65.8613
W0311,311,24,main_etch,753.9128,9.6722,120.5193,0.8653,65.8040
W0311,311,25,main_etch,752.9216,9.6803,120.9497,0.8722,65.8844
W0311,311,26,main_etch,752.6480,9.7124,120.7345,0.8832,65.5977
W0311,311,27,main_etch,756.1800,9.7545,121.9006,0.8707,65.6553
W0311,311,28,main_etch,759.0216,9.6466,121.0460,0.8886,65.9074
W0311,311,29,main_etch,759.5524,9.6783,122.1739,0.8922,66.3007
W0311,311,30,main_etch,752.8267,9.5854,121.7189,0.8741,66.1336
W0311,311,31,main_etch,758.1293,9.6991,121.0091,0.8915,65.7908
W0311,311,32,main_etch,756.0524,9.6563,120.9731,0.9108,65.9501
W0311,311,33,main_etch,755.5143,9.6504,121.9743,0.9253,65.8077
W0311,311,34,main_etch,756.9039,9.6860,121.3451,0.9358,65.8354
W0311,311,35,main_etch,753.1651,9.6944,120.8721,0.9176,65.9513
W0311,311,36,main_etch,754.0633,9.6565,121.5828,0.9236,66.1706
W0311,311,37,main_etch,752.5178,9.6497,121.3204,0.9435,66.0318
W0311,311,38,main_etch,755.4274,9.6127,121.2062,0.9455,66.1484
W0311,311,39,main_etch,748.9108,9.6459,120.1850,0.9462,66.1452
W0311,311,40,main_etch,754.3634,9.7141,121.7364,0.9729,66.0583
W0311,311,41,main_etch,752.7827,9.7228,120.4216,0.9748,65.8831
W0311,311,42,main_etch,756.6615,9.7214,120.5623,0.9573,65.8456
W0311,311,43,main_etch,757.3318,9.7720,120.7413,0.9823,65.8806
W0311,311,44,main_etch,751.4785,9.7524,120.9628,0.9862,65.6036
W0311,311,45,main_etch,753.5884,9.6995,120.2924,0.9887,65.9160
W0311,311,46,main_etch,752.2355,9.8002,121.7454,0.9948,65.9310
W0311,311,47,main_etch,749.8664,9.6872,120.9776,0.9849,66.0378
W0311,311,48,main_etch,755.0284,9.6019,121.6752,1.0015,66.0505
W0311,311,49,main_etch,756.4779,9.6405,122.6729,1.0242,65.7686
W0311,311,50,main_etch,754.4262,9.6425,120.8676,1.0168,66.0166
W0311,311,51,main_etch,757.4903,9.7115,121.3112,1.0414,66.0634
W0311,311,52,main_etch,755.1496,9.6935,119.2973,1.0254,66.0660
W0311,311,53,main_etch,755.0068,9.6464,121.3242,1.0397,66.1284
W0311,311,54,main_etch,751.9428,9.6937,121.5978,1.0676,66.2996
W0311,311,55,main_etch,749.6007,9.7421,119.9134,1.0508,66.0150
W0311,311,56,main_etch,750.8791,9.7378,121.1683,1.0391,66.1162
W0311,311,57,main_etch,756.6323,9.6293,122.1300,1.0669,66.4156
W0311,311,58,main_etch,753.3362,9.6878,122.0443,1.0588,65.9986
W0311,311,59,main_etch,753.1751,9.6534,121.1739,1.0750,66.3601
W0311,311,60,main_etch,759.8092,9.7151,121.4365,1.0946,66.0921
W0311,311,61,main_etch,754.9551,9.6744,120.8962,1.0989,66.0181
W0311,311,62,main_etch,750.5288,9.6506,122.0517,1.0893,66.0588
W0311,311,63,main_etch,756.4477,9.6635,120.4249,1.0931,66.0477
W0311,311,64,main_etch,753.0146,9.7350,119.6767,1.0928,66.0718
W0311,311,65,main_etch,758.4164,9.6540,120.2698,1.1078,66.0636
W0311,311,66,main_etch,758.5375,9.6083,121.3778,1.1230,66.1958
W0311,311,67,main_etch,749.9144,9.6259,122.0332,1.1152,65.8975
W0311,311,68,main_etch,758.8732,9.6700,121.3504,1.1274,66.3320
W0311,311,69,main_etch,751.7606,9.6660,121.1584,1.1518,66.0194
W0311,311,70,main_etch,755.8622,9.6195,119.5399,1.1428,66.2151
W0311,311,71,main_etch,754.0175,9.6633,120.2852,1.1460,66.1890
W0311,311,72,main_etch,757.1626,9.6989,122.4465,1.1487,66.2498
W0311,311,73,main_etch,758.5745,9.6850,122.2625,1.1745,66.0705
W0311,311,74,main_etch,754.6389,9.6812,120.6502,1.1739,66.1310
W0311,311,75,overetch,723.1411,9.5167,122.7226,0.6871,66.5594
W0311,311,76,overetch,723.3195,9.5765,123.4479,0.6814,66.7234
W0311,311,77,overetch,725.7279,9.4995,124.1824,0.6904,66.5880
W0311,311,78,overetch,723.8520,9.4695,125.0315,0.6860,66.2952
W0311,311,79,overetch,722.6866,9.4686,125.0416,0.6936,66.6189
W0311,311,80,overetch,721.0780,9.5460,124.4823,0.6877,66.1410
W0311,311,81,overetch,723.9484,9.4725,123.0807,0.7027,66.7488
W0311,311,82,overetch,728.2681,9.4637,122.7488,0.7019,66.4948
W0311,311,83,overetch,726.6575,9.5570,124.6103,0.7046,66.5572
W0311,311,84,overetch,727.4122,9.4790,123.1870,0.7046,66.6086
W0311,311,85,overetch,724.5479,9.5150,122.6885,0.7070,66.7266
W0311,311,86,overetch,723.0090,9.4864,123.9494,0.7182,66.6958
W0311,311,87,overetch,722.1215,9.4547,125.0708,0.7184,66.3758
W0311,311,88,overetch,721.6039,9.5756,123.9766,0.7327,66.4929
W0311,311,89,overetch,729.3404,9.4743,123.8249,0.7361,66.3095
W0311,311,90,overetch,730.8805,9.4934,123.3601,0.7186,66.5182
W0311,311,91,overetch,725.3288,9.5541,122.0553,0.7531,66.6000
W0311,311,92,overetch,725.1003,9.4908,123.3481,0.7426,66.5798
W0311,311,93,overetch,720.4810,9.4792,124.6647,0.7429,66.8082
W0311,311,94,overetch,721.3011,9.5300,123.4833,0.7472,66.6883
W0311,311,95,overetch,721.8462,9.6123,123.4634,0.7585,66.8013
W0311,311,96,overetch,727.4184,9.4998,124.6668,0.7677,66.5576
W0311,311,97,overetch,724.3040,9.5309,125.4003,0.7475,66.6774
W0311,311,98,overetch,718.5725,9.5765,124.5340,0.7446,66.6399
W0311,311,99,overetch,727.0890,9.5316,125.6907,0.7689,66.8750
W0320,320,0,stabilize,680.5202,10.6938,121.9114,0.5138,63.0099
W0320,320,1,stabilize,680.1967,10.7972,121.5145,0.5144,63.2089
W0320,320,2,stabilize,680.3693,10.7809,122.0573,0.5198,63.1505
W0320,320,3,stabilize,674.1121,10.7058,121.4567,0.5264,63.1537
W0320,320,4,stabilize,678.4668,10.8494,122.8408,0.5139,63.1646
W0320,320,5,stabilize,680.6440,10.7908,122.8041,0.5227,63.2648
W0320,320,6,stabilize,675.8662,10.8312,124.4238,0.5498,63.1896
W0320,320,7,stabilize,675.5792,10.7682,123.5464,0.5486,63.2463
W0320,320,8,stabilize,678.2696,10.6949,122.0815,0.5377,63.2569
W0320,320,9,stabilize,677.4193,10.7960,122.4104,0.5493,63.0399
W0320,320,10,stabilize,680.0341,10.8775,123.1529,0.5450,63.1278
W0320,320,11,stabilize,679.5477,10.8428,123.3671,0.5467,63.2914
W0320,320,12,stabilize,678.0490,10.7433,122.5066,0.5423,63.1510
W0320,320,13,stabilize,681.6983,10.7847,122.7925,0.5496,63.4581
W0320,320,14,stabilize,673.7862,10.7816,121.9855,0.5660,63.1822
W0320,320,15,stabilize,678.9782,10.7667,121.8182,0.5650,62.9328
W0320,320,16,stabilize,677.6420,10.8025,120.5785,0.5471,63.1702
W0320,320,17,stabilize,681.2048,10.8034,122.4636,0.5647,62.9301
W0320,320,18,stabilize,678.3184,10.6734,121.4046,0.5626,63.2500
W0320,320,19,stabilize,680.0283,10.7597,123.0998,0.5571,63.1201
W0320,320,20,main_etch,749.3138,10.2293,122.9350,0.8460,63.6841
W0320,320,21,main_etch,749.0627,10.3095,122.3414,0.8543,63.8006
W0320,320,22,main_etch,757.7761,10.2799,121.7552,0.8494,63.6385
W0320,320,23,main_etch,754.8457,10.4179,122.4330,0.8549,63.4684
W0320,320,24,main_etch,754.1531,10.2372,122.0222,0.8486,63.5900
W0320,320,25,main_etch,756.1057,10.3323,121.5247,0.8632,63.7163
W0320,320,26,main_etch,757.4576,10.3677,121.5101,0.8696,63.9227
W0320,320,27,main_etch,757.0904,10.2507,122.7472,0.8892,63.5006
W0320,320,28,main_etch,754.9335,10.2559,122.5739,0.8640,63.5454
W0320,320,29,main_etch,756.7322,10.2339,122.7902,0.8845,63.6171
W0320,320,30,main_etch,752.5978,10.2221,122.9973,0.8935,63.4922
W0320,320,31,main_etch,756.0689,10.2979,122.2749,0.9095,63.7346
W0320,320,32,main_etch,753.5005,10.2670,122.4610,0.9154,63.5002
W0320,320,33,main_etch,751.0201,10.2427,122.2138,0.9065,63.9312
W0320,320,34,main_etch,754.5028,10.2665,121.7057,0.9138,63.8185
W0320,320,35,main_etch,752.0422,10.3089,123.1014,0.8990,63.8623
W0320,320,36,main_etch,757.2712,10.3002,122.8270,0.9281,63.6362
W0320,320,37,main_etch,756.5786,10.2795,123.3206,0.9156,63.8182
W0320,320,38,main_etch,757.6335,10.2540,123.0999,0.9287,63.9603
W0320,320,39,main_etch,753.2011,10.3323,121.0031,0.9363,63.7809
W0320,320,40,main_etch,751.1807,10.3087,122.0359,0.9509,63.7578
W0320,320,41,main_etch,755.0351,10.2976,122.9398,0.9683,63.6482
W0320,320,42,main_etch,757.0406,10.2867,122.7166,0.9628,63.8522
W0320,320,43,main_etch,754.0482,10.2919,121.5146,0.9607,64.1307
W0320,320,44,main_etch,752.7389,10.3260,122.1049,0.9863,63.8032
W0320,320,45,main_etch,753.9621,10.2894,122.2325,0.9607,63.8010
W0320,320,46,main_etch,749.6349,10.3424,122.8322,0.9806,63.9635
W0320,320,47,main_etch,754.9701,10.2166,121.1308,0.9951,63.6446
W0320,320,48,main_etch,752.8638,10.2720,123.6556,0.9810,63.7098
W0320,320,49,main_etch,752.1417,10.3186,122.6665,0.9874,63.8385
W0320,320,50,main_etch,754.9444,10.3215,124.7665,1.0113,63.6632
W0320,320,51,main_etch,759.3246,10.2565,121.9504,0.9988,63.7720
W0320,320,52,main_etch,756.9752,10.3283,122.9178,1.0222,63.7804
W0320,320,53,main_etch,756.6804,10.3085,121.8308,1.0151,63.8728
W0320,320,54,main_etch,756.2107,10.3806,122.3456,1.0381,63.7924
W0320,320,55,main_etch,751.2199,10.3034,121.9788,1.0193,63.7294
W0320,320,56,main_etch,753.1380,10.3611,123.9282,1.0569,63.7864
W0320,320,57,main_etch,751.2744,10.2699,123.3568,1.0237,63.7237
W0320,320,58,main_etch,751.5043,10.3053,122.5170,1.0305,63.6560
W0320,320,59,main_etch,753.5078,10.3693,120.6061,1.0615,63.8033
W0320,320,60,main_etch,756.2383,10.3041,120.6019,1.0653,64.0417
W0320,320,61,main_etch,757.1739,10.2943,121.0510,1.0626,63.6727
W0320,320,62,main_etch,758.7175,10.2903,121.5993,1.0556,64.1463
W0320,320,63,main_etch,759.2856,10.2975,122.6644,1.0804,63.7914
W0320,320,64,main_etch,751.2074,10.3290,121.9917,1.0836,63.8088
W0320,320,65,main_etch,752.5117,10.2748,122.2318,1.0960,63.9546
W0320,320,66,main_etch,755.9017,10.2686,122.3712,1.0866,64.1406
W0320,320,67,main_etch,756.0627,10.2312,121.9674,1.1006,64.0743
W0320,320,68,main_etch,749.0827,10.2775,122.9704,1.1015,63.6176
W0320,320,69,main_etch,757.9321,10.2151,122.9615,1.1113,64.0568
W0320,320,70,main_etch,750.9070,10.3171,123.0624,1.0990,63.6701
W0320,320,71,main_etch,758.1854,10.3381,122.4406,1.1267,63.7655
W0320,320,72,main_etch,754.4375,10.3976,122.0657,1.1262,64.0390
W0320,320,73,main_etch,755.3456,10.3909,123.4775,1.1236,63.8978
W0320,320,74,main_etch,755.5955,10.3077,122.0023,1.1165,63.9752
W0320,320,75,overetch,726.8132,10.0989,124.5304,0.6788,64.3329
W0320,320,76,overetch,724.2443,10.0919,125.1716,0.6869,64.6088
W0320,320,77,overetch,725.0013,10.0967,125.4732,0.6900,64.5219
W0320,320,78,overetch,726.2571,10.0615,125.3022,0.6756,64.3615
W0320,320,79,overetch,727.3954,10.1434,124.7700,0.6839,64.3558
W0320,320,80,overetch,722.1478,10.1471,125.6641,0.6989,64.3103
W0320,320,81,overetch,726.1879,10.0491,124.5848,0.6887,64.3447
W0320,320,82,overetch,724.9384,10.0402,125.1378,0.6946,64.4934
W0320,320,83,overetch,724.8169,10.0700,124.3913,0.6874,64.4768
W0320,320,84,overetch,724.7208,10.0345,123.7890,0.6925,64.4188
W0320,320,85,overetch,725.1301,10.0752,124.1844,0.7128,64.2741
W0320,320,86,overetch,727.0468,10.1061,126.3101,0.7255,64.8061
W0320,320,87,overetch,720.2038,10.0486,124.7096,0.7069,64.3698
W0320,320,88,overetch,720.1564,10.0641,124.2603,0.7021,64.1646
W0320,320,89,overetch,722.2026,10.1316,124.8794,0.7278,64.4911
W0320,320,90,overetch,722.1747,10.1002,123.4637,0.7190,64.7773
W0320,320,91,overetch,723.1623,10.0842,123.4042,0.7239,64.5012
W0320,320,92,overetch,720.9610,10.0302,125.8035,0.7258,64.6219
W0320,320,93,overetch,723.8991,10.0898,124.6661,0.7193,64.6195
W0320,320,94,overetch,724.6086,10.1198,124.3171,0.7304,64.6009
W0320,320,95,overetch,721.9171,10.0943,123.7726,0.7200,64.4878
W0320,320,96,overetch,721.7185,10.0656,124.4369,0.7330,64.3909
W0320,320,97,overetch,721.5817,10.0754,124.0457,0.7294,64.2477
W0320,320,98,overetch,723.6403,10.1059,126.2848,0.7499,64.3762
W0320,320,99,overetch,726.8632,10.1440,125.3548,0.7597,64.5133
W0321,321,0,stabilize,680.1773,10.8107,120.6371,0.4787,64.0541
W0321,321,1,stabilize,675.6890,10.9013,122.9376,0.5166,63.5489
W0321,321,2,stabilize,681.8475,10.9222,119.8854,0.4925,64.1338
W0321,321,3,stabilize,679.4024,10.8879,121.5593,0.5126,63.6030
W0321,321,4,stabilize,681.9830,10.8984,121.1941,0.4877,63.6632
W0321,321,5,stabilize,682.1894,10.8850,122.2742,0.5134,64.0040
W0321,321,6,stabilize,681.2656,10.8747,119.3664,0.4924,63.6447
W0321,321,7,stabilize,674.4773,10.9291,119.3323,0.5105,63.9077
W0321,321,8,stabilize,679.6970,10.8613,119.8558,0.5154,63.9094
W0321,321,9,stabilize,687.8573,10.9109,121.2213,0.5150,63.7622
W0321,321,10,stabilize,684.4590,10.8742,121.1266,0.5156,63.8363
W0321,321,11,stabilize,679.1377,10.8528,121.0841,0.5095,63.5887
W0321,321,12,stabilize,681.0149,10.8754,119.8973,0.5011,63.9163
W0321,321,13,stabilize,682.0664,10.8448,120.3172,0.5107,63.8569
W0321,321,14,stabilize,681.3154,10.8940,120.2684,0.5005,64.2141
W0321,321,15,stabilize,683.0476,10.8995,121.3924,0.5229,63.6599
W0321,321,16,stabilize,684.3879,10.9370,120.7925,0.5224,63.7949
W0321,321,17,stabilize,684.4096,10.8540,120.3433,0.5243,63.9213
W0321,321,18,stabilize,681.8508,10.8869,120.6981,0.5291,63.7182
W0321,321,19,stabilize,685.4268,10.8760,120.9737,0.5181,63.7516
W0321,321,20,main_etch,758.8400,10.3305,120.2886,0.8345,64.4946
W0321,321,21,main_etch,756.1995,10.3001,121.3355,0.8526,64.0567
W0321,321,22,main_etch,757.8625,10.3259,120.0954,0.8576,64.0232
W0321,321,23,main_etch,756.7296,10.3688,120.6137,0.8461,64.2735
W0321,321,24,main_etch,755.7695,10.3198,121.6007,0.8635,64.1388
W0321,321,25,main_etch,760.7160,10.4049,122.0517,0.8716,64.1917
W0321,321,26,main_etch,753.1787,10.3745,121.3268,0.8629,64.3884
W0321,321,27,main_etch,753.8796,10.3028,120.6823,0.8731,64.0861
W0321,321,28,main_etch,759.6565,10.3954,120.4659,0.8739,64.2887
W0321,321,29,main_etch,752.8506,10.3754,121.0093,0.8728,64.4360
W0321,321,30,main_etch,755.9552,10.2800,120.6926,0.9095,64.3769
W0321,321,31,main_etch,760.6674,10.3838,119.5266,0.8836,64.6441
W0321,321,32,main_etch,758.9124,10.2986,121.5135,0.9014,64.3374
W0321,321,33,main_etch,760.2621,10.3543,120.7890,0.8851,64.6136
W0321,321,34,main_etch,757.1610,10.3221,120.9643,0.8781,64.2801
W0321,321,35,main_etch,759.0107,10.3806,119.9306,0.9025,64.3714
W0321,321,36,main_etch,756.1638,10.3123,119.8499,0.8870,64.2909
W0321,321,37,main_etch,755.7308,10.4032,120.5803,0.9158,64.2128
W0321,321,38,main_etch,760.8037,10.4416,121.1740,0.9099,64.1281
W0321,321,39,main_etch,759.7847,10.3187,119.9725,0.9103,64.3701
W0321,321,40,main_etch,758.1184,10.3477,120.6562,0.8949,64.3753
W0321,321,41,main_etch,759.9079,10.3959,121.8587,0.9160,64.4951
W0321,321,42,main_etch,755.3274,10.3641,119.3823,0.9107,64.2957
W0321,321,43,main_etch,754.2399,10.3492,120.0146,0.9065,64.5851
W0321,321,44,main_etch,759.9301,10.2038,120.6514,0.9094,64.3845
W0321,321,45,main_etch,758.3120,10.2799,120.1379,0.9199,64.4574
W0321,321,46,main_etch,757.6533,10.2651,120.9244,0.9262,64.3707
W0321,321,47,main_etch,757.8260,10.3111,119.1671,0.9231,64.3808
W0321,321,48,main_etch,757.8967,10.3884,121.7460,0.9169,64.4153
W0321,321,49,main_etch,759.6284,10.3123,120.6737,0.9181,64.5554
W0321,321,50,main_etch,755.9179,10.4141,120.8709,0.9248,64.4945
W0321,321,51,main_etch,754.6604,10.4361,119.9686,0.9239,64.3535
W0321,321,52,main_etch,755.4720,10.2626,121.1578,0.9414,64.5746
W0321,321,53,main_etch,759.2644,10.2836,121.9542,0.9432,64.5220
W0321,321,54,main_etch,752.2295,10.3441,120.3037,0.9469,64.3831
W0321,321,55,main_etch,759.5165,10.3618,121.2911,0.9399,64.6907
W0321,321,56,main_etch,756.0504,10.3800,121.9885,0.9599,64.5428
W0321,321,57,main_etch,763.9351,10.3627,120.5852,0.9680,64.6803
W0321,321,58,main_etch,756.3809,10.3667,120.5107,0.9844,64.4378
W0321,321,59,main_etch,749.4429,10.4089,121.3445,0.9654,64.8046
W0321,321,60,main_etch,762.1711,10.3807,118.5767,0.9488,64.5057
W0321,321,61,main_etch,758.8784,10.4118,120.8784,0.9579,64.3741
W0321,321,62,main_etch,760.0435,10.3778,120.3938,0.9617,64.6314
W0321,321,63,main_etch,753.3157,10.3571,120.3254,0.9577,64.4316
W0321,321,64,main_etch,756.0595,10.3326,121.5731,0.9770,64.4602
W0321,321,65,main_etch,758.9988,10.3864,120.1464,0.9659,64.4461
W0321,321,66,main_etch,753.8751,10.4038,120.8721,0.9620,64.6383
W0321,321,67,main_etch,760.0827,10.3399,121.9696,0.9940,64.6569
W0321,321,68,main_etch,757.9137,10.3711,121.9959,0.9890,64.7208
W0321,321,69,main_etch,758.2219,10.3658,120.4267,1.0020,64.3687
W0321,321,70,main_etch,759.7937,10.3098,121.4791,0.9783,64.3789
W0321,321,71,main_etch,758.3783,10.3119,120.7303,0.9894,64.5366
W0321,321,72,main_etch,757.6318,10.3840,120.6990,1.0069,64.2684
W0321,321,73,main_etch,764.6269,10.4065,121.6072,0.9936,64.5013
W0321,321,74,main_etch,763.4890,10.3548,121.1712,1.0019,64.7972
W0321,321,75,overetch,725.4134,9.9880,123.4301,0.6536,65.0029
W0321,321,76,overetch,728.8055,10.1072,123.9329,0.6589,65.2336
W0321,321,77,overetch,728.7291,10.2055,124.1193,0.6578,65.1304
W0321,321,78,overetch,730.5859,10.1541,123.9036,0.6519,65.0551
W0321,321,79,overetch,725.0583,10.1464,123.5927,0.6596,65.2787
W0321,321,80,overetch,727.9046,10.0205,121.9869,0.6577,65.1407
W0321,321,81,overetch,720.4412,10.1885,123.8499,0.6680,65.0708
W0321,321,82,overetch,728.9321,10.1047,123.5086,0.6712,64.9637
W0321,321,83,overetch,725.3162,10.0270,122.9569,0.6630,65.2443
W0321,321,84,overetch,724.8548,10.0871,124.0616,0.6538,64.8461
W0321,321,85,overetch,724.3937,10.1267,124.2149,0.6630,65.3545
W0321,321,86,overetch,727.2479,10.1328,124.1761,0.6666,65.4222
W0321,321,87,overetch,728.1737,10.1974,123.3138,0.6460,64.9926
W0321,321,88,overetch,729.4194,10.1218,123.8504,0.6656,64.8681
W0321,321,89,overetch,722.6683,10.1437,122.5310,0.6835,65.4051
W0321,321,90,overetch,725.1355,10.1368,122.9649,0.6752,65.1399
W0321,321,91,overetch,723.3743,10.1010,121.7808,0.6843,65.3336
W0321,321,92,overetch,724.2710,10.2218,124.0876,0.6551,65.3299
W0321,321,93,overetch,727.1185,10.0846,124.9236,0.6793,65.0173
W0321,321,94,overetch,728.2870,10.1291,123.7501,0.6770,65.2275
W0321,321,95,overetch,727.9462,10.1323,122.1313,0.6777,65.0405
W0321,321,96,overetch,727.4468,10.0803,123.4320,0.6954,64.8437
W0321,321,97,overetch,727.3270,10.1001,122.9673,0.6928,65.2678
W0321,321,98,overetch,729.9482,10.1728,124.8278,0.6690,65.1353
W0321,321,99,overetch,723.3084,10.1690,123.3626,0.6799,65.0438
W0336,336,0,stabilize,683.3257,9.8222,122.2096,0.5669,65.7919
W0336,336,1,stabilize,679.4697,9.8095,123.4794,0.5500,66.1862
W0336,336,2,stabilize,684.3454,9.8212,122.0504,0.5579,66.0515
W0336,336,3,stabilize,682.2895,9.9068,121.4775,0.5573,65.8964
W0336,336,4,stabilize,684.9719,9.8222,121.4857,0.5444,66.0460
W0336,336,5,stabilize,680.2709,9.9026,121.7924,0.5629,65.9651
W0336,336,6,stabilize,680.9602,9.9044,122.0808,0.5435,65.9354
W0336,336,7,stabilize,683.6459,9.8669,122.1296,0.5539,65.9943
W0336,336,8,stabilize,687.4881,9.9726,123.2234,0.5540,65.7337
W0336,336,9,stabilize,684.5859,9.9553,121.7892,0.5452,65.9285
W0336,336,10,stabilize,680.8474,9.9835,121.4864,0.5479,66.0035
W0336,336,11,stabilize,678.1817,9.9677,121.7418,0.5660,66.0102
W0336,336,12,stabilize,682.8107,9.9431,121.6644,0.5377,65.8819
W0336,336,13,stabilize,679.9747,10.0257,122.3181,0.5468,66.0645
W0336,336,14,stabilize,683.1420,9.8676,121.5338,0.5306,65.7703
W0336,336,15,stabilize,682.7255,9.8660,121.7957,0.5553,66.2119
W0336,336,16,stabilize,679.5492,9.8452,124.4157,0.5457,65.8079
W0336,336,17,stabilize,684.7084,9.8964,122.0529,0.5384,66.2326
W0336,336,18,stabilize,683.2732,9.9047,123.5380,0.5300,65.9967
W0336,336,19,stabilize,687.5349,9.8658,122.3840,0.5598,65.9059
W0336,336,20,main_etch,757.8401,9.3887,122.7892,1.0276,66.3029
W0336,336,21,main_etch,758.3518,9.4833,121.8316,1.0082,66.2917
W0336,336,22,main_etch,759.0110,9.4801,122.3516,0.9965,66.3388
W0336,336,23,main_etch,759.2486,9.3380,122.9795,1.0204,66.4379
W0336,336,24,main_etch,755.0692,9.4162,122.3590,1.0174,66.7815
W0336,336,25,main_etch,759.9211,9.3524,122.5692,1.0066,66.4551
W0336,336,26,main_etch,760.4571,9.4645,120.8343,1.0156,66.4506
W0336,336,27,main_etch,763.7977,9.3844,121.3743,1.0068,66.3787
W0336,336,28,main_etch,756.4878,9.4960,123.1109,1.0082,66.1670
W0336,336,29,main_etch,761.6189,9.4176,123.1658,1.0232,66.5333
W0336,336,30,main_etch,756.6171,9.4470,122.3658,1.0092,66.5029
W0336,336,31,main_etch,759.4404,9.3599,123.6459,0.9920,66.4491
W0336,336,32,main_etch,758.7903,9.4580,123.5256,0.9974,66.4284
W0336,336,33,main_etch,757.9038,9.4004,123.5937,1.0087,66.4597
W0336,336,34,main_etch,762.5349,9.4286,121.9271,1.0072,66.5369
W0336,336,35,main_etch,759.3360,9.4223,121.1256,1.0025,66.4514
W0336,336,36,main_etch,757.1273,9.3845,122.4809,1.0088,66.5157
W0336,336,37,main_etch,760.3951,9.4042,123.3221,1.0122,66.3725
W0336,336,38,main_etch,753.7485,9.4752,121.3423,1.0001,66.8325
W0336,336,39,main_etch,759.7022,9.4245,122.1591,1.0137,66.4812
W0336,336,40,main_etch,758.3544,9.3582,123.5436,1.0119,66.5945
W0336,336,41,main_etch,765.8585,9.3329,121.6089,1.0131,66.7320
W0336,336,42,main_etch,758.8439,9.4758,122.8706,0.9968,66.3581
W0336,336,43,main_etch,759.5332,9.4140,122.4338,1.0034,66.5134
W0336,336,44,main_etch,754.3765,9.4679,121.5408,1.0083,66.5251
W0336,336,45,main_etch,758.3665,9.5154,122.2213,1.0031,66.5254
W0336,336,46,main_etch,761.0699,9.4648,123.6486,0.9908,66.4637
W0336,336,47,main_etch,757.2399,9.4035,121.3648,1.0023,66.3078
W0336,336,48,main_etch,758.2964,9.4430,122.8071,1.0111,66.3828
W0336,336,49,main_etch,758.2319,9.4213,122.2977,1.0056,66.5948
W0336,336,50,main_etch,760.8897,9.3602,122.8959,0.9824,66.6495
W0336,336,51,main_etch,758.5961,9.4534,121.2692,0.9920,66.8364
W0336,336,52,main_etch,753.7353,9.4910,121.7794,0.9794,66.5030
W0336,336,53,main_etch,755.0161,9.3004,123.7308,0.9858,66.6483
W0336,336,54,main_etch,760.8869,9.4236,122.2046,0.9940,66.8990
W0336,336,55,main_etch,757.5144,9.4350,122.2056,0.9905,66.5161
W0336,336,56,main_etch,762.6060,9.3782,121.8078,0.9851,66.8019
W0336,336,57,main_etch,754.4896,9.5029,122.4893,0.9931,66.5852
W0336,336,58,main_etch,758.1345,9.4507,121.4890,0.9893,66.6160
W0336,336,59,main_etch,757.1811,9.4568,121.7569,0.9887,66.6357
W0336,336,60,main_etch,762.3042,9.4608,121.9461,0.9924,66.7761
W0336,336,61,main_etch,761.7919,9.4729,122.7438,0.9798,66.9107
W0336,336,62,main_etch,756.1879,9.4017,123.1139,0.9847,66.6489
W0336,336,63,main_etch,759.7470,9.3947,122.2265,0.9994,66.8828
W0336,336,64,main_etch,762.8679,9.4095,121.4405,0.9781,66.5881
W0336,336,65,main_etch,756.6913,9.3946,122.4941,0.9842,66.7517
W0336,336,66,main_etch,759.1725,9.4126,123.7092,0.9919,66.6111
W0336,336,67,main_etch,760.6812,9.5250,122.3102,0.9996,66.6347
W0336,336,68,main_etch,760.5085,9.3487,123.7222,0.9830,66.9950
W0336,336,69,main_etch,758.1325,9.4085,121.6186,0.9949,66.7925
W0336,336,70,main_etch,761.4943,9.3899,121.0823,1.0088,66.6832
W0336,336,71,main_etch,759.6709,9.3936,121.1764,0.9828,66.6903
W0336,336,72,main_etch,763.1278,9.4096,123.0609,0.9809,66.6475
W0336,336,73,main_etch,757.8085,9.5292,123.5233,0.9947,66.7283
W0336,336,74,main_etch,759.4989,9.4516,120.9145,0.9776,66.9156
W0336,336,75,overetch,729.1233,9.2480,125.4312,0.7171,67.1155
W0336,336,76,overetch,729.4994,9.1892,125.5314,0.7055,67.2648
W0336,336,77,overetch,728.0780,9.0951,125.4285,0.7371,67.1249
W0336,336,78,overetch,726.9217,9.2282,124.5577,0.7284,67.1473
W0336,336,79,overetch,726.7821,9.2057,126.4978,0.7118,67.5137
W0336,336,80,overetch,726.0696,9.2622,125.0461,0.7260,67.3701
W0336,336,81,overetch,732.8225,9.2486,125.6201,0.7158,67.0497
W0336,336,82,overetch,728.4860,9.1747,124.7323,0.7331,67.3348
W0336,336,83,overetch,728.9335,9.2360,124.9906,0.7090,67.2155
W0336,336,84,overetch,728.1336,9.1893,124.8360,0.7335,67.2223
W0336,336,85,overetch,728.4585,9.2720,125.9454,0.7134,67.4747
W0336,336,86,overetch,727.6155,9.1561,125.5893,0.7130,67.4139
W0336,336,87,overetch,730.0303,9.1486,124.3920,0.7209,67.2170
W0336,336,88,overetch,727.3604,9.2283,124.5931,0.7235,67.3217
W0336,336,89,overetch,727.8528,9.2648,126.1759,0.7226,67.2961
W0336,336,90,overetch,728.8430,9.2851,126.7237,0.7062,67.0510
W0336,336,91,overetch,725.0319,9.2962,123.7207,0.7190,67.2492
W0336,336,92,overetch,726.4893,9.1104,124.4244,0.7112,67.3997
W0336,336,93,overetch,731.1001,9.1619,124.9566,0.7148,67.3071
W0336,336,94,overetch,727.2568,9.1804,126.2125,0.7041,67.2978
W0336,336,95,overetch,730.1650,9.2121,124.2501,0.7054,67.2792
W0336,336,96,overetch,729.8738,9.2088,124.5972,0.7036,67.0768
W0336,336,97,overetch,730.9390,9.2455,123.8052,0.7311,67.4588
W0336,336,98,overetch,731.1427,9.2625,124.0770,0.7116,67.3517
W0336,336,99,overetch,726.1391,9.2646,124.6409,0.7009,67.3051
W0359,359,0,stabilize,683.0244,9.7059,112.5299,0.5347,66.3794
W0359,359,1,stabilize,683.1842,9.7838,114.0313,0.5564,66.3397
W0359,359,2,stabilize,684.0771,9.6515,113.3264,0.5850,66.2764
W0359,359,3,stabilize,685.6849,9.7745,113.6678,0.5685,66.3813
W0359,359,4,stabilize,690.4842,9.6736,112.5125,0.5527,66.4304
W0359,359,5,stabilize,682.5035,9.7256,113.0546,0.5451,66.3542
W0359,359,6,stabilize,684.7764,9.7243,113.8213,0.5636,66.4415
W0359,359,7,stabilize,682.4491,9.7426,113.1176,0.5469,66.1736
W0359,359,8,stabilize,683.2274,9.6842,114.1452,0.5545,66.2844
W0359,359,9,stabilize,686.3847,9.6477,112.5140,0.5382,66.4811
W0359,359,10,stabilize,682.9203,9.7609,112.3174,0.5548,65.9905
W0359,359,11,stabilize,683.3716,9.7612,112.4231,0.5462,66.5347
W0359,359,12,stabilize,684.6405,9.6953,112.6942,0.5587,66.2698
W0359,359,13,stabilize,686.6866,9.7038,112.9447,0.5515,66.1311
W0359,359,14,stabilize,683.5374,9.6773,112.6933,0.5577,66.4488
W0359,359,15,stabilize,685.3116,9.7784,113.0661,0.5376,66.3776
W0359,359,16,stabilize,686.7061,9.6904,113.4599,0.5521,66.2790
W0359,359,17,stabilize,684.9853,9.6449,113.1851,0.5558,66.6370
W0359,359,18,stabilize,682.9340,9.7342,114.7546,0.5579,66.5662
W0359,359,19,stabilize,688.0494,9.6017,112.9088,0.5407,66.4438
W0359,359,20,main_etch,763.6370,9.3536,111.8699,1.0345,66.7121
W0359,359,21,main_etch,759.7451,9.2174,112.5781,1.0369,66.7468
W0359,359,22,main_etch,759.8195,9.1819,113.7176,1.0219,66.7886
W0359,359,23,main_etch,760.6639,9.1787,111.7372,1.0225,66.9538
W0359,359,24,main_etch,762.4205,9.2995,114.1730,1.0143,66.9674
W0359,359,25,main_etch,763.4109,9.2240,113.2204,1.0344,66.8755
W0359,359,26,main_etch,760.1255,9.2986,112.1221,1.0305,66.9096
W0359,359,27,main_etch,763.2163,9.2517,113.2122,1.0125,67.0344
W0359,359,28,main_etch,761.9220,9.2527,112.7688,1.0290,67.1297
W0359,359,29,main_etch,766.8304,9.2984,113.5639,0.9977,66.7599
W0359,359,30,main_etch,758.5095,9.2265,114.5089,1.0173,66.8691
W0359,359,31,main_etch,760.7351,9.2523,113.5830,1.0019,67.0874
W0359,359,32,main_etch,764.3748,9.1690,113.3701,1.0240,67.1128
W0359,359,33,main_etch,761.5192,9.1887,113.0796,1.0152,66.8704
W0359,359,34,main_etch,759.1952,9.2630,112.2471,1.0119,66.9660
W0359,359,35,main_etch,765.2552,9.2363,112.4614,0.9899,67.0848
W0359,359,36,main_etch,764.1412,9.1934,112.9421,1.0274,67.1050
W0359,359,37,main_etch,764.5366,9.2282,112.0316,1.0193,66.7715
W0359,359,38,main_etch,757.0828,9.2632,113.1989,1.0029,66.9745
W0359,359,39,main_etch,764.6251,9.2655,112.6475,1.0161,66.9904
W0359,359,40,main_etch,758.7200,9.2017,113.4096,0.9959,66.9491
W0359,359,41,main_etch,762.8777,9.2702,114.2151,0.9996,66.7180
W0359,359,42,main_etch,761.0422,9.2696,112.6804,1.0080,66.8900
W0359,359,43,main_etch,761.1971,9.2827,112.7710,0.9898,67.1607
W0359,359,44,main_etch,764.4750,9.2589,112.6024,1.0047,66.9176
W0359,359,45,main_etch,764.5514,9.1682,112.6190,0.9989,66.9058
W0359,359,46,main_etch,763.2634,9.2081,111.8077,0.9996,67.0350
W0359,359,47,main_etch,762.0054,9.2761,112.4395,0.9972,66.9383
W0359,359,48,main_etch,763.4235,9.1497,113.5155,1.0102,67.1708
W0359,359,49,main_etch,760.7497,9.2209,112.1348,0.9977,66.9144
W0359,359,50,main_etch,763.7844,9.3042,112.6801,0.9854,67.2082
W0359,359,51,main_etch,760.3898,9.2811,112.5763,1.0059,67.2592
W0359,359,52,main_etch,760.3038,9.1922,112.5843,0.9925,67.1749
W0359,359,53,main_etch,760.6174,9.2752,113.3610,0.9888,66.9607
W0359,359,54,main_etch,764.1164,9.2351,113.7598,0.9696,67.3784
W0359,359,55,main_etch,757.1679,9.2341,113.6805,0.9873,66.9206
W0359,359,56,main_etch,758.4794,9.2835,111.7467,0.9792,67.2319
W0359,359,57,main_etch,762.5834,9.2285,111.7167,0.9663,67.2145
W0359,359,58,main_etch,760.3702,9.2287,113.9670,0.9832,67.0160
W0359,359,59,main_etch,762.4786,9.2734,112.9627,0.9889,67.2755
W0359,359,60,main_etch,759.9618,9.2081,113.3515,0.9935,67.1114
W0359,359,61,main_etch,760.3909,9.2207,112.7406,0.9593,67.3123
W0359,359,62,main_etch,762.4552,9.2236,112.6230,0.9871,66.8950
W0359,359,63,main_etch,765.6449,9.2296,112.4118,0.9685,67.0001
W0359,359,64,main_etch,764.0545,9.1476,113.8952,0.9718,67.1800
W0359,359,65,main_etch,758.5479,9.2820,113.5894,0.9780,67.0909
W0359,359,66,main_etch,760.1331,9.2867,114.4802,0.9687,67.2809
W0359,359,67,main_etch,767.2076,9.2166,112.9255,0.9558,67.0979
W0359,359,68,main_etch,763.4181,9.2688,112.1349,0.9878,67.1906
W0359,359,69,main_etch,760.4539,9.2055,112.2320,0.9852,67.2239
W0359,359,70,main_etch,760.8678,9.1746,112.4918,0.9658,67.2728
W0359,359,71,main_etch,766.2347,9.2561,112.4909,0.9631,67.3558
W0359,359,72,main_etch,761.7554,9.2334,111.4915,0.9660,67.1132
W0359,359,73,main_etch,760.8404,9.2532,113.5449,0.9908,67.3121
W0359,359,74,main_etch,763.7920,9.1841,112.2820,0.9774,67.4472
W0359,359,75,overetch,729.8361,9.1050,115.3075,0.7084,67.5823
W0359,359,76,overetch,728.9866,9.0688,115.9400,0.7081,67.5725
W0359,359,77,overetch,729.7257,9.0814,116.4327,0.7372,67.6066
W0359,359,78,overetch,730.1528,9.0538,114.8891,0.7151,67.7250
W0359,359,79,overetch,731.4028,8.9873,114.8015,0.7169,67.6390
W0359,359,80,overetch,730.5563,9.0776,117.0929,0.7322,67.5971
W0359,359,81,overetch,730.9675,9.0407,114.7521,0.7278,67.7035
W0359,359,82,overetch,727.0995,9.0806,115.1559,0.7035,67.6392
W0359,359,83,overetch,731.8852,9.1007,114.0420,0.7040,67.4786
W0359,359,84,overetch,729.4069,9.0979,117.4938,0.7073,67.6472
W0359,359,85,overetch,733.7895,9.1035,115.9550,0.7148,67.6935
W0359,359,86,overetch,729.0167,9.1003,115.1539,0.7270,67.7914
W0359,359,87,overetch,734.6652,9.0454,116.3901,0.7188,67.6860
W0359,359,88,overetch,729.9064,9.0224,115.3438,0.7054,67.6097
W0359,359,89,overetch,733.8739,8.9960,115.2197,0.7138,67.7101
W0359,359,90,overetch,729.5201,9.0263,114.7120,0.7108,67.8088
W0359,359,91,overetch,727.3722,9.0762,115.0704,0.7157,67.7340
W0359,359,92,overetch,729.6249,9.0621,116.2879,0.7015,67.6693
W0359,359,93,overetch,735.3228,9.1029,114.0138,0.7103,67.6462
W0359,359,94,overetch,728.5597,9.0425,115.1696,0.7165,67.7233
W0359,359,95,overetch,729.7547,9.1033,115.6075,0.7170,67.7438
W0359,359,96,overetch,734.0483,9.0413,116.3846,0.7048,67.8410
W0359,359,97,overetch,736.2750,8.9514,116.4459,0.7374,67.5919
W0359,359,98,overetch,729.7726,9.0806,115.6258,0.7132,68.0929
W0359,359,99,overetch,727.7846,8.9960,116.0108,0.7096,67.6463
W0386,386,0,stabilize,668.2571,11.8438,122.1048,0.5966,65.3951
W0386,386,1,stabilize,669.8785,11.8063,122.5536,0.5976,65.0306
W0386,386,2,stabilize,669.2719,11.8368,123.5271,0.6112,65.2078
W0386,386,3,stabilize,669.7589,11.7801,121.9613,0.6048,65.0614
W0386,386,4,stabilize,666.5420,11.7925,122.5147,0.5982,64.9333
W0386,386,5,stabilize,670.4206,11.8080,121.7274,0.5875,64.9719
W0386,386,6,stabilize,671.0667,11.8594,123.1647,0.6055,65.1806
W0386,386,7,stabilize,671.2754,11.8350,122.7889,0.5992,65.1186
W0386,386,8,stabilize,664.2684,11.7601,121.5050,0.6089,65.2229
W0386,386,9,stabilize,667.4532,11.7926,121.2758,0.6163,65.1479
W0386,386,10,stabilize,666.8247,11.8159,121.8090,0.6197,65.3209
W0386,386,11,stabilize,666.4131,11.8168,121.9875,0.6171,65.2191
W0386,386,12,stabilize,670.4770,11.7698,122.5638,0.6305,64.8392
W0386,386,13,stabilize,670.2195,11.7857,122.2325,0.6088,65.0324
W0386,386,14,stabilize,668.5641,11.7715,123.9072,0.6224,65.0962
W0386,386,15,stabilize,665.2616,11.8236,120.5591,0.6246,65.3265
W0386,386,16,stabilize,672.3798,11.8133,122.4848,0.6252,65.1749
W0386,386,17,stabilize,664.1160,11.7853,123.0543,0.6173,64.8869
W0386,386,18,stabilize,669.5801,11.8314,121.5389,0.6184,65.2758
W0386,386,19,stabilize,674.3636,11.8397,123.3100,0.6188,64.9994
W0386,386,20,main_etch,745.2368,11.2482,122.4912,1.0393,65.3862
W0386,386,21,main_etch,742.7268,11.1711,121.9721,1.0395,65.6459
W0386,386,22,main_etch,743.9151,11.2793,122.4069,1.0439,65.5731
W0386,386,23,main_etch,745.3353,11.2538,121.6622,1.0503,65.1636
W0386,386,24,main_etch,742.0828,11.2342,122.6232,1.0661,65.3844
W0386,386,25,main_etch,742.9722,11.3250,121.5239,1.0447,65.5230
W0386,386,26,main_etch,741.3018,11.2508,122.7835,1.0553,65.5803
W0386,386,27,main_etch,745.1065,11.2902,122.6312,1.0563,65.6867
W0386,386,28,main_etch,740.6456,11.2917,123.3665,1.0511,65.5089
W0386,386,29,main_etch,740.8549,11.2254,122.5170,1.0628,65.4541
W0386,386,30,main_etch,744.4866,11.2426,122.9512,1.0740,65.8419
W0386,386,31,main_etch,744.9690,11.1990,123.3496,1.0661,65.5710
W0386,386,32,main_etch,742.3969,11.2333,122.4814,1.0564,65.7415
W0386,386,33,main_etch,739.5366,11.1560,123.1083,1.0740,65.6612
W0386,386,34,main_etch,744.4199,11.1732,123.2688,1.0725,65.8476
W0386,386,35,main_etch,741.6171,11.1843,121.0380,1.0678,65.6873
W0386,386,36,main_etch,742.1016,11.1596,122.6599,1.0902,65.7457
W0386,386,37,main_etch,744.7597,11.1774,123.2233,1.0892,65.7046
W0386,386,38,main_etch,746.8223,11.1840,122.2678,1.0687,65.8041
W0386,386,39,main_etch,740.5377,11.2755,123.3649,1.0801,65.6770
W0386,386,40,main_etch,744.1474,11.2053,124.4105,1.0934,65.8975
W0386,386,41,main_etch,743.6139,11.1718,122.0062,1.0865,65.8000
W0386,386,42,main_etch,741.7098,11.2754,122.1576,1.0823,65.6645
W0386,386,43,main_etch,743.4187,11.2748,123.1085,1.1072,65.7156
W0386,386,44,main_etch,751.6022,11.2440,121.9569,1.0998,65.5876
W0386,386,45,main_etch,741.3129,11.1552,123.4542,1.1046,65.6536
W0386,386,46,main_etch,743.9589,11.2535,123.4352,1.1002,65.6162
W0386,386,47,main_etch,749.8439,11.1574,123.5254,1.0940,65.6817
W0386,386,48,main_etch,741.0500,11.2008,121.6667,1.1106,65.6221
W0386,386,49,main_etch,746.5303,11.2602,123.7643,1.1108,65.9473
W0386,386,50,main_etch,739.6024,11.2041,124.1086,1.1392,65.7942
W0386,386,51,main_etch,740.0437,11.1753,122.9612,1.1308,65.8437
W0386,386,52,main_etch,739.8062,11.3253,122.7707,1.1372,65.8398
W0386,386,53,main_etch,747.7796,11.2334,122.6396,1.1100,66.0002
W0386,386,54,main_etch,744.4955,11.1955,123.3393,1.1202,65.9596
W0386,386,55,main_etch,744.0584,11.2472,122.5995,1.1392,65.9834
W0386,386,56,main_etch,746.4607,11.2502,122.0781,1.1347,66.0203
W0386,386,57,main_etch,745.2851,11.2301,122.7242,1.1279,66.0615
W0386,386,58,main_etch,745.7887,11.2377,122.5746,1.1416,66.0057
W0386,386,59,main_etch,739.5953,11.2494,122.9427,1.1270,66.0760
W0386,386,60,main_etch,737.3398,11.2169,122.4457,1.1453,65.7837
W0386,386,61,main_etch,740.6284,11.1787,123.6789,1.1507,65.8236
W0386,386,62,main_etch,740.1372,11.1938,122.6046,1.1373,65.6249
W0386,386,63,main_etch,744.0549,11.3587,122.3434,1.1243,66.0807
W0386,386,64,main_etch,742.4742,11.2989,122.2802,1.1391,65.7233
W0386,386,65,main_etch,743.4461,11.2241,123.8805,1.1399,65.8508
W0386,386,66,main_etch,742.7580,11.1606,122.9547,1.1472,66.0626
W0386,386,67,main_etch,742.4567,11.2134,122.7882,1.1398,65.8244
W0386,386,68,main_etch,742.3519,11.3306,120.8463,1.1547,65.7888
W0386,386,69,main_etch,744.4657,11.1602,122.7425,1.1616,65.9097
W0386,386,70,main_etch,744.3134,11.2817,123.2678,1.1842,65.8462
W0386,386,71,main_etch,740.4233,11.2969,123.1064,1.1660,66.2911
W0386,386,72,main_etch,746.7142,11.2113,121.9916,1.1766,66.3310
W0386,386,73,main_etch,743.2950,11.2229,123.2124,1.1778,66.0654
W0386,386,74,main_etch,746.1934,11.1957,123.3876,1.1611,65.7631
W0386,386,75,overetch,713.8392,11.0000,125.2585,0.7761,66.3231
W0386,386,76,overetch,714.9994,11.0658,125.0846,0.7732,66.3258
W0386,386,77,overetch,712.0330,10.9957,124.5080,0.7839,66.4177
W0386,386,78,overetch,716.9851,11.0480,125.0087,0.7978,66.1783
W0386,386,79,overetch,711.9468,11.0207,125.4459,0.7921,66.4547
W0386,386,80,overetch,714.1042,11.0087,124.9696,0.8087,66.3316
W0386,386,81,overetch,710.4193,11.0133,125.3770,0.7994,66.5188
W0386,386,82,overetch,717.5005,11.0433,124.7657,0.7635,66.5035
W0386,386,83,overetch,714.0449,10.9991,125.4356,0.7970,66.2300
W0386,386,84,overetch,711.4963,11.0124,125.2929,0.7814,66.3286
W0386,386,85,overetch,711.7476,11.0622,125.2815,0.7997,66.3008
W0386,386,86,overetch,712.7791,11.0173,124.4359,0.8065,66.6731
W0386,386,87,overetch,714.4071,10.9564,124.5619,0.7940,66.2664
W0386,386,88,overetch,710.1273,11.0490,125.4422,0.7867,66.5538
W0386,386,89,overetch,712.7094,11.0112,125.4782,0.7858,66.4270
W0386,386,90,overetch,709.5189,11.0205,124.9777,0.7865,66.6330
W0386,386,91,overetch,712.0818,10.9503,125.9912,0.8076,66.6147
W0386,386,92,overetch,713.5262,11.0065,125.8712,0.7994,66.4862
W0386,386,93,overetch,709.2832,11.0121,125.9284,0.7968,66.4229
W0386,386,94,overetch,717.8827,11.0215,124.0245,0.7978,66.2070
W0386,386,95,overetch,713.1563,11.0603,125.2430,0.8048,66.4257
W0386,386,96,overetch,712.5518,11.0091,125.1572,0.8100,66.4127
W0386,386,97,overetch,715.2600,11.0532,126.9321,0.8106,66.4302
W0386,386,98,overetch,708.7355,11.0650,125.3597,0.8196,66.3312
W0386,386,99,overetch,713.2668,11.0138,126.2817,0.8175,66.3347
W0405,405,0,stabilize,689.1674,10.5369,114.9667,0.5596,65.6012
W0405,405,1,stabilize,685.5107,10.5058,114.4867,0.5459,65.8080
W0405,405,2,stabilize,687.0701,10.5535,114.6856,0.5407,65.7653
W0405,405,3,stabilize,686.6001,10.4226,116.3536,0.5350,65.8266
W0405,405,4,stabilize,685.1333,10.5009,116.5197,0.5341,65.6030
W0405,405,5,stabilize,688.6594,10.5595,114.8032,0.5477,65.6476
W0405,405,6,stabilize,687.0211,10.4814,115.6624,0.5317,65.6491
W0405,405,7,stabilize,682.0750,10.4372,115.1248,0.5115,65.6053
W0405,405,8,stabilize,686.5022,10.5211,115.2800,0.5247,65.8119
W0405,405,9,stabilize,685.1915,10.4738,115.4214,0.5109,65.8584
W0405,405,10,stabilize,688.2815,10.3748,115.8347,0.5365,65.9157
W0405,405,11,stabilize,680.4404,10.4466,115.2552,0.5133,65.7780
W0405,405,12,stabilize,685.8314,10.5149,115.3774,0.5231,65.6060
W0405,405,13,stabilize,688.3796,10.4653,116.3252,0.5108,65.6874
W0405,405,14,stabilize,687.0653,10.4923,114.9082,0.5083,65.7136
W0405,405,15,stabilize,685.4605,10.5152,114.7854,0.5153,66.0375
W0405,405,16,stabilize,687.7946,10.4336,115.6480,0.4990,65.7190
W0405,405,17,stabilize,687.6474,10.4516,116.7279,0.4949,65.7801
W0405,405,18,stabilize,684.0104,10.5210,114.8775,0.5096,65.7818
W0405,405,19,stabilize,684.7469,10.4778,114.9497,0.5076,65.7038
W0405,405,20,main_etch,768.5209,9.9995,113.5391,1.0483,66.3670
W0405,405,21,main_etch,761.0317,10.0444,114.1565,1.0634,66.3018
W0405,405,22,main_etch,756.1622,9.9378,115.5872,1.0458,66.2191
W0405,405,23,main_etch,761.8658,9.9919,114.9392,1.0586,66.4202
W0405,405,24,main_etch,762.7872,10.0138,113.9803,1.0454,66.3108
W0405,405,25,main_etch,762.1253,9.9982,116.0668,1.0564,66.4047
W0405,405,26,main_etch,767.1329,9.9811,115.0352,1.0259,66.5057
W0405,405,27,main_etch,766.7585,10.0541,114.6619,1.0387,66.3813
W0405,405,28,main_etch,763.1622,10.0810,114.7224,1.0131,66.3029
W0405,405,29,main_etch,761.6053,9.9155,116.6663,1.0085,66.5134
W0405,405,30,main_etch,760.6485,10.0153,116.8755,0.9990,66.2511
W0405,405,31,main_etch,760.9730,9.9503,115.0165,1.0023,66.1854
W0405,405,32,main_etch,761.6141,10.0712,114.3976,1.0071,66.5434
W0405,405,33,main_etch,760.6544,10.0211,114.7085,1.0173,66.4526
W0405,405,34,main_etch,760.6287,9.9481,114.5904,0.9958,66.0097
W0405,405,35,main_etch,759.1938,9.9804,114.7414,0.9862,66.2953
W0405,405,36,main_etch,758.2162,9.9027,115.3504,1.0048,66.2788
W0405,405,37,main_etch,760.5568,9.9394,115.4681,1.0021,66.3830
W0405,405,38,main_etch,762.4147,10.0297,114.6705,0.9851,66.4242
W0405,405,39,main_etch,764.4144,10.0661,114.9547,0.9838,66.5122
W0405,405,40,main_etch,762.3185,10.0334,115.3243,0.9736,66.3165
W0405,405,41,main_etch,763.9350,9.9586,114.8471,0.9742,66.5392
W0405,405,42,main_etch,763.5278,9.9302,115.0995,0.9807,66.2297
W0405,405,43,main_etch,763.5145,9.9715,115.0459,0.9757,66.4100
W0405,405,44,main_etch,758.2864,9.9717,116.4274,0.9758,66.3633
W0405,405,45,main_etch,761.9630,9.8828,116.3431,0.9607,66.5086
W0405,405,46,main_etch,759.9432,9.9457,115.7972,0.9359,66.5338
W0405,405,47,main_etch,761.8568,10.0511,114.6699,0.9339,66.4807
W0405,405,48,main_etch,759.3472,10.0217,114.9756,0.9389,66.6176
W0405,405,49,main_etch,761.3929,10.0359,115.0539,0.9366,66.6567
W0405,405,50,main_etch,759.8461,10.0052,114.6556,0.9374,66.4551
W0405,405,51,main_etch,759.6207,10.0652,116.6477,0.9099,66.5163
W0405,405,52,main_etch,762.9756,9.9586,116.0185,0.9231,66.7014
W0405,405,53,main_etch,762.5032,10.0309,115.4462,0.9217,66.3151
W0405,405,54,main_etch,759.1069,10.0191,114.6233,0.9170,66.3388
W0405,405,55,main_etch,759.4620,10.0811,114.4264,0.9283,66.2265
W0405,405,56,main_etch,764.8454,10.0485,114.4955,0.9028,66.4614
W0405,405,57,main_etch,758.5822,10.0519,116.2799,0.9058,66.1506
W0405,405,58,main_etch,764.0358,9.8889,115.4209,0.8920,66.4683
W0405,405,59,main_etch,760.1050,9.9425,115.3838,0.8855,66.5426
W0405,405,60,main_etch,761.7946,10.0338,114.2121,0.8797,66.3441
W0405,405,61,main_etch,765.5692,10.0098,114.8759,0.9056,66.3385
W0405,405,62,main_etch,759.2344,9.9999,114.7391,0.8819,66.8241
W0405,405,63,main_etch,763.2154,10.0215,113.9441,0.8681,66.5422
W0405,405,64,main_etch,761.2215,10.0057,114.0546,0.8870,66.4214
W0405,405,65,main_etch,757.4813,9.9754,114.9409,0.8696,66.4696
W0405,405,66,main_etch,762.4409,9.9774,115.2524,0.8698,66.4135
W0405,405,67,main_etch,760.9802,9.8811,115.4690,0.8544,66.5999
W0405,405,68,main_etch,763.6887,10.0315,116.0906,0.8522,66.3236
W0405,405,69,main_etch,764.0115,9.9854,114.9574,0.8476,66.4957
W0405,405,70,main_etch,764.6857,9.9909,115.4924,0.8511,66.4971
W0405,405,71,main_etch,761.4337,10.0048,116.6387,0.8264,66.3437
W0405,405,72,main_etch,759.3678,9.9088,115.9531,0.8343,66.4578
W0405,405,73,main_etch,759.0917,10.0454,116.0847,0.8554,66.6073
W0405,405,74,main_etch,761.1367,9.9874,116.1427,0.8382,66.7283
W0405,405,75,overetch,730.3405,9.8277,118.4942,0.6969,67.1099
W0405,405,76,overetch,734.9220,9.8016,118.1223,0.7069,66.8427
W0405,405,77,overetch,728.2355,9.8491,118.8692,0.6979,67.0559
W0405,405,78,overetch,733.4475,9.7649,117.0465,0.7036,67.3630
W0405,405,79,overetch,731.2349,9.7849,118.6453,0.7020,67.2836
W0405,405,80,overetch,736.1601,9.8296,116.9383,0.6890,67.0889
W0405,405,81,overetch,731.6221,9.7326,118.7904,0.7103,67.0278
W0405,405,82,overetch,728.1971,9.7237,116.7150,0.6853,67.2694
W0405,405,83,overetch,734.7705,9.8287,118.5268,0.7017,67.2203
W0405,405,84,overetch,732.0870,9.8007,117.9062,0.6842,66.9213
W0405,405,85,overetch,733.0970,9.7991,118.1096,0.6837,67.0709
W0405,405,86,overetch,726.9954,9.8127,118.9719,0.6881,67.0434
W0405,405,87,overetch,728.3833,9.7143,116.8487,0.6906,67.2516
W0405,405,88,overetch,728.8112,9.7950,116.6503,0.6868,66.9904
W0405,405,89,overetch,730.8156,9.7912,119.1548,0.6607,67.1300
W0405,405,90,overetch,728.9110,9.7827,116.2782,0.6793,67.0753
W0405,405,91,overetch,729.5091,9.7475,117.7389,0.6792,67.0633
W0405,405,92,overetch,729.2272,9.7920,117.3947,0.6730,67.0020
W0405,405,93,overetch,731.1995,9.6757,117.2047,0.6454,67.1579
W0405,405,94,overetch,731.1493,9.7453,116.4433,0.6577,66.8331
W0405,405,95,overetch,731.7862,9.7848,117.7579,0.6755,66.8032
W0405,405,96,overetch,736.0986,9.7897,118.3536,0.6606,67.2497
W0405,405,97,overetch,729.4681,9.8533,117.1271,0.6725,67.0538
W0405,405,98,overetch,728.8393,9.8865,117.4270,0.6563,66.9346
W0405,405,99,overetch,732.0113,9.8191,116.4667,0.6555,67.1523
W0450,450,0,stabilize,692.7373,10.4696,118.0190,0.5590,65.5871
W0450,450,1,stabilize,697.1532,10.4541,118.4131,0.5521,65.6663
W0450,450,2,stabilize,695.5544,10.4801,117.3932,0.5450,65.6508
W0450,450,3,stabilize,690.0373,10.3860,117.3560,0.5425,65.7369
W0450,450,4,stabilize,691.7402,10.4717,117.3438,0.5413,65.6544
W0450,450,5,stabilize,695.9153,10.4677,118.2921,0.5446,65.8426
W0450,450,6,stabilize,687.7385,10.4658,118.9629,0.5459,65.3492
W0450,450,7,stabilize,693.1444,10.5273,117.8385,0.5367,65.4747
W0450,450,8,stabilize,693.8137,10.4538,118.1030,0.5568,65.7686
W0450,450,9,stabilize,695.8973,10.5372,116.7638,0.5428,65.7299
W0450,450,10,stabilize,689.9257,10.4045,119.2424,0.5335,65.4772
W0450,450,11,stabilize,694.8775,10.5186,116.5116,0.5391,65.5428
W0450,450,12,stabilize,691.5803,10.4913,116.7168,0.5523,65.8207
W0450,450,13,stabilize,697.4001,10.4998,117.5863,0.5487,65.4532
W0450,450,14,stabilize,693.0486,10.4394,116.4978,0.5274,65.5967
W0450,450,15,stabilize,693.9169,10.4948,118.0002,0.5257,65.4857
W0450,450,16,stabilize,689.7811,10.3253,116.9919,0.5258,65.6581
W0450,450,17,stabilize,697.4444,10.3919,117.3267,0.5609,65.8287
W0450,450,18,stabilize,697.0575,10.4545,117.3760,0.5465,65.6102
W0450,450,19,stabilize,693.0056,10.4226,118.5776,0.5189,65.7003
W0450,450,20,main_etch,769.0500,10.0152,116.8733,1.0042,66.3935
W0450,450,21,main_etch,771.6439,10.0861,117.5624,1.0153,66.1124
W0450,450,22,main_etch,769.7160,9.9474,118.3895,1.0122,66.2447
W0450,450,23,main_etch,771.5512,9.9312,118.6080,1.0052,66.3282
W0450,450,24,main_etch,767.0430,10.0163,117.0322,1.0025,66.2843
W0450,450,25,main_etch,768.3875,9.9649,116.8163,0.9992,66.1952
W0450,450,26,main_etch,774.1075,9.9749,117.1778,1.0124,66.0216
W0450,450,27,main_etch,768.4466,9.9974,117.1280,0.9959,66.3361
W0450,450,28,main_etch,768.0676,9.8965,117.6986,1.0020,66.1843
W0450,450,29,main_etch,770.9015,10.0580,118.0413,0.9851,66.2180
W0450,450,30,main_etch,763.9690,9.9118,117.1522,1.0099,66.2218
W0450,450,31,main_etch,772.4478,10.0924,117.6604,1.0033,66.4336
W0450,450,32,main_etch,770.1145,10.0223,116.7264,0.9707,66.1844
W0450,450,33,main_etch,771.8348,10.0140,117.9338,1.0047,66.1085
W0450,450,34,main_etch,768.0213,9.9523,118.3792,0.9795,66.2303
W0450,450,35,main_etch,769.5064,10.0680,118.2327,1.0098,66.0504
W0450,450,36,main_etch,773.5528,9.9991,117.4874,0.9985,66.1352
W0450,450,37,main_etch,761.6181,9.8927,116.6698,0.9920,66.0213
W0450,450,38,main_etch,769.6650,9.9339,117.5515,0.9983,66.2342
W0450,450,39,main_etch,770.1802,10.0383,116.7667,0.9987,66.1126
W0450,450,40,main_etch,769.6891,9.9374,118.4059,0.9977,66.1668
W0450,450,41,main_etch,768.1894,9.9239,116.6030,0.9896,66.4358
W0450,450,42,main_etch,772.6078,9.9529,116.8957,0.9776,66.1862
W0450,450,43,main_etch,771.0620,9.9275,117.1001,0.9959,66.1440
W0450,450,44,main_etch,770.8833,9.9694,118.1441,0.9721,66.2855
W0450,450,45,main_etch,768.5496,10.0397,115.6049,0.9898,66.0127
W0450,450,46,main_etch,769.3024,9.9825,118.0878,0.9878,66.4238
W0450,450,47,main_etch,772.8090,9.9713,117.3764,0.9925,66.3157
W0450,450,48,main_etch,769.5615,10.0025,117.9909,0.9886,66.3958
W0450,450,49,main_etch,774.0693,9.9749,118.2335,0.9946,66.3095
W0450,450,50,main_etch,768.0974,10.0571,117.4915,0.9735,66.3136
W0450,450,51,main_etch,768.7132,10.0650,117.3393,0.9642,66.0557
W0450,450,52,main_etch,768.4630,10.0447,117.6055,0.9720,66.1635
W0450,450,53,main_etch,768.7893,10.0097,118.5478,1.0045,66.4226
W0450,450,54,main_etch,776.6095,9.9345,116.1892,0.9811,66.0745
W0450,450,55,main_etch,769.2132,10.1165,118.3808,0.9653,66.2113
W0450,450,56,main_etch,769.1228,10.0827,117.2741,0.9822,66.4006
W0450,450,57,main_etch,769.8060,9.9198,116.4364,0.9917,66.4358
W0450,450,58,main_etch,770.7678,10.0225,116.6953,0.9764,66.0092
W0450,450,59,main_etch,769.2923,9.9753,117.9468,0.9641,66.4812
W0450,450,60,main_etch,763.5358,10.0037,117.0109,0.9862,66.4050
W0450,450,61,main_etch,770.3913,10.0300,119.1484,0.9853,66.3006
W0450,450,62,main_etch,773.2320,9.8942,118.0251,0.9801,66.1218
W0450,450,63,main_etch,771.1932,9.9611,117.6666,0.9777,66.3110
W0450,450,64,main_etch,770.6416,9.9576,118.3370,0.9625,66.4761
W0450,450,65,main_etch,767.4795,9.9934,117.5755,0.9861,66.4902
W0450,450,66,main_etch,764.9140,10.0393,117.2709,0.9857,66.5502
W0450,450,67,main_etch,769.4811,9.9741,118.2732,0.9789,66.1579
W0450,450,68,main_etch,772.7643,9.9766,117.4929,0.9884,66.3242
W0450,450,69,main_etch,766.5880,10.0117,117.8571,0.9606,66.1276
W0450,450,70,main_etch,769.9093,9.9735,118.3261,0.9594,66.4455
W0450,450,71,main_etch,770.6354,9.9612,117.8471,0.9499,66.5127
W0450,450,72,main_etch,776.4748,9.8814,118.2091,0.9632,66.3193
W0450,450,73,main_etch,763.3105,9.9666,116.7484,0.9717,66.2585
W0450,450,74,main_etch,772.1601,9.9739,118.2784,0.9634,66.1860
W0450,450,75,overetch,736.9133,9.8019,119.8578,0.7274,66.8914
W0450,450,76,overetch,738.3278,9.8213,119.7185,0.7041,66.8232
W0450,450,77,overetch,737.8011,9.7986,119.9935,0.7047,66.5966
W0450,450,78,overetch,741.3330,9.7498,120.0729,0.7069,67.2013
W0450,450,79,overetch,737.7728,9.7480,120.8799,0.7123,67.2061
W0450,450,80,overetch,738.1851,9.7585,118.7178,0.7029,66.8168
W0450,450,81,overetch,737.3274,9.6958,118.9673,0.7194,67.0708
W0450,450,82,overetch,741.1972,9.7561,120.5087,0.7093,66.8334
W0450,450,83,overetch,738.7893,9.8890,118.6397,0.7333,67.0376
W0450,450,84,overetch,735.5885,9.8120,119.0158,0.7175,66.9097
W0450,450,85,overetch,733.3492,9.8176,121.5831,0.7025,66.8279
W0450,450,86,overetch,735.7904,9.6996,119.8823,0.7034,66.7617
W0450,450,87,overetch,740.7109,9.7983,119.9908,0.7040,66.8811
W0450,450,88,overetch,735.8040,9.8825,119.6308,0.7191,66.9652
W0450,450,89,overetch,741.3190,9.7334,121.7266,0.7041,67.1398
W0450,450,90,overetch,737.1636,9.8078,120.3330,0.6984,66.9311
W0450,450,91,overetch,732.9766,9.8916,121.0221,0.6942,66.8114
W0450,450,92,overetch,739.4871,9.7391,120.2776,0.7093,66.8523
W0450,450,93,overetch,736.5312,9.8358,120.6688,0.6986,67.0840
W0450,450,94,overetch,737.6648,9.6992,119.2371,0.7066,66.8481
W0450,450,95,overetch,737.3290,9.8053,120.6967,0.7099,66.9593
W0450,450,96,overetch,735.9720,9.7517,120.8660,0.6979,66.8107
W0450,450,97,overetch,738.5569,9.7342,120.5178,0.7005,66.9201
W0450,450,98,overetch,740.4654,9.8515,120.2748,0.7119,67.1671
W0450,450,99,overetch,738.3752,9.7904,120.9839,0.7153,67.0542
W0465,465,0,stabilize,667.7774,10.3727,115.5104,0.5326,65.5703
W0465,465,1,stabilize,666.5532,10.4716,114.0972,0.5344,65.5431
W0465,465,2,stabilize,670.8187,10.3303,113.7163,0.5481,65.5841
W0465,465,3,stabilize,668.6536,10.5131,115.2107,0.5233,65.5351
W0465,465,4,stabilize,667.8078,10.4473,116.5806,0.5298,65.8196
W0465,465,5,stabilize,668.2257,10.3000,115.5478,0.5337,65.6712
W0465,465,6,stabilize,674.5764,10.3936,113.9523,0.5210,65.5160
W0465,465,7,stabilize,670.5489,10.4746,116.3796,0.5047,65.7250
W0465,465,8,stabilize,668.4831,10.3416,115.8585,0.5280,65.7128
W0465,465,9,stabilize,667.0512,10.4293,114.4165,0.5267,65.8857
W0465,465,10,stabilize,670.5853,10.4302,115.7703,0.5169,65.8475
W0465,465,11,stabilize,669.3953,10.3121,114.3323,0.5322,65.7959
W0465,465,12,stabilize,670.2243,10.3762,114.7054,0.5044,65.5817
W0465,465,13,stabilize,667.9757,10.4144,114.2733,0.5145,65.7829
W0465,465,14,stabilize,667.9549,10.3224,115.5445,0.5186,66.1171
W0465,465,15,stabilize,666.1670,10.4667,116.2868,0.5132,65.7236
W0465,465,16,stabilize,666.3498,10.3896,116.0073,0.5025,66.1443
W0465,465,17,stabilize,666.2332,10.4442,114.7974,0.5106,65.8987
W0465,465,18,stabilize,667.0018,10.3528,114.7948,0.5053,65.8429
W0465,465,19,stabilize,669.3268,10.4049,116.0544,0.5198,65.8989
W0465,465,20,main_etch,740.4853,9.9393,115.7567,1.0228,66.4212
W0465,465,21,main_etch,741.8494,9.9146,115.7425,1.0091,66.6095
W0465,465,22,main_etch,740.7003,9.9404,115.4129,1.0260,66.5165
W0465,465,23,main_etch,743.4907,9.9639,114.5584,1.0384,66.3312
W0465,465,24,main_etch,742.9478,9.9434,116.8135,1.0230,66.2584
W0465,465,25,main_etch,741.7742,9.8546,114.7911,1.0304,66.4909
W0465,465,26,main_etch,747.4992,9.8125,114.8739,1.0185,66.5624
W0465,465,27,main_etch,740.8151,9.9104,114.6952,1.0331,65.9795
W0465,465,28,main_etch,740.5358,10.0024,116.1742,1.0069,66.3521
W0465,465,29,main_etch,744.2863,9.9200,114.2768,0.9921,66.2845
W0465,465,30,main_etch,747.7873,9.9027,116.7664,0.9935,66.4554
W0465,465,31,main_etch,741.8455,9.9614,115.6270,1.0160,66.3210
W0465,465,32,main_etch,740.4104,9.9217,115.6793,1.0112,66.4030
W0465,465,33,main_etch,739.3940,9.9030,114.4275,0.9963,66.7486
W0465,465,34,main_etch,742.0656,10.0143,115.5050,0.9919,66.1517
W0465,465,35,main_etch,739.7965,9.9722,115.1516,1.0153,66.4510
W0465,465,36,main_etch,741.9825,9.8793,116.3894,1.0039,66.3189
W0465,465,37,main_etch,738.4192,9.8731,115.5745,0.9913,66.3309
W0465,465,38,main_etch,743.4204,9.8823,114.2863,0.9787,66.5679
W0465,465,39,main_etch,744.3490,9.9583,115.3117,0.9710,66.4905
W0465,465,40,main_etch,740.2381,9.9507,116.8834,0.9693,66.1396
W0465,465,41,main_etch,744.4040,9.8756,115.9834,0.9613,66.4818
W0465,465,42,main_etch,743.1428,9.9850,115.9173,0.9510,66.3238
W0465,465,43,main_etch,742.1676,9.9101,115.8929,0.9296,66.4809
W0465,465,44,main_etch,744.4365,9.8555,114.5278,0.9605,66.2636
W0465,465,45,main_etch,742.2431,9.8570,115.7200,0.9496,66.5966
W0465,465,46,main_etch,742.8227,9.8996,114.8340,0.9437,66.5318
W0465,465,47,main_etch,736.8920,10.0431,114.9911,0.9397,66.4975
W0465,465,48,main_etch,743.1743,9.9348,115.4299,0.9486,66.2375
W0465,465,49,main_etch,739.8470,9.9629,116.8935,0.9462,66.5748
W0465,465,50,main_etch,744.4075,9.9525,116.6603,0.9457,66.2304
W0465,465,51,main_etch,742.7274,9.9216,115.4224,0.9361,66.4824
W0465,465,52,main_etch,740.3831,9.9795,116.5368,0.9456,66.6116
W0465,465,53,main_etch,742.4763,9.9012,115.2190,0.9443,66.6004
W0465,465,54,main_etch,748.3681,9.9323,115.7381,0.9318,66.3669
W0465,465,55,main_etch,743.6863,9.8811,116.1395,0.9343,66.5708
W0465,465,56,main_etch,748.3246,9.8924,116.3712,0.9307,66.5907
W0465,465,57,main_etch,741.5283,9.9376,116.3863,0.9233,66.3979
W0465,465,58,main_etch,741.6963,9.9389,114.1331,0.9171,66.6318
W0465,465,59,main_etch,740.5330,9.8127,117.0443,0.9177,66.3468
W0465,465,60,main_etch,735.1761,9.8576,114.6759,0.9329,66.2407
W0465,465,61,main_etch,743.0357,9.8887,114.4789,0.9071,66.4319
W0465,465,62,main_etch,738.7056,9.9683,115.5004,0.9109,66.4639
W0465,465,63,main_etch,743.4210,9.9400,115.4494,0.9051,66.5265
W0465,465,64,main_etch,740.9383,9.8824,114.6928,0.9033,66.7311
W0465,465,65,main_etch,744.4356,9.8587,115.0710,0.9178,66.6186
W0465,465,66,main_etch,743.4389,9.9257,114.9419,0.8952,66.6646
W0465,465,67,main_etch,743.1643,9.9136,116.0370,0.8893,66.5278
W0465,465,68,main_etch,740.6818,9.9468,115.3888,0.8777,66.6158
W0465,465,69,main_etch,744.4157,10.0087,115.0675,0.8675,66.6179
W0465,465,70,main_etch,745.9307,9.9161,114.6561,0.8814,66.5242
W0465,465,71,main_etch,741.8422,10.0068,116.0586,0.8677,66.4257
W0465,465,72,main_etch,743.1130,9.9261,117.1611,0.8816,66.5357
W0465,465,73,main_etch,737.4049,9.9074,116.3703,0.8713,66.5773
W0465,465,74,main_etch,744.6673,9.8721,115.9726,0.8611,66.4153
W0465,465,75,overetch,713.2346,9.7961,119.0255,0.6919,67.3617
W0465,465,76,overetch,713.7998,9.7190,118.4801,0.6942,67.1773
W0465,465,77,overetch,712.3095,9.7564,117.5064,0.7067,67.0430
W0465,465,78,overetch,712.2454,9.6917,117.4910,0.7179,67.2158
W0465,465,79,overetch,713.3596,9.7689,117.3331,0.7060,67.3511
W0465,465,80,overetch,714.6776,9.7555,118.2343,0.7078,66.8941
W0465,465,81,overetch,713.6217,9.7802,118.5162,0.6884,67.2464
W0465,465,82,overetch,712.8613,9.6786,117.9024,0.7023,67.2281
W0465,465,83,overetch,714.3008,9.7126,117.0751,0.6948,67.3584
W0465,465,84,overetch,715.5211,9.6999,118.9235,0.6777,67.2259
W0465,465,85,overetch,711.0342,9.7330,117.1742,0.6956,67.2963
W0465,465,86,overetch,707.3905,9.7484,118.0255,0.6917,67.0162
W0465,465,87,overetch,713.0452,9.7042,118.1966,0.6836,66.8671
W0465,465,88,overetch,709.1651,9.7154,119.5233,0.6789,67.0564
W0465,465,89,overetch,710.2631,9.7696,118.6580,0.6771,67.3040
W0465,465,90,overetch,714.6197,9.7170,118.5487,0.6939,67.0675
W0465,465,91,overetch,713.5695,9.6924,116.7682,0.6889,67.2105
W0465,465,92,overetch,719.0909,9.6322,118.1866,0.6614,67.1928
W0465,465,93,overetch,714.8021,9.6875,118.0817,0.6760,67.3337
W0465,465,94,overetch,710.3532,9.7019,120.0552,0.6779,67.0472
W0465,465,95,overetch,714.3165,9.6833,118.3692,0.6745,67.2377
W0465,465,96,overetch,711.3935,9.6984,116.7432,0.6797,67.1040
W0465,465,97,overetch,710.1148,9.6752,117.1629,0.6764,67.0922
W0465,465,98,overetch,712.8911,9.6953,117.2416,0.6620,67.3040
W0465,465,99,overetch,715.8137,9.7173,118.5360,0.6609,67.3059
W0475,475,0,stabilize,675.2328,9.9023,115.6203,0.5614,63.4573
W0475,475,1,stabilize,673.8804,9.9957,115.0613,0.5614,63.6397
W0475,475,2,stabilize,676.8898,9.9774,117.6480,0.5598,63.3519
W0475,475,3,stabilize,676.1896,9.9640,116.8460,0.5886,63.2928
W0475,475,4,stabilize,674.3566,9.9930,116.6004,0.5574,64.0433
W0475,475,5,stabilize,671.7576,10.0246,117.0582,0.5611,63.4010
W0475,475,6,stabilize,671.1832,9.9890,117.3540,0.5551,63.3282
W0475,475,7,stabilize,677.0570,9.9706,115.2374,0.5847,63.4846
W0475,475,8,stabilize,674.6346,9.9395,115.6001,0.5827,63.3281
W0475,475,9,stabilize,675.3686,9.8460,117.5122,0.5847,63.4519
W0475,475,10,stabilize,669.3063,9.9768,116.7035,0.5821,63.4565
W0475,475,11,stabilize,674.3330,9.9102,116.6054,0.5690,63.4754
W0475,475,12,stabilize,670.8958,9.9049,115.7537,0.5740,63.5649
W0475,475,13,stabilize,672.7165,9.8618,115.5633,0.5744,63.4917
W0475,475,14,stabilize,679.5449,9.8868,116.7020,0.5511,63.5141
W0475,475,15,stabilize,679.4916,9.9383,116.4389,0.5681,63.5220
W0475,475,16,stabilize,675.0445,9.9032,116.5770,0.5719,63.3048
W0475,475,17,stabilize,673.4517,9.9271,116.9791,0.5675,63.5279
W0475,475,18,stabilize,673.8984,9.8057,116.6075,0.5752,63.4508
W0475,475,19,stabilize,676.4892,9.8787,116.5643,0.5718,63.6182
W0475,475,20,main_etch,749.2630,9.4518,116.2070,1.0145,63.8814
W0475,475,21,main_etch,751.8884,9.5015,117.1286,1.0193,63.7651
W0475,475,22,main_etch,750.3494,9.4986,115.6305,1.0148,64.0129
W0475,475,23,main_etch,749.0489,9.5418,115.7543,1.0219,63.7865
W0475,475,24,main_etch,746.0062,9.5119,115.9191,1.0343,64.0270
W0475,475,25,main_etch,755.5873,9.4316,116.3836,1.0140,64.1769
W0475,475,26,main_etch,748.0056,9.5393,117.4385,1.0101,64.0915
W0475,475,27,main_etch,752.5599,9.4865,117.6283,1.0257,63.7543
W0475,475,28,main_etch,747.9076,9.4331,117.2760,1.0338,63.8805
W0475,475,29,main_etch,751.4017,9.4575,117.5812,1.0310,64.1952
W0475,475,30,main_etch,746.8731,9.4774,116.3637,1.0022,64.2411
W0475,475,31,main_etch,747.5337,9.4756,116.7495,1.0186,64.1674
W0475,475,32,main_etch,751.3607,9.4197,117.3650,1.0360,64.3929
W0475,475,33,main_etch,740.6464,9.4981,118.4418,1.0173,64.3310
W0475,475,34,main_etch,752.1515,9.5441,116.5585,1.0211,64.0892
W0475,475,35,main_etch,749.7276,9.4918,116.4754,1.0402,64.2971
W0475,475,36,main_etch,749.8811,9.5511,115.8871,1.0260,64.0029
W0475,475,37,main_etch,747.3670,9.5395,116.2923,1.0488,64.1442
W0475,475,38,main_etch,753.5925,9.4589,115.3900,1.0283,63.8679
W0475,475,39,main_etch,748.6162,9.4092,116.3178,1.0373,63.9397
W0475,475,40,main_etch,753.4848,9.3650,115.8912,1.0414,64.1794
W0475,475,41,main_etch,749.5938,9.5116,115.4457,1.0203,64.0592
W0475,475,42,main_etch,752.1788,9.5377,117.2701,1.0265,64.2177
W0475,475,43,main_etch,748.7407,9.5202,117.4446,1.0449,64.1261
W0475,475,44,main_etch,750.5203,9.5312,116.1316,1.0309,64.0134
W0475,475,45,main_etch,751.3165,9.4617,118.2537,1.0328,64.1943
W0475,475,46,main_etch,746.9516,9.4029,117.0376,1.0450,64.0367
W0475,475,47,main_etch,750.1334,9.4503,118.0610,1.0472,63.9639
W0475,475,48,main_etch,748.7311,9.5110,116.0222,1.0212,64.3831
W0475,475,49,main_etch,745.4502,9.4509,114.9753,1.0383,63.9377
W0475,475,50,main_etch,745.1719,9.5265,117.7302,1.0270,63.9329
W0475,475,51,main_etch,751.7785,9.4593,116.7745,1.0519,63.9299
W0475,475,52,main_etch,743.7202,9.4417,115.8210,1.0349,64.2333
W0475,475,53,main_etch,747.5240,9.5025,115.3569,1.0252,64.1263
W0475,475,54,main_etch,753.6341,9.5271,117.6708,1.0400,63.8378
W0475,475,55,main_etch,752.7804,9.4401,117.3159,1.0396,64.4865
W0475,475,56,main_etch,747.7537,9.4432,116.1494,1.0445,64.2382
W0475,475,57,main_etch,748.7183,9.3782,116.2408,1.0495,63.6796
W0475,475,58,main_etch,754.8170,9.4681,115.0325,1.0566,64.1784
W0475,475,59,main_etch,749.6084,9.5189,116.6940,1.0434,64.0501
W0475,475,60,main_etch,747.9985,9.4188,116.6542,1.0425,64.1689
W0475,475,61,main_etch,747.6289,9.4899,116.7590,1.0634,63.9615
W0475,475,62,main_etch,749.7902,9.4388,116.3805,1.0385,64.1315
W0475,475,63,main_etch,752.2404,9.4939,114.8149,1.0392,63.8729
W0475,475,64,main_etch,753.6432,9.4492,115.8234,1.0395,64.4785
W0475,475,65,main_etch,749.5635,9.5438,115.8351,1.0590,64.5360
W0475,475,66,main_etch,752.8544,9.4877,115.2776,1.0493,64.1873
W0475,475,67,main_etch,749.6667,9.5009,115.5740,1.0566,64.3837
W0475,475,68,main_etch,751.4029,9.4867,117.6738,1.0398,64.0137
W0475,475,69,main_etch,744.8568,9.5129,116.0304,1.0487,64.1771
W0475,475,70,main_etch,750.6900,9.4447,116.7368,1.0471,64.4660
W0475,475,71,main_etch,747.8933,9.3938,117.3587,1.0425,64.3131
W0475,475,72,main_etch,748.3286,9.5213,116.9151,1.0520,64.2451
W0475,475,73,main_etch,747.1124,9.5173,116.4136,1.0474,64.1424
W0475,475,74,main_etch,752.5425,9.4101,116.7359,1.0691,64.4226
W0475,475,75,overetch,723.1848,9.3301,119.4559,0.7177,64.7505
W0475,475,76,overetch,721.6834,9.2451,119.6872,0.7486,64.6580
W0475,475,77,overetch,715.1402,9.3113,119.2349,0.7386,64.5984
W0475,475,78,overetch,720.4965,9.3320,119.8757,0.7393,64.8552
W0475,475,79,overetch,717.9088,9.3421,119.0745,0.7511,64.7408
W0475,475,80,overetch,720.3111,9.2860,118.8020,0.7556,64.6394
W0475,475,81,overetch,721.4288,9.3312,117.9537,0.7284,64.8516
W0475,475,82,overetch,719.6113,9.2339,120.2362,0.7586,64.6970
W0475,475,83,overetch,718.0753,9.3170,118.8096,0.7459,64.6946
W0475,475,84,overetch,724.2850,9.3051,117.7886,0.7213,64.6867
W0475,475,85,overetch,721.5024,9.2773,119.5383,0.7403,65.0433
W0475,475,86,overetch,715.9261,9.2080,118.9440,0.7382,64.8256
W0475,475,87,overetch,722.8128,9.3781,118.8665,0.7381,65.0339
W0475,475,88,overetch,716.5166,9.2729,119.8118,0.7495,64.8950
W0475,475,89,overetch,718.1448,9.3004,119.8230,0.7373,64.5862
W0475,475,90,overetch,719.1320,9.2880,118.6189,0.7428,64.7031
W0475,475,91,overetch,718.4778,9.2268,118.2237,0.7428,64.6690
W0475,475,92,overetch,715.6798,9.2927,119.3572,0.7403,64.7223
W0475,475,93,overetch,722.7377,9.3190,119.5401,0.7594,64.8183
W0475,475,94,overetch,719.2241,9.3669,119.5920,0.7698,64.5247
W0475,475,95,overetch,717.6553,9.2985,120.0237,0.7278,64.6728
W0475,475,96,overetch,723.0055,9.2925,118.7254,0.7631,64.7436
W0475,475,97,overetch,720.0292,9.2124,119.0104,0.7540,64.9528
W0475,475,98,overetch,719.1446,9.2549,118.7737,0.7580,64.7347
W0475,475,99,overetch,718.9857,9.2689,118.7649,0.7518,64.5369
W0477,477,0,stabilize,687.3111,10.1708,118.9486,0.5365,64.2199
W0477,477,1,stabilize,685.3469,10.0827,118.5360,0.5178,64.0967
W0477,477,2,stabilize,687.8999,10.2419,117.2986,0.5161,64.1467
W0477,477,3,stabilize,691.4767,10.1697,118.8601,0.5215,64.4230
W0477,477,4,stabilize,694.2850,10.2148,118.6946,0.5183,64.1165
W0477,477,5,stabilize,684.2754,10.1994,117.7399,0.5321,64.0018
W0477,477,6,stabilize,687.9724,10.2532,118.9596,0.5204,64.0912
W0477,477,7,stabilize,686.4011,10.2595,118.4635,0.5461,64.0772
W0477,477,8,stabilize,687.3710,10.1953,118.9180,0.5248,63.9828
W0477,477,9,stabilize,687.7052,10.2518,116.6624,0.5246,64.1608
W0477,477,10,stabilize,689.7354,10.2499,119.9847,0.5257,64.0571
W0477,477,11,stabilize,685.2831,10.3446,118.0718,0.5244,64.1006
W0477,477,12,stabilize,688.6224,10.2452,120.6657,0.5287,63.9363
W0477,477,13,stabilize,688.2790,10.1993,119.4140,0.5308,64.0064
W0477,477,14,stabilize,690.6080,10.2576,117.8984,0.5234,63.9061
W0477,477,15,stabilize,686.5307,10.1332,117.6319,0.5298,64.1583
W0477,477,16,stabilize,685.8312,10.1831,118.2683,0.5284,64.3028
W0477,477,17,stabilize,690.1550,10.2726,119.4432,0.5235,63.9238
W0477,477,18,stabilize,691.1139,10.2504,119.6332,0.5186,64.2252
W0477,477,19,stabilize,683.9583,10.2208,117.7951,0.5319,64.1657
W0477,477,20,main_etch,765.0853,9.7259,119.1951,0.9308,64.4502
W0477,477,21,main_etch,765.2433,9.7095,118.8018,0.9474,64.2537
W0477,477,22,main_etch,763.6242,9.6960,117.4058,0.9629,64.6668
W0477,477,23,main_etch,768.1979,9.7348,118.2397,0.9576,64.3487
W0477,477,24,main_etch,767.1640,9.7682,119.6370,0.9565,64.5613
W0477,477,25,main_etch,765.1099,9.6956,117.4682,0.9678,64.5777
W0477,477,26,main_etch,761.1864,9.7356,118.0675,0.9398,64.9023
W0477,477,27,main_etch,762.3017,9.7986,119.0346,0.9629,64.5442
W0477,477,28,main_etch,758.8497,9.7752,118.6912,0.9706,64.5509
W0477,477,29,main_etch,764.2514,9.7316,118.2455,0.9283,64.3613
W0477,477,30,main_etch,768.6763,9.7233,116.9949,0.9463,64.5324
W0477,477,31,main_etch,764.3497,9.7295,118.8569,0.9664,64.6480
W0477,477,32,main_etch,765.6030,9.7534,117.9030,0.9512,64.4543
W0477,477,33,main_etch,763.5808,9.7695,118.3188,0.9474,64.6367
W0477,477,34,main_etch,763.5164,9.6880,116.9574,0.9673,64.6510
W0477,477,35,main_etch,759.8711,9.7264,117.9688,0.9587,64.6939
W0477,477,36,main_etch,769.0605,9.8090,119.1945,0.9368,64.9216
W0477,477,37,main_etch,766.6316,9.6923,120.8558,0.9458,64.5115
W0477,477,38,main_etch,764.2134,9.7417,118.7315,0.9529,64.7188
W0477,477,39,main_etch,761.5806,9.7600,117.5605,0.9535,64.8402
W0477,477,40,main_etch,763.7552,9.7384,118.7968,0.9641,64.5460
W0477,477,41,main_etch,762.4935,9.7415,118.1593,0.9631,64.9162
W0477,477,42,main_etch,766.4240,9.8190,117.2501,0.9487,64.7373
W0477,477,43,main_etch,764.0964,9.6681,118.8000,0.9427,64.7459
W0477,477,44,main_etch,764.6197,9.7244,118.9158,0.9545,64.6362
W0477,477,45,main_etch,765.7027,9.8198,117.6243,0.9373,64.5163
W0477,477,46,main_etch,764.0953,9.8017,118.7438,0.9606,64.8086
W0477,477,47,main_etch,765.1004,9.6597,119.5090,0.9596,64.9292
W0477,477,48,main_etch,763.0667,9.6848,119.3506,0.9477,64.6911
W0477,477,49,main_etch,763.7946,9.7923,117.9041,0.9741,64.5070
W0477,477,50,main_etch,766.1320,9.7526,120.3160,0.9602,64.7862
W0477,477,51,main_etch,764.2535,9.7171,119.8638,0.9606,64.9260
W0477,477,52,main_etch,766.1958,9.6537,118.0999,0.9627,64.5025
W0477,477,53,main_etch,759.7940,9.7942,118.7383,0.9528,64.8525
W0477,477,54,main_etch,764.5715,9.7489,117.4958,0.9395,64.7704
W0477,477,55,main_etch,770.2139,9.6928,119.0862,0.9394,64.7802
W0477,477,56,main_etch,763.2020,9.7006,120.2791,0.9388,64.4735
W0477,477,57,main_etch,766.1275,9.7566,117.1644,0.9459,64.7909
W0477,477,58,main_etch,763.6456,9.7680,118.6925,0.9597,64.7217
W0477,477,59,main_etch,765.5828,9.7338,119.0966,0.9547,65.0429
W0477,477,60,main_etch,768.4036,9.7579,118.4170,0.9405,65.0037
W0477,477,61,main_etch,763.7598,9.7902,119.4027,0.9353,64.5432
W0477,477,62,main_etch,766.3214,9.7227,118.6606,0.9558,64.8196
W0477,477,63,main_etch,763.0288,9.8341,118.1651,0.9573,64.8162
W0477,477,64,main_etch,761.4180,9.7309,119.1691,0.9525,64.6473
W0477,477,65,main_etch,765.6193,9.8649,118.3856,0.9576,64.8846
W0477,477,66,main_etch,766.7918,9.7173,119.3358,0.9446,64.6516
W0477,477,67,main_etch,764.7534,9.7237,118.6433,0.9619,64.6784
W0477,477,68,main_etch,765.4399,9.7162,119.4649,0.9526,64.7491
W0477,477,69,main_etch,767.6848,9.7325,117.9274,0.9717,64.9793
W0477,477,70,main_etch,766.6456,9.7334,119.7922,0.9528,64.8443
W0477,477,71,main_etch,763.1088,9.7679,118.7280,0.9548,65.0647
W0477,477,72,main_etch,763.4080,9.7754,117.9038,0.9639,64.7321
W0477,477,73,main_etch,760.2196,9.7041,118.1137,0.9619,64.8190
W0477,477,74,main_etch,763.2182,9.6758,117.4612,0.9750,64.7745
W0477,477,75,overetch,731.7565,9.5539,121.7414,0.6679,65.3534
W0477,477,76,overetch,732.0661,9.6046,122.3030,0.6932,65.2806
W0477,477,77,overetch,736.5216,9.5266,119.8097,0.6885,65.5689
W0477,477,78,overetch,732.1912,9.5453,121.6029,0.6968,65.6068
W0477,477,79,overetch,738.2754,9.5121,122.3743,0.6846,65.2436
W0477,477,80,overetch,735.3020,9.5799,121.7418,0.6805,65.5128
W0477,477,81,overetch,733.8638,9.5062,119.5646,0.7061,65.2750
W0477,477,82,overetch,733.6921,9.6767,121.6739,0.6767,65.4212
W0477,477,83,overetch,729.7925,9.5934,121.1615,0.6809,65.2223
W0477,477,84,overetch,732.5949,9.5516,122.1451,0.6841,65.2650
W0477,477,85,overetch,735.1247,9.5126,121.6682,0.6785,65.3328
W0477,477,86,overetch,734.6551,9.5314,120.5850,0.6843,65.6441
W0477,477,87,overetch,736.2821,9.4569,121.7874,0.6922,65.4136
W0477,477,88,overetch,738.2677,9.5400,120.8500,0.6792,65.2596
W0477,477,89,overetch,735.7873,9.5073,120.6214,0.7011,65.2528
W0477,477,90,overetch,733.0253,9.4976,121.2498,0.6646,65.5801
W0477,477,91,overetch,736.0380,9.5144,121.5548,0.7004,65.3367
W0477,477,92,overetch,736.4608,9.4697,121.4844,0.7013,65.4953
W0477,477,93,overetch,736.2285,9.5911,119.7837,0.6844,65.3794
W0477,477,94,overetch,732.9677,9.5467,120.7307,0.6781,65.6087
W0477,477,95,overetch,734.1087,9.5643,120.6859,0.6837,65.4528
W0477,477,96,overetch,733.2020,9.5167,119.0653,0.6743,65.3222
W0477,477,97,overetch,735.8446,9.5016,122.0586,0.6924,65.2210
W0477,477,98,overetch,733.4086,9.5213,120.2653,0.6686,65.3529
W0477,477,99,overetch,731.9940,9.5634,120.4284,0.6904,65.2049
W0478,478,0,stabilize,698.8603,11.0195,119.9710,0.5075,64.7179
W0478,478,1,stabilize,697.4954,10.9869,120.0510,0.4894,64.9662
W0478,478,2,stabilize,693.0670,11.0079,120.1159,0.5053,64.6337
W0478,478,3,stabilize,693.7637,10.9729,119.8856,0.4999,64.8309
W0478,478,4,stabilize,693.6093,10.9653,118.8972,0.4934,64.5294
W0478,478,5,stabilize,698.4399,11.0105,120.2445,0.5177,64.6870
W0478,478,6,stabilize,695.4300,11.0262,120.5695,0.5206,64.9252
W0478,478,7,stabilize,694.4911,11.0720,119.1976,0.5145,64.9510
W0478,478,8,stabilize,695.8820,11.0287,119.0005,0.5261,65.0223
W0478,478,9,stabilize,698.3613,11.0286,119.9606,0.5330,65.0124
W0478,478,10,stabilize,694.3443,11.0163,118.5905,0.5064,64.9837
W0478,478,11,stabilize,697.7793,10.9416,120.3093,0.5250,64.5933
W0478,478,12,stabilize,694.9323,11.0515,119.5552,0.5104,64.7558
W0478,478,13,stabilize,697.5534,10.9266,119.3505,0.5028,64.7511
W0478,478,14,stabilize,691.2590,10.9945,119.3352,0.5126,64.9780
W0478,478,15,stabilize,692.1710,11.0167,121.2450,0.5302,65.0162
W0478,478,16,stabilize,697.5120,11.0152,119.5898,0.5166,64.9969
W0478,478,17,stabilize,697.3319,11.0396,119.7770,0.5110,65.0139
W0478,478,18,stabilize,695.7064,10.9448,119.7082,0.5094,65.1356
W0478,478,19,stabilize,696.0196,10.9384,119.1815,0.4941,64.9558
W0478,478,20,main_etch,772.2426,10.4998,119.1409,0.9605,65.3600
W0478,478,21,main_etch,771.5987,10.4258,120.0396,0.9749,65.3992
W0478,478,22,main_etch,773.4473,10.5083,119.8409,0.9626,65.3767
W0478,478,23,main_etch,770.5122,10.5055,121.6675,0.9575,65.3150
W0478,478,24,main_etch,770.5463,10.5384,119.3411,0.9671,65.1412
W0478,478,25,main_etch,775.4808,10.4524,120.4469,0.9584,65.3633
W0478,478,26,main_etch,771.8609,10.4741,120.6819,0.9509,65.2706
W0478,478,27,main_etch,774.5290,10.4420,119.4596,0.9504,65.1495
W0478,478,28,main_etch,773.0834,10.4873,119.8519,0.9592,65.3738
W0478,478,29,main_etch,772.5003,10.3652,120.7192,0.9333,65.4226
W0478,478,30,main_etch,772.2865,10.4643,121.2675,0.9375,65.2667
W0478,478,31,main_etch,771.1819,10.5166,119.3580,0.9479,65.3659
W0478,478,32,main_etch,769.7008,10.4669,120.1419,0.9374,65.5008
W0478,478,33,main_etch,775.4902,10.4105,119.8436,0.9336,65.3741
W0478,478,34,main_etch,771.4761,10.5044,119.7106,0.9468,65.5449
W0478,478,35,main_etch,776.4934,10.4635,120.3899,0.9426,65.4964
W0478,478,36,main_etch,773.4049,10.5686,120.2594,0.9410,65.6094
W0478,478,37,main_etch,779.9700,10.4637,118.6404,0.9662,65.5835
W0478,478,38,main_etch,774.4433,10.4732,119.4909,0.9401,65.3928
W0478,478,39,main_etch,771.6381,10.4607,118.7306,0.9549,65.4175
W0478,478,40,main_etch,769.6949,10.5517,119.6311,0.9276,65.0879
W0478,478,41,main_etch,771.2064,10.4690,121.3601,0.9303,65.6767
W0478,478,42,main_etch,774.0669,10.5114,120.1777,0.9244,65.5180
W0478,478,43,main_etch,776.5847,10.5305,120.3122,0.9300,65.5505
W0478,478,44,main_etch,772.0668,10.4432,120.5428,0.9257,65.5792
W0478,478,45,main_etch,771.8045,10.4685,119.0444,0.9187,65.6710
W0478,478,46,main_etch,774.9375,10.5338,120.5359,0.9402,65.2346
W0478,478,47,main_etch,771.4974,10.5351,119.9084,0.9345,65.2635
W0478,478,48,main_etch,776.0078,10.5322,120.4445,0.9509,65.7061
W0478,478,49,main_etch,769.6529,10.4435,120.5492,0.9245,65.7535
W0478,478,50,main_etch,772.5340,10.5252,119.7959,0.9136,65.4983
W0478,478,51,main_etch,771.8164,10.4128,120.7765,0.9231,65.3945
W0478,478,52,main_etch,773.0404,10.4989,121.7711,0.9119,65.5687
W0478,478,53,main_etch,775.5586,10.4979,120.2715,0.9274,65.4248
W0478,478,54,main_etch,774.6618,10.5141,119.9245,0.8995,65.2923
W0478,478,55,main_etch,772.7129,10.5331,119.9448,0.9170,65.4290
W0478,478,56,main_etch,772.9257,10.4440,119.2207,0.9123,65.5320
W0478,478,57,main_etch,772.8941,10.5311,119.8835,0.9245,65.6920
W0478,478,58,main_etch,767.9304,10.4139,120.7923,0.9195,65.9756
W0478,478,59,main_etch,772.4400,10.4387,120.7977,0.9163,65.6967
W0478,478,60,main_etch,769.3868,10.5058,119.6404,0.9105,65.4886
W0478,478,61,main_etch,772.6043,10.3970,120.0010,0.9226,65.6529
W0478,478,62,main_etch,775.0019,10.4461,118.9659,0.9087,65.5542
W0478,478,63,main_etch,773.1329,10.5255,119.9540,0.9131,65.6785
W0478,478,64,main_etch,774.1410,10.5328,122.3127,0.9105,65.6634
W0478,478,65,main_etch,776.3212,10.4257,119.6868,0.9283,65.6944
W0478,478,66,main_etch,770.2411,10.4969,120.3717,0.9131,65.4894
W0478,478,67,main_etch,774.8962,10.3860,120.9605,0.8936,65.4798
W0478,478,68,main_etch,771.9627,10.5243,120.8631,0.8966,65.6780
W0478,478,69,main_etch,773.5943,10.4104,118.7427,0.8986,65.3047
W0478,478,70,main_etch,771.2486,10.4783,119.8627,0.8997,65.6829
W0478,478,71,main_etch,775.0769,10.4995,120.6900,0.9108,65.8316
W0478,478,72,main_etch,773.3082,10.5182,120.1828,0.9039,65.4752
W0478,478,73,main_etch,779.7565,10.5330,120.5180,0.9003,65.6216
W0478,478,74,main_etch,771.4490,10.4678,119.9769,0.8860,65.5118
W0478,478,75,overetch,740.9318,10.2578,120.5206,0.6636,66.2107
W0478,478,76,overetch,739.6170,10.3504,121.5524,0.6811,66.1531
W0478,478,77,overetch,739.5272,10.3615,123.3453,0.6641,66.0145
W0478,478,78,overetch,744.2402,10.3479,121.4135,0.6668,66.1975
W0478,478,79,overetch,742.4732,10.2563,121.9755,0.6757,66.3984
W0478,478,80,overetch,743.8555,10.2104,122.7620,0.6696,66.3850
W0478,478,81,overetch,739.5258,10.2739,122.3565,0.6776,66.3776
W0478,478,82,overetch,744.4614,10.2276,123.0505,0.6798,66.0817
W0478,478,83,overetch,741.5961,10.2882,122.3625,0.6747,66.1507
W0478,478,84,overetch,742.3380,10.2904,122.8911,0.6641,66.1974
W0478,478,85,overetch,740.8557,10.3231,122.5049,0.6545,66.1434
W0478,478,86,overetch,738.1773,10.2342,121.1110,0.6825,66.1675
W0478,478,87,overetch,744.7462,10.3074,122.0919,0.6770,66.3528
W0478,478,88,overetch,741.6863,10.3413,122.3033,0.6733,66.1574
W0478,478,89,overetch,742.8857,10.2536,122.2755,0.6745,66.3486
W0478,478,90,overetch,741.6441,10.1571,122.6930,0.6638,66.3907
W0478,478,91,overetch,739.1850,10.2659,121.8845,0.6716,66.0232
W0478,478,92,overetch,742.1457,10.2711,122.8866,0.6692,66.1605
W0478,478,93,overetch,738.0879,10.2452,120.7625,0.6680,66.2428
W0478,478,94,overetch,742.8390,10.2722,122.0145,0.6657,66.0676
W0478,478,95,overetch,743.3960,10.2997,122.9856,0.6534,66.2308
W0478,478,96,overetch,741.5379,10.2556,122.8426,0.6773,66.1199
W0478,478,97,overetch,740.6099,10.2572,122.2059,0.6548,66.0903
W0478,478,98,overetch,741.7687,10.2320,122.8661,0.6516,66.2350
W0478,478,99,overetch,741.3470,10.2274,122.8740,0.6666,66.0563
W0505,505,0,stabilize,665.1320,10.6970,119.9777,0.5074,66.8303
W0505,505,1,stabilize,658.3745,10.6701,119.3118,0.4926,66.4568
W0505,505,2,stabilize,663.1294,10.6853,119.8653,0.4867,66.2805
W0505,505,3,stabilize,661.2089,10.6410,119.3739,0.5031,66.3732
W0505,505,4,stabilize,663.8172,10.6055,119.7407,0.5015,66.5209
W0505,505,5,stabilize,661.5745,10.6498,118.9404,0.4889,66.6305
W0505,505,6,stabilize,666.5098,10.6293,119.7684,0.5072,66.5731
W0505,505,7,stabilize,660.2087,10.6018,118.4472,0.5117,66.6195
W0505,505,8,stabilize,659.5710,10.6450,119.2100,0.4968,66.5888
W0505,505,9,stabilize,661.1289,10.5723,120.3885,0.5093,66.4951
W0505,505,10,stabilize,662.0057,10.6503,117.7459,0.5020,66.7725
W0505,505,11,stabilize,663.3584,10.6624,119.4491,0.4855,66.4689
W0505,505,12,stabilize,661.2627,10.5242,119.0249,0.4964,66.3585
W0505,505,13,stabilize,661.6584,10.5868,119.7365,0.4946,66.5080
W0505,505,14,stabilize,661.7164,10.6957,119.3569,0.5071,66.4016
W0505,505,15,stabilize,661.7970,10.6562,118.5711,0.5124,66.7230
W0505,505,16,stabilize,661.3778,10.6320,120.4285,0.5130,66.5896
W0505,505,17,stabilize,662.4674,10.6994,120.5627,0.5122,66.6848
W0505,505,18,stabilize,662.0158,10.6091,119.5659,0.5009,66.6605
W0505,505,19,stabilize,662.4016,10.6037,119.1335,0.5207,66.6964
W0505,505,20,main_etch,732.1081,10.1023,120.1771,0.8726,67.2506
W0505,505,21,main_etch,733.9643,10.1159,119.2544,0.8703,67.0415
W0505,505,22,main_etch,729.6035,10.1629,119.7353,0.8517,66.9385
W0505,505,23,main_etch,732.1037,10.1273,120.1676,0.8802,67.1767
W0505,505,24,main_etch,734.4607,10.1088,119.7642,0.8694,67.2243
W0505,505,25,main_etch,741.5800,10.1413,120.8402,0.8807,66.8824
W0505,505,26,main_etch,735.6290,10.1283,118.5935,0.8818,67.0618
W0505,505,27,main_etch,734.1908,10.1312,119.4815,0.8814,66.9273
W0505,505,28,main_etch,734.0941,10.1102,119.9463,0.8892,67.2228
W0505,505,29,main_etch,738.1215,10.0755,120.0923,0.8882,67.2558
W0505,505,30,main_etch,733.5256,10.2072,119.1663,0.8669,67.2123
W0505,505,31,main_etch,734.1513,10.1106,120.2426,0.8822,67.1067
W0505,505,32,main_etch,736.7040,10.1819,120.1047,0.8935,66.9628
W0505,505,33,main_etch,739.1656,10.1521,119.8429,0.8884,67.2534
W0505,505,34,main_etch,738.9741,10.0987,119.5157,0.8960,67.2112
W0505,505,35,main_etch,738.4378,10.1845,121.4088,0.8795,67.1349
W0505,505,36,main_etch,730.6519,10.1038,120.0190,0.9037,67.1675
W0505,505,37,main_etch,731.1537,10.1691,119.9634,0.8970,67.1201
W0505,505,38,main_etch,734.2792,10.1373,119.9035,0.8894,67.4176
W0505,505,39,main_etch,729.9354,10.1472,120.8067,0.8920,67.1518
W0505,505,40,main_etch,735.8147,10.1663,119.6915,0.9144,67.3158
W0505,505,41,main_etch,735.4001,10.1971,120.3285,0.9110,67.5277
W0505,505,42,main_etch,737.4147,10.1347,121.4846,0.9026,66.9733
W0505,505,43,main_etch,734.0083,10.2016,120.4640,0.9095,67.0538
W0505,505,44,main_etch,736.4304,10.1383,118.9863,0.8901,67.0566
W0505,505,45,main_etch,732.8473,10.0889,121.3631,0.9105,67.1679
W0505,505,46,main_etch,730.7785,10.1368,118.9066,0.9059,66.9819
W0505,505,47,main_etch,741.5858,10.1595,118.6345,0.9093,67.1142
W0505,505,48,main_etch,734.0986,10.0708,120.1491,0.9253,67.2038
W0505,505,49,main_etch,735.5788,10.2323,120.3000,0.9252,67.3710
W0505,505,50,main_etch,733.2192,10.2062,120.0270,0.9076,67.4594
W0505,505,51,main_etch,734.1148,10.0911,120.0697,0.9386,67.1952
W0505,505,52,main_etch,733.0451,10.2118,118.0431,0.9261,67.5323
W0505,505,53,main_etch,739.1175,10.1738,119.0611,0.9148,66.9675
W0505,505,54,main_etch,739.1669,10.1721,117.9411,0.9425,67.2529
W0505,505,55,main_etch,733.0028,10.1890,117.9783,0.9367,67.2773
W0505,505,56,main_etch,734.1174,10.0896,118.5945,0.9417,67.5860
W0505,505,57,main_etch,734.7789,10.1720,119.8266,0.9263,67.0067
W0505,505,58,main_etch,732.2528,10.0891,119.7584,0.9251,67.4357
W0505,505,59,main_etch,736.4912,10.1329,119.1584,0.9167,67.4537
W0505,505,60,main_etch,735.6130,10.2032,119.1650,0.9464,67.3368
W0505,505,61,main_etch,736.6395,10.1456,120.3913,0.9323,67.3278
W0505,505,62,main_etch,732.7914,10.1334,118.9730,0.9603,67.5131
W0505,505,63,main_etch,735.5377,10.2272,120.1239,0.9521,67.0851
W0505,505,64,main_etch,732.4010,10.1397,119.9940,0.9434,67.3209
W0505,505,65,main_etch,736.9851,10.1200,118.8572,0.9413,67.5790
W0505,505,66,main_etch,730.0243,10.1008,120.5056,0.9471,67.1305
W0505,505,67,main_etch,740.7059,10.1170,120.1242,0.9601,67.1134
W0505,505,68,main_etch,732.1925,10.0746,119.2568,0.9583,67.3959
W0505,505,69,main_etch,735.5735,10.0851,119.5762,0.9474,67.3631
W0505,505,70,main_etch,733.8264,10.2028,120.9156,0.9566,67.3676
W0505,505,71,main_etch,730.3610,10.0963,118.5002,0.9613,67.5017
W0505,505,72,main_etch,733.7379,10.0787,118.8606,0.9432,67.2224
W0505,505,73,main_etch,736.1775,10.0768,119.5794,0.9578,67.3571
W0505,505,74,main_etch,735.4931,10.1077,119.2604,0.9688,67.4011
W0505,505,75,overetch,703.8048,9.9651,121.7064,0.6450,68.0966
W0505,505,76,overetch,706.2224,9.9540,122.0150,0.6396,67.7920
W0505,505,77,overetch,705.5049,9.9533,122.9186,0.6485,68.1100
W0505,505,78,overetch,704.7471,9.9651,122.3024,0.6453,67.9512
W0505,505,79,overetch,705.7413,9.8588,123.1148,0.6471,67.9033
W0505,505,80,overetch,702.3519,9.9496,121.5410,0.6600,68.0240
W0505,505,81,overetch,705.2271,9.9770,121.4041,0.6476,68.0859
W0505,505,82,overetch,709.7294,9.8865,121.9763,0.6704,67.6901
W0505,505,83,overetch,701.0258,9.9464,121.9871,0.6509,68.0248
W0505,505,84,overetch,705.5678,9.9114,121.5249,0.6499,67.5639
W0505,505,85,overetch,702.2693,9.9531,119.7006,0.6548,67.8157
W0505,505,86,overetch,703.7302,9.9573,122.3408,0.6551,67.8529
W0505,505,87,overetch,706.0581,9.9654,121.5964,0.6520,67.8111
W0505,505,88,overetch,704.3810,9.9661,120.9023,0.6536,67.9660
W0505,505,89,overetch,706.2427,9.8567,120.6767,0.6506,67.8521
W0505,505,90,overetch,704.7225,9.9478,121.7404,0.6624,68.0695
W0505,505,91,overetch,706.4040,9.8409,122.1837,0.6562,67.6018
W0505,505,92,overetch,700.9527,9.9161,122.2830,0.6553,68.1724
W0505,505,93,overetch,702.2855,9.9150,122.4683,0.6533,68.0302
W0505,505,94,overetch,707.4586,9.9590,121.5808,0.6710,67.8852
W0505,505,95,overetch,706.2504,10.0023,121.9231,0.6653,67.8723
W0505,505,96,overetch,702.4862,9.9952,120.4963,0.6687,68.0584
W0505,505,97,overetch,705.0606,9.8768,120.5628,0.6539,68.0980
W0505,505,98,overetch,705.0545,9.9242,123.5561,0.6582,68.0671
W0505,505,99,overetch,704.4682,9.9901,122.2250,0.6562,67.6905
W0519,519,0,stabilize,675.3294,10.9859,119.4504,0.4948,66.0707
W0519,519,1,stabilize,672.4617,10.8547,120.0217,0.5101,66.1957
W0519,519,2,stabilize,671.1510,10.8828,121.5211,0.4842,66.1860
W0519,519,3,stabilize,676.2911,10.8901,119.3618,0.5033,66.0727
W0519,519,4,stabilize,671.9848,10.8661,120.3715,0.4953,66.1218
W0519,519,5,stabilize,666.8489,10.8695,120.4464,0.5055,66.0659
W0519,519,6,stabilize,671.7174,10.9273,118.8751,0.5011,65.9955
W0519,519,7,stabilize,670.5437,10.9619,120.2930,0.5025,65.9005
W0519,519,8,stabilize,670.6287,10.8119,120.2781,0.5108,65.9715
W0519,519,9,stabilize,673.2785,10.9831,120.9975,0.5160,66.0812
W0519,519,10,stabilize,669.8965,10.9055,121.1788,0.4957,66.2034
W0519,519,11,stabilize,674.1138,10.9056,120.6308,0.5134,65.8995
W0519,519,12,stabilize,670.8932,10.8019,119.3826,0.5007,66.0707
W0519,519,13,stabilize,670.6182,10.8710,119.9531,0.5127,66.0302
W0519,519,14,stabilize,670.2801,10.9411,122.4684,0.5027,66.2151
W0519,519,15,stabilize,673.1999,10.9236,118.9728,0.5121,66.2617
W0519,519,16,stabilize,674.8695,10.8840,120.0408,0.4999,66.2155
W0519,519,17,stabilize,667.7594,10.8826,121.0455,0.5113,65.8543
W0519,519,18,stabilize,672.1455,10.9907,118.9815,0.5036,66.0183
W0519,519,19,stabilize,672.8918,10.8624,119.9312,0.4868,65.8839
W0519,519,20,main_etch,742.5084,10.4833,118.4972,0.8503,66.3626
W0519,519,21,main_etch,743.6513,10.4410,122.0787,0.8670,66.5533
W0519,519,22,main_etch,752.5586,10.5213,120.5791,0.8831,66.3887
W0519,519,23,main_etch,746.4664,10.3687,118.9646,0.8837,66.2098
W0519,519,24,main_etch,743.7316,10.3354,119.7635,0.8710,66.1435
W0519,519,25,main_etch,746.5870,10.3840,119.4140,0.8740,66.4003
W0519,519,26,main_etch,743.8810,10.4237,120.7274,0.8864,66.4704
W0519,519,27,main_etch,749.9651,10.3551,120.4314,0.8903,66.6597
W0519,519,28,main_etch,743.1444,10.3212,119.7705,0.8856,66.6806
W0519,519,29,main_etch,746.6218,10.4070,120.4911,0.9009,66.7480
W0519,519,30,main_etch,745.2506,10.4476,120.1001,0.8774,66.7199
W0519,519,31,main_etch,746.6024,10.3335,118.7998,0.8932,66.4336
W0519,519,32,main_etch,744.3796,10.3946,119.5007,0.8815,66.6178
W0519,519,33,main_etch,749.8586,10.4299,121.0173,0.8798,66.4686
W0519,519,34,main_etch,745.6981,10.3956,118.6043,0.8812,66.5403
W0519,519,35,main_etch,747.7328,10.3854,119.8773,0.8900,66.7401
W0519,519,36,main_etch,741.4688,10.4475,122.0398,0.8932,66.5353
W0519,519,37,main_etch,738.8300,10.4371,121.4152,0.8865,66.8059
W0519,519,38,main_etch,745.6022,10.3241,119.9205,0.9048,66.8017
W0519,519,39,main_etch,745.5830,10.4149,120.5233,0.8915,66.6821
W0519,519,40,main_etch,748.4016,10.4279,120.6168,0.8983,66.6918
W0519,519,41,main_etch,742.8973,10.2766,120.0792,0.9211,66.7045
W0519,519,42,main_etch,748.1319,10.4424,120.1519,0.9123,66.8148
W0519,519,43,main_etch,742.7689,10.4232,120.5373,0.8935,66.6403
W0519,519,44,main_etch,746.5889,10.4048,119.3610,0.8993,66.6828
W0519,519,45,main_etch,749.0503,10.3486,119.0082,0.9198,66.4611
W0519,519,46,main_etch,745.8861,10.4138,119.5760,0.8990,66.7363
W0519,519,47,main_etch,740.7510,10.3612,120.6691,0.9111,66.6393
W0519,519,48,main_etch,746.5871,10.3258,118.5341,0.9089,66.6480
W0519,519,49,main_etch,742.9463,10.4133,120.9997,0.9196,66.7776
W0519,519,50,main_etch,752.2084,10.3642,120.6338,0.9294,66.6035
W0519,519,51,main_etch,748.6186,10.4156,121.7839,0.9365,66.6822
W0519,519,52,main_etch,746.9845,10.4008,118.6134,0.9061,66.8190
W0519,519,53,main_etch,746.6816,10.4205,121.0306,0.9158,66.6618
W0519,519,54,main_etch,747.2741,10.4281,120.4729,0.9139,67.0024
W0519,519,55,main_etch,749.7673,10.3528,119.3651,0.9141,66.5793
W0519,519,56,main_etch,745.3427,10.4750,120.6537,0.9166,66.6317
W0519,519,57,main_etch,745.0870,10.3711,119.7344,0.9058,66.7360
W0519,519,58,main_etch,745.7943,10.3046,120.4163,0.9152,66.8520
W0519,519,59,main_etch,746.5196,10.4311,119.5551,0.9188,66.7050
W0519,519,60,main_etch,743.1495,10.3611,117.9315,0.9146,66.5085
W0519,519,61,main_etch,743.5121,10.4601,121.5029,0.9335,66.7777
W0519,519,62,main_etch,748.9695,10.3408,119.5014,0.9402,66.6544
W0519,519,63,main_etch,750.0464,10.3060,119.3705,0.9317,66.9228
W0519,519,64,main_etch,741.9314,10.2935,120.4095,0.9320,66.8866
W0519,519,65,main_etch,745.8868,10.3663,120.5278,0.9356,66.7915
W0519,519,66,main_etch,744.0290,10.3175,119.0711,0.9501,67.0603
W0519,519,67,main_etch,741.4052,10.4897,120.3627,0.9361,67.1101
W0519,519,68,main_etch,741.6390,10.4470,120.3300,0.9433,66.6907
W0519,519,69,main_etch,745.7973,10.3681,120.3764,0.9418,66.8550
W0519,519,70,main_etch,749.6530,10.4053,118.8728,0.9346,66.7851
W0519,519,71,main_etch,750.4003,10.4442,120.1112,0.9500,66.8794
W0519,519,72,main_etch,747.8595,10.4151,121.5118,0.9514,66.8244
W0519,519,73,main_etch,749.0301,10.3581,119.4035,0.9471,66.8535
W0519,519,74,main_etch,743.5120,10.3991,122.0762,0.9474,66.6908
W0519,519,75,overetch,716.6457,10.2217,121.7905,0.6321,67.2168
W0519,519,76,overetch,716.8930,10.1256,123.4668,0.6521,67.5785
W0519,519,77,overetch,717.5515,10.1250,121.3136,0.6558,67.4559
W0519,519,78,overetch,717.3496,10.1546,121.8861,0.6378,67.3463
W0519,519,79,overetch,714.4335,10.2044,122.9392,0.6439,67.0554
W0519,519,80,overetch,716.0699,10.1635,123.4129,0.6576,67.2435
W0519,519,81,overetch,717.3331,10.1284,121.5136,0.6597,67.4645
W0519,519,82,overetch,715.2589,10.2367,121.5513,0.6608,67.2113
W0519,519,83,overetch,715.5942,10.1473,123.8198,0.6405,67.4414
W0519,519,84,overetch,717.8851,10.2022,123.8219,0.6584,67.2036
W0519,519,85,overetch,716.5690,10.2569,120.8250,0.6518,67.4127
W0519,519,86,overetch,713.0718,10.1796,122.5328,0.6559,67.4314
W0519,519,87,overetch,719.9231,10.2553,121.7060,0.6606,67.4164
W0519,519,88,overetch,711.9077,10.1314,120.4525,0.6673,67.3181
W0519,519,89,overetch,717.4490,10.2971,122.8521,0.6458,67.2681
W0519,519,90,overetch,709.0954,10.2215,121.0510,0.6419,67.2528
W0519,519,91,overetch,719.1086,10.2152,121.5357,0.6731,67.3157
W0519,519,92,overetch,717.6097,10.2042,121.9612,0.6753,67.5549
W0519,519,93,overetch,719.3966,10.2988,123.6795,0.6575,67.3550
W0519,519,94,overetch,718.2622,10.2036,122.5378,0.6577,67.1414
W0519,519,95,overetch,716.7949,10.1075,122.7166,0.6607,67.5352
W0519,519,96,overetch,717.0130,10.1851,122.6525,0.6548,67.5732
W0519,519,97,overetch,716.3915,10.2315,120.7555,0.6421,66.9828
W0519,519,98,overetch,715.6768,10.2662,122.3152,0.6603,67.3134
W0519,519,99,overetch,715.1054,10.2415,121.6837,0.6744,67.6432
W0531,531,0,stabilize,686.7567,10.1564,116.5284,0.5449,68.2892
W0531,531,1,stabilize,689.0113,10.0959,116.1815,0.5416,67.9456
W0531,531,2,stabilize,690.8522,10.2162,116.0332,0.5561,68.3258
W0531,531,3,stabilize,685.9938,10.1968,115.2009,0.5503,68.6845
W0531,531,4,stabilize,693.7560,10.0951,116.3332,0.5525,68.5842
W0531,531,5,stabilize,686.2056,10.2110,115.7271,0.5615,68.4738
W0531,531,6,stabilize,684.7934,10.1528,117.5571,0.5607,68.3003
W0531,531,7,stabilize,690.3305,10.1340,117.1100,0.5675,68.4370
W0531,531,8,stabilize,686.0111,10.1596,114.8220,0.5869,68.1112
W0531,531,9,stabilize,693.4882,10.1572,116.4159,0.5810,68.1236
W0531,531,10,stabilize,684.7629,10.1837,115.9123,0.5637,68.5202
W0531,531,11,stabilize,686.7926,10.2351,117.3979,0.5865,68.2583
W0531,531,12,stabilize,681.5619,10.2139,116.5881,0.5948,68.2881
W0531,531,13,stabilize,690.6844,10.1051,116.1284,0.5795,68.5345
W0531,531,14,stabilize,686.7000,10.1700,116.4100,0.5972,68.9083
W0531,531,15,stabilize,684.8986,10.2247,117.1825,0.5864,68.3504
W0531,531,16,stabilize,693.7338,10.1410,117.2860,0.5880,68.5818
W0531,531,17,stabilize,687.3591,10.0804,119.8113,0.5997,68.4195
W0531,531,18,stabilize,691.6868,10.2949,116.9525,0.5768,68.4276
W0531,531,19,stabilize,692.4238,10.2240,117.5271,0.6127,68.3920
W0531,531,20,main_etch,767.9697,9.6922,117.3779,0.9286,69.0665
W0531,531,21,main_etch,766.0328,9.7347,117.2242,0.9250,68.8249
W0531,531,22,main_etch,766.7151,9.6742,116.4825,0.9205,68.6071
W0531,531,23,main_etch,765.9764,9.6593,117.9698,0.9436,68.8987
W0531,531,24,main_etch,768.0420,9.8335,116.8589,0.9091,69.1346
W0531,531,25,main_etch,760.7810,9.7001,115.8464,0.9381,69.0923
W0531,531,26,main_etch,760.2836,9.6924,116.3191,0.9363,68.6646
W0531,531,27,main_etch,764.6806,9.7721,117.2949,0.9464,68.9083
W0531,531,28,main_etch,759.5703,9.6671,116.9891,0.9604,68.8758
W0531,531,29,main_etch,763.7730,9.6911,116.5312,0.9441,68.9994
W0531,531,30,main_etch,763.0577,9.6760,117.1299,0.9690,68.9900
W0531,531,31,main_etch,761.1553,9.7255,115.7811,0.9802,69.0604
W0531,531,32,main_etch,760.9579,9.6646,115.6841,0.9694,69.1273
W0531,531,33,main_etch,759.7120,9.5901,114.5286,0.9776,68.9500
W0531,531,34,main_etch,760.3139,9.7269,116.9923,0.9779,68.9707
W0531,531,35,main_etch,762.6799,9.8277,116.4484,0.9787,68.7885
W0531,531,36,main_etch,763.1278,9.8068,115.5797,0.9891,68.9432
W0531,531,37,main_etch,761.3568,9.7028,116.7317,1.0051,69.0233
W0531,531,38,main_etch,762.5841,9.6666,116.0939,1.0109,68.8896
W0531,531,39,main_etch,765.8828,9.6446,116.3838,1.0074,69.1068
W0531,531,40,main_etch,762.4725,9.6806,116.4735,1.0098,68.9437
W0531,531,41,main_etch,764.0706,9.6932,119.5684,1.0107,69.1855
W0531,531,42,main_etch,763.3047,9.7130,116.1691,1.0130,69.2325
W0531,531,43,main_etch,764.8380,9.7304,116.5820,1.0083,69.2225
W0531,531,44,main_etch,760.0490,9.6732,116.3008,1.0395,68.9458
W0531,531,45,main_etch,763.5367,9.6737,116.4898,1.0334,68.8379
W0531,531,46,main_etch,761.7440,9.7418,117.5617,1.0339,69.0488
W0531,531,47,main_etch,760.8010,9.7119,115.1174,1.0618,69.0240
W0531,531,48,main_etch,770.8072,9.7017,116.3817,1.0376,69.3397
W0531,531,49,main_etch,764.8209,9.6467,116.5062,1.0738,69.2077
W0531,531,50,main_etch,764.2887,9.7041,116.5289,1.0417,69.1134
W0531,531,51,main_etch,764.3767,9.7020,117.7816,1.0608,69.1187
W0531,531,52,main_etch,767.8356,9.6975,116.8577,1.0665,69.1469
W0531,531,53,main_etch,765.7781,9.7113,117.5145,1.0723,69.0125
W0531,531,54,main_etch,768.5907,9.7197,117.7242,1.0828,69.2582
W0531,531,55,main_etch,764.4395,9.6191,117.4263,1.0888,69.3326
W0531,531,56,main_etch,763.1707,9.7721,116.6067,1.0871,69.0390
W0531,531,57,main_etch,763.0132,9.5905,116.2120,1.0902,69.1416
W0531,531,58,main_etch,768.0379,9.7098,117.2679,1.0973,68.9477
W0531,531,59,main_etch,766.8470,9.6586,117.0744,1.1185,68.8988
W0531,531,60,main_etch,761.6226,9.6867,116.9907,1.1001,69.2497
W0531,531,61,main_etch,766.0966,9.6603,116.8005,1.1309,69.2538
W0531,531,62,main_etch,768.3901,9.6904,115.9604,1.1208,69.0128
W0531,531,63,main_etch,759.4704,9.5956,116.5967,1.1126,69.0669
W0531,531,64,main_etch,765.5951,9.7100,117.3721,1.1255,69.1205
W0531,531,65,main_etch,759.8660,9.7185,116.7967,1.1442,69.4468
W0531,531,66,main_etch,769.0989,9.6484,117.2990,1.1369,68.9889
W0531,531,67,main_etch,766.0775,9.6324,116.5304,1.1408,69.1449
W0531,531,68,main_etch,767.4732,9.6634,116.2387,1.1615,69.1877
W0531,531,69,main_etch,764.8181,9.7282,116.6641,1.1450,69.2348
W0531,531,70,main_etch,761.8717,9.7868,116.9595,1.1677,68.9305
W0531,531,71,main_etch,762.4387,9.7994,115.8814,1.1660,69.4703
W0531,531,72,main_etch,771.4563,9.6819,117.0803,1.1672,69.1350
W0531,531,73,main_etch,763.3023,9.6561,115.5234,1.1612,69.1852
W0531,531,74,main_etch,764.8639,9.7336,116.8832,1.1897,69.2002
W0531,531,75,overetch,733.1079,9.4658,119.4153,0.7294,69.9018
W0531,531,76,overetch,732.1619,9.4754,119.5688,0.7242,69.9801
W0531,531,77,overetch,729.9325,9.5368,118.9827,0.7413,69.7242
W0531,531,78,overetch,737.2389,9.5298,119.7471,0.7079,69.7175
W0531,531,79,overetch,734.3922,9.4570,119.2212,0.7402,69.6841
W0531,531,80,overetch,733.7489,9.5261,119.4262,0.7283,69.6609
W0531,531,81,overetch,730.3702,9.4987,118.8673,0.7360,69.6100
W0531,531,82,overetch,733.6991,9.5027,119.5717,0.7486,69.7497
W0531,531,83,overetch,734.2563,9.4778,119.6597,0.7483,69.8216
W0531,531,84,overetch,735.3966,9.6227,120.5851,0.7528,69.7897
W0531,531,85,overetch,733.7428,9.4663,119.7018,0.7477,69.9062
W0531,531,86,overetch,734.6435,9.5484,118.7658,0.7682,69.9189
W0531,531,87,overetch,733.3786,9.4713,119.8789,0.7562,69.5449
W0531,531,88,overetch,731.0783,9.4553,118.2911,0.7514,69.5901
W0531,531,89,overetch,733.1458,9.5314,120.8523,0.7417,69.8669
W0531,531,90,overetch,733.4550,9.4882,120.0023,0.7731,69.5461
W0531,531,91,overetch,730.8032,9.5526,118.4773,0.7690,69.8278
W0531,531,92,overetch,738.3425,9.4157,119.8033,0.7512,69.4658
W0531,531,93,overetch,735.9508,9.5202,118.4664,0.7688,69.9316
W0531,531,94,overetch,737.2470,9.4906,119.3867,0.7898,69.7357
W0531,531,95,overetch,736.5346,9.4584,117.9167,0.7572,69.7376
W0531,531,96,overetch,733.9035,9.3669,119.8997,0.7782,69.6943
W0531,531,97,overetch,736.0095,9.4855,118.9863,0.8007,69.6849
W0531,531,98,overetch,731.9309,9.4113,117.8833,0.7688,69.6961
W0531,531,99,overetch,738.3147,9.5138,118.1189,0.7864,69.6171
W0559,559,0,stabilize,683.4455,11.3517,119.6854,0.5072,63.5990
W0559,559,1,stabilize,682.2726,11.5089,117.4083,0.5329,63.5986
W0559,559,2,stabilize,682.3186,11.5033,118.0414,0.5555,63.8025
W0559,559,3,stabilize,677.3145,11.3948,118.9022,0.5370,63.7356
W0559,559,4,stabilize,683.5554,11.5036,119.9258,0.5424,63.7109
W0559,559,5,stabilize,677.5816,11.4228,118.2639,0.5267,63.5065
W0559,559,6,stabilize,676.9187,11.4721,117.4571,0.5287,63.7271
W0559,559,7,stabilize,678.6346,11.4408,118.2780,0.5449,63.7150
W0559,559,8,stabilize,679.8839,11.4498,118.8290,0.5173,63.5229
W0559,559,9,stabilize,679.6884,11.4461,117.1292,0.5362,63.7303
W0559,559,10,stabilize,679.8022,11.4617,117.5278,0.5368,63.5582
W0559,559,11,stabilize,680.2722,11.4497,117.8089,0.5527,63.7490
W0559,559,12,stabilize,685.6495,11.5826,117.8315,0.5455,63.5290
W0559,559,13,stabilize,676.8803,11.4722,120.2659,0.5542,63.5456
W0559,559,14,stabilize,678.4995,11.4924,119.5170,0.5556,63.7299
W0559,559,15,stabilize,675.6752,11.4745,117.8815,0.5394,63.6190
W0559,559,16,stabilize,677.5605,11.5122,118.7501,0.5466,63.4750
W0559,559,17,stabilize,676.3152,11.4585,118.7546,0.5601,63.8722
W0559,559,18,stabilize,679.8332,11.4445,118.5255,0.5613,63.7494
W0559,559,19,stabilize,677.5156,11.4565,118.7226,0.5618,63.7753
W0559,559,20,main_etch,756.9264,10.9871,119.8283,0.8582,64.1197
W0559,559,21,main_etch,753.3267,10.8996,119.1422,0.8808,64.1666
W0559,559,22,main_etch,751.9121,10.9998,116.9954,0.8999,64.3110
W0559,559,23,main_etch,760.0507,10.8596,119.1745,0.8798,63.9777
W0559,559,24,main_etch,759.2041,10.9181,118.2650,0.9036,64.0990
W0559,559,25,main_etch,758.1797,10.9017,119.0754,0.8848,64.2487
W0559,559,26,main_etch,756.0184,10.9278,118.4386,0.9164,64.0889
W0559,559,27,main_etch,761.2674,10.9196,118.1088,0.9011,64.2687
W0559,559,28,main_etch,757.3393,10.8688,118.6015,0.9026,64.0905
W0559,559,29,main_etch,755.2706,10.9298,120.2969,0.9141,64.3509
W0559,559,30,main_etch,754.7708,10.8775,117.4654,0.9283,64.0015
W0559,559,31,main_etch,752.2529,10.9211,118.3627,0.9191,64.2363
W0559,559,32,main_etch,756.4489,10.9328,118.4581,0.9592,64.0989
W0559,559,33,main_etch,754.6258,10.9021,118.4620,0.9362,64.3967
W0559,559,34,main_etch,756.2939,10.8646,119.4109,0.9166,64.1091
W0559,559,35,main_etch,755.1837,10.9335,119.2150,0.9468,64.1806
W0559,559,36,main_etch,759.0032,10.7866,118.7284,0.9458,64.1748
W0559,559,37,main_etch,753.9701,10.9382,118.9330,0.9535,64.4169
W0559,559,38,main_etch,756.1957,10.9330,118.6179,0.9769,64.1887
W0559,559,39,main_etch,758.3182,10.8797,118.8324,0.9392,64.3955
W0559,559,40,main_etch,753.5314,10.8730,117.6563,0.9592,64.1988
W0559,559,41,main_etch,758.9928,10.9716,117.6409,0.9719,64.3077
W0559,559,42,main_etch,753.5538,10.8873,118.6044,0.9649,63.9979
W0559,559,43,main_etch,756.5875,10.8667,118.7204,0.9783,64.3492
W0559,559,44,main_etch,754.8372,10.9031,119.3961,0.9860,64.1492
W0559,559,45,main_etch,757.0235,10.8761,119.8963,0.9898,64.0238
W0559,559,46,main_etch,753.4420,10.8563,118.5282,0.9754,64.2319
W0559,559,47,main_etch,755.9714,10.9018,118.7564,0.9976,64.3898
W0559,559,48,main_etch,755.8242,10.9360,119.5425,0.9843,64.3318
W0559,559,49,main_etch,755.2406,10.9037,119.3855,1.0093,64.2256
W0559,559,50,main_etch,759.4097,10.9627,118.0752,0.9934,64.2513
W0559,559,51,main_etch,754.0078,10.8617,118.8560,1.0003,64.2412
W0559,559,52,main_etch,753.9926,10.9937,117.9068,1.0035,63.9608
W0559,559,53,main_etch,752.4865,10.9664,118.2677,1.0062,64.3768
W0559,559,54,main_etch,750.4269,10.9918,118.1506,1.0014,64.3421
W0559,559,55,main_etch,756.1360,10.8678,118.2902,1.0269,64.2231
W0559,559,56,main_etch,755.9691,10.9255,116.8148,1.0330,64.3082
W0559,559,57,main_etch,756.8566,10.9777,118.4812,1.0230,64.6870
W0559,559,58,main_etch,759.6249,10.8501,117.9363,1.0163,64.1172
W0559,559,59,main_etch,755.7775,10.8602,117.6607,1.0426,64.4871
W0559,559,60,main_etch,750.3901,10.8285,118.1888,1.0173,64.5493
W0559,559,61,main_etch,756.7559,10.9573,119.1975,1.0454,64.3515
W0559,559,62,main_etch,756.0567,10.9680,119.1361,1.0423,63.9214
W0559,559,63,main_etch,759.0107,10.9558,116.9987,1.0593,64.2965
W0559,559,64,main_etch,754.8783,10.8677,118.9885,1.0605,64.5012
W0559,559,65,main_etch,755.8964,10.8413,118.3541,1.0623,64.2747
W0559,559,66,main_etch,759.9455,10.9613,118.1195,1.0811,64.5366
W0559,559,67,main_etch,755.6868,10.9247,118.3734,1.0599,64.4218
W0559,559,68,main_etch,752.3536,10.9190,119.3648,1.0701,64.4039
W0559,559,69,main_etch,757.1374,10.8429,118.3445,1.0771,64.3983
W0559,559,70,main_etch,755.3125,10.8468,116.6352,1.0782,64.2348
W0559,559,71,main_etch,757.7480,10.9038,117.9581,1.0813,64.7012
W0559,559,72,main_etch,755.3747,10.9097,119.7857,1.0935,64.4372
W0559,559,73,main_etch,756.9809,10.8896,117.0767,1.0896,64.5459
W0559,559,74,main_etch,758.7929,10.7988,117.8623,1.0854,64.2789
W0559,559,75,overetch,720.5597,10.6058,119.1671,0.6879,64.7278
W0559,559,76,overetch,723.2103,10.6830,121.9385,0.6648,64.6015
W0559,559,77,overetch,727.6183,10.6810,120.7158,0.6998,64.8915
W0559,559,78,overetch,723.9220,10.7034,119.6385,0.6827,64.8420
W0559,559,79,overetch,729.3624,10.6616,119.5960,0.7134,64.9539
W0559,559,80,overetch,726.1309,10.6469,120.2757,0.7020,64.8980
W0559,559,81,overetch,721.7753,10.6480,119.3133,0.6973,64.8073
W0559,559,82,overetch,725.2787,10.7210,120.4564,0.7115,64.8282
W0559,559,83,overetch,724.1846,10.6792,120.6985,0.7107,64.7793
W0559,559,84,overetch,727.1057,10.6929,120.6360,0.7044,64.6735
W0559,559,85,overetch,729.6378,10.6980,119.7826,0.7036,64.7568
W0559,559,86,overetch,729.1267,10.7743,120.3687,0.7220,65.1691
W0559,559,87,overetch,723.2704,10.6293,121.7286,0.7017,64.7110
W0559,559,88,overetch,724.5808,10.7162,120.5905,0.7019,64.6339
W0559,559,89,overetch,726.4631,10.6263,120.5655,0.6993,64.9932
W0559,559,90,overetch,724.7064,10.6250,119.1448,0.7256,64.9796
W0559,559,91,overetch,725.2886,10.7202,121.3338,0.7085,64.8453
W0559,559,92,overetch,730.1914,10.6742,120.1688,0.7269,64.9336
W0559,559,93,overetch,722.9490,10.7442,120.9568,0.7198,65.0935
W0559,559,94,overetch,726.9331,10.7729,121.0199,0.7202,64.8951
W0559,559,95,overetch,728.0605,10.6498,121.1334,0.7113,64.9810
W0559,559,96,overetch,725.5281,10.7181,121.7667,0.7267,65.0326
W0559,559,97,overetch,726.7349,10.5712,120.7101,0.7334,65.2232
W0559,559,98,overetch,726.7754,10.6288,121.9184,0.7396,64.9516
W0559,559,99,overetch,724.1622,10.6474,121.5318,0.7373,64.8503
W0560,560,0,stabilize,670.1700,11.2448,115.2043,0.4864,63.1807
W0560,560,1,stabilize,674.4695,11.1943,116.0566,0.4911,63.0798
W0560,560,2,stabilize,675.0148,11.2351,114.1471,0.4926,63.1181
W0560,560,3,stabilize,680.5219,11.1614,115.5076,0.4751,63.1575
W0560,560,4,stabilize,673.2977,11.2089,115.6436,0.4973,63.1771
W0560,560,5,stabilize,675.4339,11.2153,115.3615,0.5067,63.2101
W0560,560,6,stabilize,675.4961,11.1674,115.6708,0.4968,63.2676
W0560,560,7,stabilize,679.0875,11.2957,116.3259,0.4888,62.8506
W0560,560,8,stabilize,681.9134,11.2542,115.9186,0.4907,62.9859
W0560,560,9,stabilize,673.0384,11.1840,115.4305,0.5016,63.1444
W0560,560,10,stabilize,675.5121,11.2135,114.8557,0.4878,63.0878
W0560,560,11,stabilize,681.3888,11.1886,115.5875,0.4861,63.0240
W0560,560,12,stabilize,676.8016,11.2412,116.8584,0.4924,63.1643
W0560,560,13,stabilize,678.1241,11.1895,115.2876,0.4973,63.3715
W0560,560,14,stabilize,679.3323,11.1707,114.2118,0.4776,63.0697
W0560,560,15,stabilize,677.4891,11.2181,116.0355,0.5034,63.2522
W0560,560,16,stabilize,677.2289,11.1869,114.1935,0.4949,63.3069
W0560,560,17,stabilize,680.0247,11.1881,116.4629,0.4851,63.1185
W0560,560,18,stabilize,679.7891,11.1800,116.0760,0.4974,63.2267
W0560,560,19,stabilize,671.3805,11.1751,116.4390,0.4939,63.0198
W0560,560,20,main_etch,754.4553,10.6616,114.8511,0.9039,63.7368
W0560,560,21,main_etch,750.7180,10.6686,116.4555,0.9037,63.4388
W0560,560,22,main_etch,748.1775,10.6046,113.9023,0.9035,63.5258
W0560,560,23,main_etch,753.4162,10.7026,116.0189,0.9051,63.4574
W0560,560,24,main_etch,753.5531,10.6791,114.7982,0.8959,63.4950
W0560,560,25,main_etch,753.2955,10.6590,115.2958,0.9073,63.7008
W0560,560,26,main_etch,752.9913,10.7070,115.8985,0.8916,63.5831
W0560,560,27,main_etch,747.5270,10.6667,114.5627,0.9018,63.6869
W0560,560,28,main_etch,751.6431,10.6360,114.7851,0.8853,63.6608
W0560,560,29,main_etch,750.6608,10.7742,116.2434,0.8889,63.8196
W0560,560,30,main_etch,756.1361,10.7085,114.4263,0.8972,63.5318
W0560,560,31,main_etch,754.6327,10.6635,114.9891,0.9076,63.5655
W0560,560,32,main_etch,754.8499,10.6742,115.6398,0.8837,63.8723
W0560,560,33,main_etch,751.2807,10.6368,114.9902,0.9066,64.0325
W0560,560,34,main_etch,751.7617,10.6981,115.2366,0.8971,63.5717
W0560,560,35,main_etch,753.7550,10.6753,115.9461,0.8971,63.9579
W0560,560,36,main_etch,750.9027,10.6882,115.4295,0.9015,63.5682
W0560,560,37,main_etch,746.5907,10.7333,114.8248,0.8901,63.7627
W0560,560,38,main_etch,752.0856,10.6269,115.8988,0.9166,63.5746
W0560,560,39,main_etch,751.8311,10.6583,115.1909,0.8985,63.5626
W0560,560,40,main_etch,755.9756,10.6967,114.5814,0.8922,63.7179
W0560,560,41,main_etch,753.9011,10.7559,116.0078,0.8862,63.6971
W0560,560,42,main_etch,748.7312,10.6428,115.1119,0.8951,63.7994
W0560,560,43,main_etch,752.8764,10.7064,116.8316,0.8903,63.7747
W0560,560,44,main_etch,757.6445,10.5906,115.2521,0.8964,63.9114
W0560,560,45,main_etch,755.6599,10.7536,114.6927,0.8914,63.8623
W0560,560,46,main_etch,754.5704,10.6285,115.5962,0.8996,63.7255
W0560,560,47,main_etch,753.1624,10.7074,115.8108,0.8964,63.5916
W0560,560,48,main_etch,751.2197,10.7070,115.3477,0.8940,63.6308
W0560,560,49,main_etch,758.2057,10.6439,115.5057,0.9024,63.8344
W0560,560,50,main_etch,749.0935,10.6690,116.6607,0.8858,63.6620
W0560,560,51,main_etch,756.7679,10.6508,115.7846,0.8803,63.8567
W0560,560,52,main_etch,751.5776,10.7086,115.0192,0.8930,63.7578
W0560,560,53,main_etch,752.4650,10.7076,115.2858,0.8933,63.7705
W0560,560,54,main_etch,745.7649,10.5857,115.4968,0.9109,63.7299
W0560,560,55,main_etch,753.6191,10.6004,116.2677,0.9050,63.7381
W0560,560,56,main_etch,749.0559,10.6251,116.0579,0.9098,63.6529
W0560,560,57,main_etch,749.6542,10.7086,115.4716,0.9004,63.9686
W0560,560,58,main_etch,753.2517,10.6141,115.5435,0.8887,63.7017
W0560,560,59,main_etch,751.5900,10.6652,115.2527,0.9047,63.7606
W0560,560,60,main_etch,750.3415,10.6137,115.1094,0.8803,63.9000
W0560,560,61,main_etch,747.3567,10.6468,114.3867,0.8853,64.1057
W0560,560,62,main_etch,753.9874,10.6775,114.7847,0.9114,63.6947
W0560,560,63,main_etch,751.8840,10.6250,114.6157,0.8983,63.6995
W0560,560,64,main_etch,752.5478,10.7144,115.1675,0.9022,63.8383
W0560,560,65,main_etch,749.9440,10.6528,115.2406,0.8843,63.9277
W0560,560,66,main_etch,746.1829,10.6235,115.9494,0.8858,63.9736
W0560,560,67,main_etch,752.2422,10.7385,115.7596,0.8934,64.0762
W0560,560,68,main_etch,755.2350,10.6236,114.2799,0.8955,64.0443
W0560,560,69,main_etch,752.4955,10.7131,115.0615,0.8897,63.9114
W0560,560,70,main_etch,755.7159,10.6831,116.7310,0.8820,64.0744
W0560,560,71,main_etch,753.9123,10.6652,114.4358,0.9042,64.0687
W0560,560,72,main_etch,753.7379,10.6091,115.8430,0.8946,63.9169
W0560,560,73,main_etch,752.3594,10.6764,115.4148,0.8732,63.9331
W0560,560,74,main_etch,751.9022,10.7770,115.2470,0.8980,64.0235
W0560,560,75,overetch,722.6982,10.4255,117.8097,0.6392,64.2082
W0560,560,76,overetch,723.6435,10.5119,118.2651,0.6361,64.3430
W0560,560,77,overetch,719.9780,10.4946,118.0104,0.6388,64.2574
W0560,560,78,overetch,725.7002,10.4827,117.5774,0.6459,64.1365
W0560,560,79,overetch,719.8895,10.4638,117.8842,0.6437,64.2391
W0560,560,80,overetch,723.9388,10.4154,118.0055,0.6321,64.1006
W0560,560,81,overetch,718.5464,10.4781,117.6156,0.6395,64.3371
W0560,560,82,overetch,723.2464,10.3722,119.0743,0.6429,64.3595
W0560,560,83,overetch,725.3658,10.4231,118.9332,0.6388,64.2944
W0560,560,84,overetch,722.3878,10.3668,118.0318,0.6280,64.5382
W0560,560,85,overetch,719.5923,10.4530,117.1851,0.6478,64.1333
W0560,560,86,overetch,725.6365,10.4006,117.7254,0.6223,64.6097
W0560,560,87,overetch,723.1751,10.4585,117.0953,0.6398,64.5054
W0560,560,88,overetch,722.3713,10.4287,118.9343,0.6467,64.4360
W0560,560,89,overetch,722.6171,10.4731,118.6366,0.6404,64.4817
W0560,560,90,overetch,724.5318,10.5519,118.5358,0.6335,64.2020
W0560,560,91,overetch,724.2746,10.4174,118.9931,0.6426,64.4863
W0560,560,92,overetch,723.1564,10.4429,118.6338,0.6291,64.4263
W0560,560,93,overetch,722.3185,10.4888,116.2737,0.6437,64.1423
W0560,560,94,overetch,720.5373,10.4306,118.1798,0.6403,64.5764
W0560,560,95,overetch,717.4124,10.4881,117.7059,0.6573,64.3054
W0560,560,96,overetch,720.8754,10.4060,117.5238,0.6272,64.2932
W0560,560,97,overetch,723.7290,10.5292,118.0107,0.6467,64.4239
W0560,560,98,overetch,725.6294,10.5165,118.7893,0.6522,64.1233
W0560,560,99,overetch,723.5635,10.4490,117.3022,0.6455,64.2241
W0582,582,0,stabilize,687.1657,10.2982,120.4235,0.5944,63.5261
W0582,582,1,stabilize,684.0695,10.2615,121.3314,0.5977,63.4984
W0582,582,2,stabilize,687.9069,10.4246,121.9125,0.6015,63.8706
W0582,582,3,stabilize,688.8250,10.3376,121.3685,0.6129,63.8721
W0582,582,4,stabilize,683.9423,10.3216,120.5036,0.6108,63.6833
W0582,582,5,stabilize,686.9232,10.3170,121.4240,0.6137,63.4901
W0582,582,6,stabilize,684.9762,10.3202,121.1981,0.6209,63.6834
W0582,582,7,stabilize,684.2174,10.3028,120.6478,0.5913,63.8222
W0582,582,8,stabilize,686.6399,10.3312,120.5553,0.6029,63.7375
W0582,582,9,stabilize,684.3405,10.3042,118.3768,0.6045,63.7881
W0582,582,10,stabilize,683.9325,10.3446,121.1504,0.6102,63.6945
W0582,582,11,stabilize,685.3050,10.2961,121.5378,0.6157,63.6631
W0582,582,12,stabilize,686.7046,10.3403,120.5640,0.6259,63.4510
W0582,582,13,stabilize,680.8194,10.2957,120.1880,0.6017,63.7596
W0582,582,14,stabilize,683.9489,10.3559,120.9006,0.6039,63.7293
W0582,582,15,stabilize,683.1381,10.3403,120.6611,0.5971,63.8096
W0582,582,16,stabilize,689.4760,10.2680,121.5873,0.6229,63.7194
W0582,582,17,stabilize,680.7712,10.3108,119.6477,0.6299,63.7521
W0582,582,18,stabilize,686.0463,10.2845,120.4089,0.6172,63.8326
W0582,582,19,stabilize,692.6792,10.2773,121.2875,0.6246,63.6839
W0582,582,20,main_etch,762.0417,9.8582,119.7678,1.0574,64.2212
W0582,582,21,main_etch,757.7920,9.8562,119.5162,1.0472,64.1960
W0582,582,22,main_etch,759.6111,9.8181,118.5519,1.0384,63.8657
W0582,582,23,main_etch,761.2036,9.7813,120.7783,1.0530,64.0374
W0582,582,24,main_etch,763.2754,9.8222,122.3159,1.0613,64.1237
W0582,582,25,main_etch,764.4146,9.9021,121.1435,1.0356,64.0453
W0582,582,26,main_etch,758.5847,9.9105,121.8305,1.0856,63.9316
W0582,582,27,main_etch,760.8330,9.8121,120.3779,1.0617,64.3174
W0582,582,28,main_etch,762.6385,9.7724,120.4169,1.0728,64.2756
W0582,582,29,main_etch,763.5016,9.9215,121.6297,1.0714,64.0622
W0582,582,30,main_etch,756.6956,9.8234,121.2204,1.0921,64.0152
W0582,582,31,main_etch,754.7189,9.8142,120.1007,1.0512,64.2344
W0582,582,32,main_etch,763.6091,9.8382,120.8246,1.0634,64.1915
W0582,582,33,main_etch,759.2792,9.7239,121.4006,1.0742,64.4212
W0582,582,34,main_etch,761.5755,9.8564,121.2479,1.0846,63.9953
W0582,582,35,main_etch,761.0530,9.8590,120.9268,1.0984,64.3075
W0582,582,36,main_etch,760.6121,9.8045,121.0310,1.0732,64.4641
W0582,582,37,main_etch,761.9153,9.8092,120.2350,1.0829,64.3784
W0582,582,38,main_etch,759.9988,9.9061,120.2154,1.0879,64.2334
W0582,582,39,main_etch,760.3322,9.8146,120.3937,1.0868,64.2558
W0582,582,40,main_etch,762.8909,9.8580,120.4846,1.0973,64.1110
W0582,582,41,main_etch,763.5080,9.7685,121.0794,1.1026,64.2506
W0582,582,42,main_etch,762.9318,9.8289,121.6033,1.0858,64.2488
W0582,582,43,main_etch,760.9012,9.7469,121.1748,1.1028,64.0820
W0582,582,44,main_etch,761.9510,9.8296,120.8816,1.0986,64.3569
W0582,582,45,main_etch,761.7870,9.7820,121.0741,1.1077,64.2696
W0582,582,46,main_etch,763.1669,9.8392,121.2430,1.1067,64.1890
W0582,582,47,main_etch,755.9597,9.8194,120.0775,1.1045,64.4946
W0582,582,48,main_etch,761.9381,9.8673,119.1520,1.1090,64.5638
W0582,582,49,main_etch,759.7283,9.8324,120.8425,1.1151,64.1540
W0582,582,50,main_etch,763.1183,9.7977,122.3131,1.1125,64.3974
W0582,582,51,main_etch,756.3411,9.8961,120.6903,1.1302,64.3922
W0582,582,52,main_etch,761.1122,9.8525,121.3056,1.1371,64.2530
W0582,582,53,main_etch,763.6469,9.8520,121.2796,1.1357,64.5345
W0582,582,54,main_etch,764.4275,9.9191,121.7257,1.1316,64.6094
W0582,582,55,main_etch,763.8959,9.8409,121.2073,1.1275,64.5044
W0582,582,56,main_etch,765.6061,9.8010,119.8887,1.1439,64.6053
W0582,582,57,main_etch,762.2700,9.8635,119.4173,1.1355,64.7334
W0582,582,58,main_etch,761.1787,9.8734,120.2091,1.1377,64.1381
W0582,582,59,main_etch,761.8097,9.8128,120.8258,1.1472,64.5490
W0582,582,60,main_etch,760.6968,9.8310,119.8660,1.1433,64.4878
W0582,582,61,main_etch,761.1248,9.7751,121.6365,1.1395,64.3857
W0582,582,62,main_etch,760.3941,9.8185,122.1937,1.1500,64.2321
W0582,582,63,main_etch,759.4469,9.7616,120.4653,1.1505,64.5132
W0582,582,64,main_etch,764.8164,9.8070,120.1588,1.1331,64.5930
W0582,582,65,main_etch,761.3346,9.8430,119.8072,1.1578,64.5626
W0582,582,66,main_etch,762.3746,9.9147,121.1227,1.1454,64.5678
W0582,582,67,main_etch,760.8243,9.7716,122.1284,1.1436,64.6537
W0582,582,68,main_etch,762.3939,9.8339,121.1167,1.1701,64.3754
W0582,582,69,main_etch,760.7665,9.8639,119.0898,1.1699,64.5355
W0582,582,70,main_etch,760.6729,9.8323,121.2039,1.1670,64.5316
W0582,582,71,main_etch,763.8080,9.8485,118.8390,1.1679,64.3791
W0582,582,72,main_etch,765.9517,9.8365,120.8351,1.1627,64.4920
W0582,582,73,main_etch,765.0880,9.7695,119.7035,1.1656,64.5291
W0582,582,74,main_etch,759.2195,9.7704,120.9691,1.1666,64.4441
W0582,582,75,overetch,733.7913,9.6863,122.3204,0.7960,65.0062
W0582,582,76,overetch,728.6432,9.5762,123.2850,0.7761,65.0399
W0582,582,77,overetch,731.2945,9.6241,122.8827,0.7817,65.0571
W0582,582,78,overetch,730.0793,9.6081,122.5422,0.7944,64.8178
W0582,582,79,overetch,730.3372,9.6829,123.1165,0.7889,64.9520
W0582,582,80,overetch,733.6248,9.6005,124.6227,0.7658,65.1260
W0582,582,81,overetch,734.5239,9.6044,123.4836,0.7885,65.1469
W0582,582,82,overetch,729.3523,9.6787,121.5461,0.8060,64.8280
W0582,582,83,overetch,726.1170,9.6939,124.0628,0.7983,64.8454
W0582,582,84,overetch,728.6468,9.6451,123.2701,0.7957,64.7861
W0582,582,85,overetch,735.3218,9.6484,124.1064,0.8049,65.0288
W0582,582,86,overetch,731.3962,9.6291,122.4197,0.7980,64.6736
W0582,582,87,overetch,730.6272,9.5688,122.2150,0.8017,64.9814
W0582,582,88,overetch,735.3601,9.5881,122.7576,0.8197,64.9745
W0582,582,89,overetch,734.9962,9.7126,122.8576,0.7807,65.1410
W0582,582,90,overetch,727.3979,9.6050,122.8845,0.8156,64.9745
W0582,582,91,overetch,729.3372,9.6905,124.1910,0.8112,64.8225
W0582,582,92,overetch,728.3328,9.6474,123.8952,0.7872,64.9061
W0582,582,93,overetch,729.2464,9.7256,122.9539,0.8305,65.2986
W0582,582,94,overetch,732.6178,9.6171,123.3133,0.8107,65.0000
W0582,582,95,overetch,734.1355,9.6295,121.2196,0.8210,65.1138
W0582,582,96,overetch,730.0404,9.5683,124.0418,0.8127,64.7043
W0582,582,97,overetch,729.0901,9.5993,122.4330,0.8064,64.9585
W0582,582,98,overetch,732.3072,9.5034,123.1867,0.8027,65.1220
W0582,582,99,overetch,731.5991,9.5862,124.4495,0.8102,64.5984
W0600,600,0,stabilize,671.6204,10.8161,119.7695,0.5449,63.4690
W0600,600,1,stabilize,669.5203,10.7721,119.8338,0.5604,63.4279
W0600,600,2,stabilize,673.2552,10.7880,120.1052,0.5753,63.0708
W0600,600,3,stabilize,670.1596,10.8686,119.5366,0.5663,63.0862
W0600,600,4,stabilize,669.5424,10.8091,119.0455,0.5452,63.3021
W0600,600,5,stabilize,676.9399,10.8099,119.4717,0.5651,63.1429
W0600,600,6,stabilize,670.0182,10.8369,120.2169,0.5629,63.2985
W0600,600,7,stabilize,667.1742,10.8172,120.7966,0.5580,63.2673
W0600,600,8,stabilize,670.1923,10.8054,119.5773,0.5703,63.4044
W0600,600,9,stabilize,674.6721,10.8147,119.9810,0.5566,63.4624
W0600,600,10,stabilize,677.5959,10.7074,119.5849,0.5588,63.3532
W0600,600,11,stabilize,668.6045,10.7862,119.3986,0.5428,63.2217
W0600,600,12,stabilize,671.5066,10.8149,118.7126,0.5475,63.5208
W0600,600,13,stabilize,674.7028,10.8343,121.5727,0.5399,63.7473
W0600,600,14,stabilize,669.1426,10.7220,118.1419,0.5400,63.3470
W0600,600,15,stabilize,674.9356,10.8660,120.3141,0.5381,63.2922
W0600,600,16,stabilize,671.3240,10.7509,119.2221,0.5580,63.4600
W0600,600,17,stabilize,675.8887,10.7605,119.4822,0.5557,63.3805
W0600,600,18,stabilize,670.2265,10.8226,119.2558,0.5324,63.5300
W0600,600,19,stabilize,671.5206,10.8236,119.3015,0.5262,63.3533
W0600,600,20,main_etch,751.2336,10.2852,118.2536,1.0393,63.9417
W0600,600,21,main_etch,747.2227,10.2786,118.7138,1.0445,63.9731
W0600,600,22,main_etch,748.5379,10.3014,119.0509,1.0474,63.8879
W0600,600,23,main_etch,744.3764,10.2511,119.6461,1.0285,64.1623
W0600,600,24,main_etch,744.7779,10.2065,119.8705,1.0350,64.0111
W0600,600,25,main_etch,746.1115,10.3107,118.3191,1.0628,64.1268
W0600,600,26,main_etch,745.4657,10.2557,119.8248,1.0353,64.0804
W0600,600,27,main_etch,747.2421,10.2027,121.0307,1.0371,63.9791
W0600,600,28,main_etch,748.2745,10.2615,120.5563,1.0257,63.5974
W0600,600,29,main_etch,750.6884,10.2442,120.2922,1.0305,64.0403
W0600,600,30,main_etch,748.2845,10.3334,118.1864,1.0108,64.0622
W0600,600,31,main_etch,746.5441,10.3926,119.6780,1.0404,64.0294
W0600,600,32,main_etch,746.1886,10.2737,119.3956,1.0151,64.1831
W0600,600,33,main_etch,745.6129,10.2789,121.6365,1.0155,64.2057
W0600,600,34,main_etch,745.0371,10.2637,120.1090,1.0251,63.8599
W0600,600,35,main_etch,745.1422,10.1906,119.0024,1.0240,63.9311
W0600,600,36,main_etch,746.0891,10.2572,119.3966,0.9955,63.8349
W0600,600,37,main_etch,744.3651,10.2799,118.8163,1.0269,64.0230
W0600,600,38,main_etch,744.1333,10.3479,119.1094,1.0192,63.8254
W0600,600,39,main_etch,746.0588,10.2182,121.0935,0.9992,63.8796
W0600,600,40,main_etch,746.5863,10.2008,120.7062,1.0100,63.7540
W0600,600,41,main_etch,747.1441,10.3166,119.7357,1.0200,63.9283
W0600,600,42,main_etch,747.5951,10.2824,119.6241,1.0174,64.1051
W0600,600,43,main_etch,743.0430,10.3365,117.6832,0.9830,63.8096
W0600,600,44,main_etch,747.2328,10.2628,121.1294,0.9942,63.8529
W0600,600,45,main_etch,748.3451,10.3048,118.6053,0.9999,64.0220
W0600,600,46,main_etch,745.8509,10.2826,119.8243,1.0000,64.1022
W0600,600,47,main_etch,740.4917,10.2728,120.2052,1.0043,64.0051
W0600,600,48,main_etch,749.4237,10.2428,119.9279,1.0013,63.8047
W0600,600,49,main_etch,748.4574,10.3030,120.5022,1.0053,63.9976
W0600,600,50,main_etch,743.0225,10.2113,118.9621,0.9987,63.8702
W0600,600,51,main_etch,746.6098,10.2271,119.1673,0.9914,63.7512
W0600,600,52,main_etch,742.6786,10.3192,119.1717,0.9821,63.9393
W0600,600,53,main_etch,744.1800,10.3204,119.9064,1.0013,63.8610
W0600,600,54,main_etch,749.2491,10.3229,119.7101,0.9794,63.7711
W0600,600,55,main_etch,749.3462,10.2780,119.0470,0.9803,64.0468
W0600,600,56,main_etch,750.6139,10.3092,118.1796,0.9892,63.8323
W0600,600,57,main_etch,745.5641,10.3115,121.4096,0.9940,63.9856
W0600,600,58,main_etch,748.5178,10.3030,121.2745,0.9900,64.3177
W0600,600,59,main_etch,745.6636,10.2651,120.0510,0.9878,64.1060
W0600,600,60,main_etch,748.3030,10.3277,119.4362,0.9786,63.9533
W0600,600,61,main_etch,745.9359,10.3079,119.6548,0.9689,63.7535
W0600,600,62,main_etch,749.2046,10.2739,119.3025,0.9773,64.1246
W0600,600,63,main_etch,745.8110,10.1788,120.0818,0.9623,64.1265
W0600,600,64,main_etch,748.0748,10.2315,120.4325,0.9722,63.9600
W0600,600,65,main_etch,735.5377,10.3003,117.4675,0.9842,64.0401
W0600,600,66,main_etch,747.0031,10.2897,118.4605,0.9504,63.9476
W0600,600,67,main_etch,743.6200,10.2757,119.8569,0.9771,63.9623
W0600,600,68,main_etch,748.4600,10.2940,119.1015,0.9737,63.9761
W0600,600,69,main_etch,748.4652,10.2937,120.9401,0.9706,63.8596
W0600,600,70,main_etch,747.5964,10.2864,120.0203,0.9555,64.1726
W0600,600,71,main_etch,743.0891,10.3136,119.5923,0.9747,63.7646
W0600,600,72,main_etch,746.5265,10.3329,119.8285,0.9705,63.7563
W0600,600,73,main_etch,749.0639,10.2245,119.3576,0.9686,64.2351
W0600,600,74,main_etch,744.5756,10.3366,118.9509,0.9705,63.7772
W0600,600,75,overetch,718.5083,10.0255,121.1071,0.7116,64.4131
W0600,600,76,overetch,717.9683,10.0760,120.1547,0.7328,64.6129
W0600,600,77,overetch,716.0726,10.0440,121.9210,0.7147,64.4052
W0600,600,78,overetch,717.1996,10.0432,121.2203,0.7599,64.7133
W0600,600,79,overetch,714.5173,10.0496,122.4769,0.7352,64.3193
W0600,600,80,overetch,713.5181,10.1042,121.8774,0.7318,64.6118
W0600,600,81,overetch,718.2949,10.0595,121.1323,0.7289,64.6470
W0600,600,82,overetch,720.1281,10.1453,123.1747,0.7399,64.5687
W0600,600,83,overetch,712.6283,10.1430,120.6561,0.7191,64.2668
W0600,600,84,overetch,711.5468,10.0483,121.0673,0.7495,64.7470
W0600,600,85,overetch,720.3402,10.0507,123.3965,0.7148,64.5131
W0600,600,86,overetch,715.7135,10.0930,122.1409,0.7346,64.7516
W0600,600,87,overetch,713.1272,10.1010,121.8721,0.7225,64.8120
W0600,600,88,overetch,716.7691,10.0834,121.9315,0.7133,64.5645
W0600,600,89,overetch,713.5743,10.0691,122.3834,0.7279,64.5314
W0600,600,90,overetch,718.3307,10.0837,122.6526,0.7190,64.8918
W0600,600,91,overetch,717.7509,10.0136,122.1092,0.7152,64.9152
W0600,600,92,overetch,715.3903,10.0836,121.9560,0.7184,64.3451
W0600,600,93,overetch,717.2304,10.0072,122.8078,0.7184,64.5070
W0600,600,94,overetch,716.5758,10.0427,122.3902,0.7328,64.7952
W0600,600,95,overetch,721.7908,10.0959,121.8956,0.7038,64.8177
W0600,600,96,overetch,716.1588,10.0246,122.8570,0.7282,64.6335
W0600,600,97,overetch,717.7391,10.0722,123.0047,0.7155,64.6621
W0600,600,98,overetch,710.3957,10.0844,121.3963,0.7270,64.6966
W0600,600,99,overetch,715.2452,10.1255,121.2233,0.7152,64.7823
W0604,604,0,stabilize,669.7515,10.1694,123.5432,0.5458,64.2663
W0604,604,1,stabilize,674.9158,10.0597,120.2686,0.5414,64.3500
W0604,604,2,stabilize,671.7823,10.1049,122.0665,0.5364,64.5093
W0604,604,3,stabilize,673.4718,10.1196,122.5815,0.5119,64.5389
W0604,604,4,stabilize,672.2882,10.0594,122.1024,0.5110,64.2053
W0604,604,5,stabilize,677.1592,10.1205,122.2117,0.5223,64.1748
W0604,604,6,stabilize,675.6262,10.1151,120.9582,0.5419,64.4706
W0604,604,7,stabilize,666.7807,10.0933,121.5841,0.5220,64.5302
W0604,604,8,stabilize,677.9535,10.1572,122.7111,0.5402,64.0849
W0604,604,9,stabilize,675.8435,10.1062,120.8287,0.5345,64.3229
W0604,604,10,stabilize,671.2419,10.1489,121.9039,0.5347,64.1526
W0604,604,11,stabilize,669.6181,10.1175,121.5158,0.5443,64.6795
W0604,604,12,stabilize,675.3012,10.1391,122.4065,0.5149,64.3626
W0604,604,13,stabilize,676.9800,9.9856,122.9097,0.5491,64.2809
W0604,604,14,stabilize,670.0909,10.1079,122.7914,0.5256,64.5631
W0604,604,15,stabilize,672.7433,10.0078,120.9380,0.5305,64.5267
W0604,604,16,stabilize,672.1338,10.0716,123.1391,0.5288,64.3934
W0604,604,17,stabilize,675.7304,10.0565,121.4679,0.5449,64.3820
W0604,604,18,stabilize,676.3234,10.0776,123.2490,0.5258,64.6943
W0604,604,19,stabilize,671.8711,10.0718,121.0508,0.5328,64.2543
W0604,604,20,main_etch,749.5575,9.5605,122.5428,0.9611,65.2614
W0604,604,21,main_etch,750.8144,9.6370,121.5130,0.9805,65.2829
W0604,604,22,main_etch,748.8360,9.5724,120.6444,0.9673,65.3040
W0604,604,23,main_etch,744.8841,9.5839,122.5050,0.9804,65.2754
W0604,604,24,main_etch,741.4145,9.6468,120.8522,0.9840,64.7570
W0604,604,25,main_etch,748.7661,9.7048,123.2386,0.9587,65.0613
W0604,604,26,main_etch,742.6003,9.6606,122.0598,0.9510,65.3892
W0604,604,27,main_etch,744.6430,9.6371,122.1459,0.9791,65.1136
W0604,604,28,main_etch,745.3611,9.6084,121.1950,0.9694,65.0734
W0604,604,29,main_etch,748.0677,9.6579,122.3006,0.9813,65.0341
W0604,604,30,main_etch,746.5208,9.6685,121.6212,0.9670,65.3162
W0604,604,31,main_etch,749.6351,9.6418,121.3960,0.9760,65.2019
W0604,604,32,main_etch,750.4435,9.7083,123.5180,0.9494,65.2032
W0604,604,33,main_etch,750.8599,9.6751,121.7904,0.9753,65.2237
W0604,604,34,main_etch,745.8029,9.5951,121.3355,0.9876,65.1316
W0604,604,35,main_etch,746.2645,9.6089,121.6368,0.9631,65.2037
W0604,604,36,main_etch,745.1079,9.6661,123.2315,0.9582,65.4936
W0604,604,37,main_etch,741.6467,9.5695,123.1482,0.9687,65.3892
W0604,604,38,main_etch,750.8600,9.6476,120.7939,0.9742,65.2722
W0604,604,39,main_etch,751.8875,9.5987,123.0247,0.9655,64.8577
W0604,604,40,main_etch,741.3144,9.5875,120.6338,0.9725,65.0742
W0604,604,41,main_etch,747.8046,9.6003,121.1972,0.9680,64.9279
W0604,604,42,main_etch,753.4223,9.6259,121.8958,0.9718,65.3269
W0604,604,43,main_etch,749.4674,9.7148,122.3613,0.9795,65.1304
W0604,604,44,main_etch,743.0625,9.6296,123.9771,0.9731,65.0851
W0604,604,45,main_etch,745.4407,9.6549,121.1283,0.9875,65.0562
W0604,604,46,main_etch,745.9053,9.6456,120.4112,0.9816,65.3021
W0604,604,47,main_etch,745.8395,9.6198,120.6936,0.9712,65.2281
W0604,604,48,main_etch,746.0107,9.7040,120.9290,0.9729,65.0774
W0604,604,49,main_etch,742.9290,9.6691,121.3432,0.9783,64.9826
W0604,604,50,main_etch,749.3598,9.6887,121.7376,0.9683,65.3043
W0604,604,51,main_etch,749.1434,9.6360,121.1034,0.9629,64.9503
W0604,604,52,main_etch,743.5832,9.6358,120.4158,0.9834,64.8798
W0604,604,53,main_etch,746.0283,9.5865,121.4968,0.9749,65.0810
W0604,604,54,main_etch,748.8619,9.5790,120.8971,0.9826,65.0101
W0604,604,55,main_etch,745.1371,9.6006,122.5978,0.9599,64.9295
W0604,604,56,main_etch,747.6881,9.6753,121.1350,0.9762,64.9744
W0604,604,57,main_etch,750.1378,9.6312,122.6578,0.9698,65.0018
W0604,604,58,main_etch,744.5443,9.5788,122.3132,0.9594,65.0710
W0604,604,59,main_etch,748.3855,9.6621,122.0469,0.9731,65.1407
W0604,604,60,main_etch,747.8691,9.6255,122.1321,0.9686,65.1436
W0604,604,61,main_etch,744.8479,9.6743,121.0351,0.9870,64.7741
W0604,604,62,main_etch,750.0639,9.5504,122.6232,0.9719,64.9072
W0604,604,63,main_etch,745.2449,9.6031,123.3820,0.9784,65.3634
W0604,604,64,main_etch,750.0632,9.7294,122.8579,0.9843,65.0698
W0604,604,65,main_etch,745.6337,9.6134,120.9593,0.9846,65.3111
W0604,604,66,main_etch,745.4626,9.6409,121.1163,0.9792,65.1402
W0604,604,67,main_etch,747.9675,9.5176,122.3825,0.9808,65.0911
W0604,604,68,main_etch,747.6109,9.6707,122.3805,0.9707,65.1856
W0604,604,69,main_etch,754.1861,9.6603,122.2992,0.9638,65.0591
W0604,604,70,main_etch,748.3148,9.6473,122.5525,0.9579,65.0913
W0604,604,71,main_etch,747.0973,9.6326,122.6974,0.9748,65.4139
W0604,604,72,main_etch,748.1184,9.5918,121.3886,0.9754,64.9574
W0604,604,73,main_etch,750.4487,9.6368,119.8666,0.9812,65.0426
W0604,604,74,main_etch,748.5980,9.5659,121.8221,0.9670,65.1564
W0604,604,75,overetch,721.3685,9.5019,124.7413,0.7037,65.5691
W0604,604,76,overetch,714.6375,9.3722,123.2033,0.7116,65.8558
W0604,604,77,overetch,715.4046,9.5387,122.4970,0.6993,65.6100
W0604,604,78,overetch,714.1426,9.3602,124.1850,0.6955,65.6304
W0604,604,79,overetch,719.6645,9.4593,125.4733,0.7006,65.5645
W0604,604,80,overetch,718.9813,9.4759,125.2484,0.6977,65.7254
W0604,604,81,overetch,714.5118,9.4457,122.4066,0.6964,65.8069
W0604,604,82,overetch,717.8693,9.4268,124.4897,0.6967,65.4683
W0604,604,83,overetch,721.6427,9.3870,123.8934,0.6971,65.4463
W0604,604,84,overetch,714.4508,9.3647,124.2258,0.7098,65.7804
W0604,604,85,overetch,712.5228,9.4132,123.8502,0.7024,65.6527
W0604,604,86,overetch,715.3925,9.4135,123.4661,0.7010,65.7109
W0604,604,87,overetch,714.5372,9.5496,123.8636,0.7076,65.9328
W0604,604,88,overetch,717.1867,9.3943,123.5962,0.7079,65.6814
W0604,604,89,overetch,713.8777,9.4134,125.0723,0.6908,66.0151
W0604,604,90,overetch,723.4305,9.4498,124.4877,0.7122,65.6723
W0604,604,91,overetch,719.0090,9.4219,123.0448,0.7004,66.0358
W0604,604,92,overetch,719.8372,9.4372,123.4562,0.7172,65.8507
W0604,604,93,overetch,717.5837,9.3682,124.8685,0.6863,65.8016
W0604,604,94,overetch,717.2396,9.4749,123.4103,0.7028,65.6499
W0604,604,95,overetch,720.8292,9.4447,124.2919,0.7058,65.6045
W0604,604,96,overetch,713.5291,9.3633,124.8490,0.7011,65.6077
W0604,604,97,overetch,719.2293,9.4489,123.7137,0.7023,65.9115
W0604,604,98,overetch,719.0786,9.5123,125.1337,0.7059,65.9103
W0604,604,99,overetch,717.9351,9.4627,123.9567,0.6995,65.8816
W0621,621,0,stabilize,668.6275,10.3143,122.7666,0.5411,65.9923
W0621,621,1,stabilize,668.0622,10.3302,122.0493,0.5257,65.5120
W0621,621,2,stabilize,664.8349,10.3219,124.3483,0.5326,65.6533
W0621,621,3,stabilize,661.8412,10.4535,123.0678,0.5376,65.8992
W0621,621,4,stabilize,662.9629,10.3885,121.5887,0.5317,65.6623
W0621,621,5,stabilize,663.6714,10.3544,123.7087,0.5432,65.4358
W0621,621,6,stabilize,661.7275,10.3867,122.1320,0.5507,65.3588
W0621,621,7,stabilize,661.6754,10.3183,121.6140,0.5504,65.6582
W0621,621,8,stabilize,662.0192,10.3059,121.9670,0.5314,65.8104
W0621,621,9,stabilize,665.6463,10.4216,121.7215,0.5536,65.4984
W0621,621,10,stabilize,662.6925,10.3076,122.8572,0.5320,65.5773
W0621,621,11,stabilize,661.5368,10.3004,122.1417,0.5196,65.6270
W0621,621,12,stabilize,662.8911,10.1739,121.6164,0.5283,65.5325
W0621,621,13,stabilize,670.1642,10.2729,122.2071,0.5356,65.4732
W0621,621,14,stabilize,665.4111,10.2001,123.3215,0.5438,65.4721
W0621,621,15,stabilize,661.3785,10.3150,122.8082,0.5454,65.5810
W0621,621,16,stabilize,663.0125,10.3463,121.0662,0.5382,65.6228
W0621,621,17,stabilize,663.6433,10.2962,123.2525,0.5366,65.6910
W0621,621,18,stabilize,665.4118,10.2837,122.6831,0.5414,65.7699
W0621,621,19,stabilize,663.0142,10.2977,121.4456,0.5481,65.6228
W0621,621,20,main_etch,736.2078,9.8572,122.8126,0.9558,66.1721
W0621,621,21,main_etch,738.7781,9.8147,122.4427,0.9685,66.2173
W0621,621,22,main_etch,735.1561,9.7799,121.8401,0.9702,66.3303
W0621,621,23,main_etch,737.4765,9.8124,122.5237,0.9625,66.0742
W0621,621,24,main_etch,737.7525,9.8155,121.2992,0.9586,65.9762
W0621,621,25,main_etch,739.2547,9.7804,121.5852,0.9574,66.2902
W0621,621,26,main_etch,742.1209,9.7607,122.4902,0.9691,66.1269
W0621,621,27,main_etch,740.1159,9.8281,121.7430,0.9736,66.3266
W0621,621,28,main_etch,741.3227,9.7914,123.2241,0.9748,66.2451
W0621,621,29,main_etch,737.9109,9.7662,121.9720,0.9762,66.2912
W0621,621,30,main_etch,734.9421,9.8574,123.4930,0.9794,66.2523
W0621,621,31,main_etch,736.6950,9.8982,121.8222,0.9766,66.3652
W0621,621,32,main_etch,740.4874,9.8958,123.7258,0.9729,66.0607
W0621,621,33,main_etch,736.8493,9.8240,122.3311,0.9544,66.2961
W0621,621,34,main_etch,736.5513,9.7580,122.3692,0.9784,66.2359
W0621,621,35,main_etch,739.2916,9.8409,124.6501,0.9678,66.1090
W0621,621,36,main_etch,738.7820,9.8122,122.0291,0.9726,66.3617
W0621,621,37,main_etch,739.9792,9.7615,122.7627,0.9779,66.0247
W0621,621,38,main_etch,736.1128,9.8464,121.9899,0.9800,66.4526
W0621,621,39,main_etch,742.1401,9.8454,121.8895,0.9716,66.5421
W0621,621,40,main_etch,735.8707,9.9397,123.4954,0.9869,66.1821
W0621,621,41,main_etch,733.1278,9.8434,123.0586,0.9912,66.1792
W0621,621,42,main_etch,734.2097,9.8358,123.8066,0.9821,66.2414
W0621,621,43,main_etch,737.4569,9.9003,122.8953,0.9972,66.6709
W0621,621,44,main_etch,738.8534,9.8151,121.9481,0.9805,66.0407
W0621,621,45,main_etch,741.3075,9.8537,122.1632,0.9794,66.5586
W0621,621,46,main_etch,739.2095,9.8325,121.3114,0.9734,66.3402
W0621,621,47,main_etch,733.6881,9.7722,123.5584,0.9795,66.2607
W0621,621,48,main_etch,743.1678,9.8877,122.8321,0.9777,66.3818
W0621,621,49,main_etch,744.6190,9.8618,121.1703,0.9726,66.4769
W0621,621,50,main_etch,740.4779,9.8318,122.3360,0.9657,66.7033
W0621,621,51,main_etch,743.5443,9.8411,121.9893,0.9750,66.3842
W0621,621,52,main_etch,736.7750,9.8751,122.7391,1.0015,66.5762
W0621,621,53,main_etch,735.6902,9.8880,122.8985,0.9611,66.0759
W0621,621,54,main_etch,734.7169,9.8809,121.6368,0.9889,66.2044
W0621,621,55,main_etch,737.5161,9.8441,121.9980,0.9957,66.2212
W0621,621,56,main_etch,735.3236,9.8610,123.1286,0.9813,66.2201
W0621,621,57,main_etch,733.9021,9.7971,123.5702,0.9912,66.4184
W0621,621,58,main_etch,739.8115,9.8329,123.1035,0.9899,66.0741
W0621,621,59,main_etch,739.6277,9.8176,122.7753,0.9867,66.4394
W0621,621,60,main_etch,737.7456,9.8319,124.1389,0.9901,66.2278
W0621,621,61,main_etch,733.6886,9.8094,122.9005,0.9846,66.4242
W0621,621,62,main_etch,737.3748,9.8386,121.7566,0.9880,66.3801
W0621,621,63,main_etch,735.7303,9.7544,121.5596,0.9882,66.4253
W0621,621,64,main_etch,741.1744,9.8653,122.3959,0.9755,66.2436
W0621,621,65,main_etch,739.1670,9.8371,122.8597,0.9990,66.4882
W0621,621,66,main_etch,740.0641,9.8531,121.8594,0.9977,66.0800
W0621,621,67,main_etch,742.2781,9.7872,121.4461,0.9901,66.3042
W0621,621,68,main_etch,740.4772,9.7907,121.9459,1.0104,66.3900
W0621,621,69,main_etch,736.9254,9.8409,120.4521,0.9805,66.2912
W0621,621,70,main_etch,740.3356,9.9477,122.7655,0.9854,66.2582
W0621,621,71,main_etch,738.1016,9.8415,123.1206,1.0002,66.3436
W0621,621,72,main_etch,738.9508,9.7759,122.9373,1.0098,66.3626
W0621,621,73,main_etch,739.9123,9.8978,122.1356,0.9783,66.3582
W0621,621,74,main_etch,738.1407,9.8815,120.9557,0.9977,66.1237
W0621,621,75,overetch,707.9250,9.6013,126.9225,0.7028,66.9816
W0621,621,76,overetch,711.3822,9.6457,126.3912,0.7144,67.1739
W0621,621,77,overetch,707.9037,9.6982,124.7142,0.7022,66.8784
W0621,621,78,overetch,705.7574,9.6218,124.6397,0.7041,67.0719
W0621,621,79,overetch,708.0063,9.6328,123.9754,0.7011,67.1546
W0621,621,80,overetch,708.0269,9.5299,124.8703,0.6836,66.8981
W0621,621,81,overetch,709.2466,9.6565,124.0969,0.7118,67.0323
W0621,621,82,overetch,706.7745,9.6212,124.7646,0.7051,67.1756
W0621,621,83,overetch,706.0647,9.6289,124.9266,0.7209,67.2009
W0621,621,84,overetch,708.1417,9.5883,123.4033,0.7059,66.9533
W0621,621,85,overetch,706.1580,9.5970,124.7309,0.7089,67.1286
W0621,621,86,overetch,707.4415,9.5367,123.9322,0.7001,66.8720
W0621,621,87,overetch,706.6837,9.6413,123.1092,0.7161,66.9535
W0621,621,88,overetch,711.4104,9.6497,125.1462,0.7114,67.0100
W0621,621,89,overetch,710.8775,9.6801,125.2162,0.7125,67.0442
W0621,621,90,overetch,706.4263,9.5597,124.3684,0.7105,67.1982
W0621,621,91,overetch,709.6707,9.6396,123.7325,0.7321,67.1756
W0621,621,92,overetch,709.0564,9.6525,124.5150,0.7135,66.9806
W0621,621,93,overetch,710.9217,9.5511,124.2365,0.6980,66.9898
W0621,621,94,overetch,704.0348,9.5935,124.8980,0.7062,67.2226
W0621,621,95,overetch,708.4718,9.5938,125.0786,0.7096,67.0063
W0621,621,96,overetch,710.7692,9.5793,124.7154,0.7141,67.0605
W0621,621,97,overetch,711.2548,9.6415,124.3694,0.7363,67.1205
W0621,621,98,overetch,712.0632,9.6816,125.1117,0.7213,66.9742
W0621,621,99,overetch,707.0181,9.5858,124.7442,0.6985,67.1803
W0633,633,0,stabilize,678.1149,10.5769,121.3567,0.5453,62.6081
W0633,633,1,stabilize,675.8107,10.6448,120.0235,0.5497,62.7176
W0633,633,2,stabilize,682.2871,10.6160,119.6521,0.5457,62.7674
W0633,633,3,stabilize,675.8087,10.6389,121.8123,0.5492,62.4369
W0633,633,4,stabilize,678.4972,10.7087,119.7509,0.5437,62.6360
W0633,633,5,stabilize,677.1416,10.6226,120.1906,0.5470,62.5311
W0633,633,6,stabilize,682.3802,10.6990,119.2735,0.5608,62.4447
W0633,633,7,stabilize,681.3968,10.6646,119.7540,0.5601,62.6260
W0633,633,8,stabilize,677.5415,10.7015,122.2826,0.5490,62.4846
W0633,633,9,stabilize,679.4694,10.5887,119.1382,0.5415,62.6084
W0633,633,10,stabilize,678.5343,10.6212,120.3348,0.5432,62.3219
W0633,633,11,stabilize,677.2245,10.6421,120.1334,0.5577,62.5053
W0633,633,12,stabilize,680.6679,10.7207,119.5347,0.5468,62.6282
W0633,633,13,stabilize,679.2771,10.7288,120.4310,0.5553,62.5639
W0633,633,14,stabilize,676.6948,10.6074,120.3827,0.5244,62.8992
W0633,633,15,stabilize,682.2906,10.5845,118.6367,0.5309,62.6502
W0633,633,16,stabilize,681.2308,10.6683,120.5554,0.5394,62.5791
W0633,633,17,stabilize,679.1603,10.7230,120.0128,0.5435,62.6974
W0633,633,18,stabilize,677.6837,10.6491,121.8956,0.5434,62.5750
W0633,633,19,stabilize,681.3021,10.6530,119.6902,0.5438,62.6493
W0633,633,20,main_etch,752.1022,10.1256,120.7247,0.9876,63.1819
W0633,633,21,main_etch,755.0562,10.2953,118.8328,1.0021,63.0920
W0633,633,22,main_etch,751.2916,10.1909,120.8027,0.9991,62.9775
W0633,633,23,main_etch,749.9958,10.1441,119.9988,1.0000,63.0867
W0633,633,24,main_etch,752.9048,10.1049,121.4003,1.0003,62.9543
W0633,633,25,main_etch,753.4326,10.1421,119.0868,1.0052,63.2678
W0633,633,26,main_etch,750.5616,10.2455,119.3912,0.9862,63.0970
W0633,633,27,main_etch,749.2871,10.1563,119.8719,1.0155,63.1472
W0633,633,28,main_etch,753.8773,10.1586,119.3207,1.0100,63.0992
W0633,633,29,main_etch,752.5745,10.1955,121.0946,0.9943,63.3131
W0633,633,30,main_etch,756.6740,10.2202,121.5938,0.9942,63.2443
W0633,633,31,main_etch,752.6214,10.0452,121.3000,0.9878,63.1054
W0633,633,32,main_etch,754.6098,10.1815,121.4345,0.9974,63.3747
W0633,633,33,main_etch,752.8790,10.2017,121.0829,0.9878,63.1417
W0633,633,34,main_etch,754.0047,10.0863,120.8251,1.0035,63.3372
W0633,633,35,main_etch,756.9311,10.1409,120.9172,0.9941,63.0870
W0633,633,36,main_etch,755.1672,10.1595,120.5544,0.9807,62.9979
W0633,633,37,main_etch,757.0799,10.1935,121.3350,0.9889,63.3880
W0633,633,38,main_etch,758.8888,10.1881,120.8405,0.9765,63.4506
W0633,633,39,main_etch,756.4373,10.1412,120.9495,0.9925,63.0524
W0633,633,40,main_etch,754.0952,10.1747,118.7896,0.9895,63.1200
W0633,633,41,main_etch,758.7342,10.2362,120.8562,0.9992,63.0219
W0633,633,42,main_etch,756.3198,10.2103,119.3507,1.0051,63.1243
W0633,633,43,main_etch,754.4165,10.1441,119.0041,0.9957,63.1890
W0633,633,44,main_etch,753.1171,10.0945,121.4797,0.9989,63.3359
W0633,633,45,main_etch,755.6387,10.1644,121.5499,0.9888,62.8482
W0633,633,46,main_etch,758.6941,10.1312,121.3544,0.9891,62.9579
W0633,633,47,main_etch,751.7614,10.1953,119.2488,0.9831,63.1866
W0633,633,48,main_etch,756.1929,10.0835,119.8751,0.9814,63.2518
W0633,633,49,main_etch,753.5186,10.1088,120.6404,1.0055,63.1608
W0633,633,50,main_etch,753.0534,10.2358,120.0002,0.9918,63.2193
W0633,633,51,main_etch,753.0343,10.1736,120.0063,0.9846,63.3548
W0633,633,52,main_etch,753.1604,10.1289,119.7442,0.9817,63.0492
W0633,633,53,main_etch,754.0901,10.1100,119.9332,0.9995,63.2599
W0633,633,54,main_etch,753.6757,10.1571,120.0913,0.9915,63.2560
W0633,633,55,main_etch,758.0585,10.1172,119.2648,1.0036,63.3735
W0633,633,56,main_etch,751.5340,10.1535,121.0458,0.9810,62.9910
W0633,633,57,main_etch,755.2436,10.1699,121.6766,0.9910,63.2106
W0633,633,58,main_etch,748.6752,10.1238,119.6386,0.9853,63.2576
W0633,633,59,main_etch,750.2558,10.1666,119.9091,0.9969,63.3065
W0633,633,60,main_etch,755.1703,10.1642,121.2985,0.9810,62.9810
W0633,633,61,main_etch,755.9712,10.1326,118.8265,0.9876,63.0628
W0633,633,62,main_etch,753.1931,10.1600,121.0187,0.9838,63.2198
W0633,633,63,main_etch,755.4401,10.2007,120.0421,0.9800,63.2876
W0633,633,64,main_etch,759.5270,10.1956,120.0136,0.9737,63.1957
W0633,633,65,main_etch,753.4073,10.1913,120.3754,0.9874,63.1044
W0633,633,66,main_etch,754.6730,10.1892,121.1345,1.0025,63.1669
W0633,633,67,main_etch,752.9425,10.2069,119.1697,0.9906,62.9959
W0633,633,68,main_etch,752.1660,10.1694,121.0032,0.9918,63.0795
W0633,633,69,main_etch,757.2253,10.1038,121.6848,0.9849,63.0931
W0633,633,70,main_etch,753.5083,10.1770,120.8111,0.9837,63.0609
W0633,633,71,main_etch,752.9526,10.1188,120.7835,0.9781,63.0671
W0633,633,72,main_etch,753.9699,10.2123,120.5673,0.9974,63.0977
W0633,633,73,main_etch,749.5534,10.2157,121.4959,0.9934,63.1362
W0633,633,74,main_etch,749.6579,10.0795,120.5041,0.9781,63.0298
W0633,633,75,overetch,726.7371,9.9267,122.3281,0.6993,63.7556
W0633,633,76,overetch,723.4310,9.9708,122.7504,0.7148,63.7674
W0633,633,77,overetch,720.6689,10.0041,124.4214,0.7362,63.6672
W0633,633,78,overetch,723.1295,9.9115,122.8398,0.7285,63.8125
W0633,633,79,overetch,724.5270,10.0328,123.7470,0.7209,63.8511
W0633,633,80,overetch,723.5120,10.0387,120.4184,0.7232,64.0323
W0633,633,81,overetch,723.9572,10.0382,123.1871,0.7075,63.6164
W0633,633,82,overetch,719.4332,9.9931,123.3390,0.7133,63.9458
W0633,633,83,overetch,724.9975,9.8958,122.5416,0.7336,64.1722
W0633,633,84,overetch,723.0900,9.8637,122.6827,0.7272,64.0989
W0633,633,85,overetch,726.3819,9.9602,122.3258,0.7166,63.7694
W0633,633,86,overetch,723.6180,9.9802,122.6684,0.7202,63.8718
W0633,633,87,overetch,725.6414,9.9759,122.5660,0.7027,63.7611
W0633,633,88,overetch,721.2471,9.9711,123.1062,0.7442,63.9026
W0633,633,89,overetch,724.7046,9.9525,122.8374,0.7207,63.7380
W0633,633,90,overetch,726.7537,9.9240,122.2261,0.7340,63.6479
W0633,633,91,overetch,724.7944,9.9168,121.8690,0.7132,63.6937
W0633,633,92,overetch,723.2085,10.1001,123.8081,0.7086,63.7680
W0633,633,93,overetch,722.1116,9.9684,123.8832,0.7101,63.8090
W0633,633,94,overetch,727.9495,10.0209,123.4285,0.7044,63.9525
W0633,633,95,overetch,724.8080,9.8785,123.2381,0.6995,63.5347
W0633,633,96,overetch,722.6478,9.9635,121.7395,0.7011,64.2002
W0633,633,97,overetch,726.7677,10.0490,121.9828,0.6972,63.8891
W0633,633,98,overetch,728.5720,9.9977,122.5927,0.7076,63.9629
W0633,633,99,overetch,723.6167,9.9888,123.5485,0.7473,63.6672
W0637,637,0,stabilize,675.0448,11.0535,120.6266,0.5474,63.2670
W0637,637,1,stabilize,680.3671,11.0899,120.2634,0.5358,63.1872
W0637,637,2,stabilize,670.7025,11.1589,119.7928,0.5283,63.2514
W0637,637,3,stabilize,677.1488,11.0161,121.3769,0.5290,63.4455
W0637,637,4,stabilize,672.1933,11.0909,120.3406,0.5263,63.1976
W0637,637,5,stabilize,677.1019,11.0993,121.4535,0.5335,63.1490
W0637,637,6,stabilize,674.5062,11.0864,119.6588,0.5250,63.3474
W0637,637,7,stabilize,676.5586,11.1294,120.6261,0.5274,63.3332
W0637,637,8,stabilize,674.4372,11.0942,120.9569,0.5259,63.1651
W0637,637,9,stabilize,675.9557,11.1163,120.7017,0.5097,63.1550
W0637,637,10,stabilize,676.5513,11.0925,119.6929,0.5175,63.1524
W0637,637,11,stabilize,677.8806,11.0851,119.4106,0.5125,63.1822
W0637,637,12,stabilize,675.1285,11.1102,118.4320,0.5094,63.1350
W0637,637,13,stabilize,675.9017,11.1000,120.3340,0.5345,63.2378
W0637,637,14,stabilize,675.5727,11.0620,120.0109,0.5124,63.2090
W0637,637,15,stabilize,673.8944,11.0237,121.6425,0.5184,63.2882
W0637,637,16,stabilize,675.2848,11.0636,121.5096,0.5020,63.2079
W0637,637,17,stabilize,668.7846,11.1833,119.7599,0.5206,63.3380
W0637,637,18,stabilize,676.1213,11.0838,119.8701,0.5162,63.2894
W0637,637,19,stabilize,672.7695,11.0747,120.6237,0.5088,63.3272
W0637,637,20,main_etch,750.0309,10.5935,120.2854,1.0017,63.6839
W0637,637,21,main_etch,751.8829,10.5638,120.3862,1.0020,63.7264
W0637,637,22,main_etch,746.9673,10.5978,120.1490,0.9906,63.7969
W0637,637,23,main_etch,748.0150,10.5460,118.9476,1.0043,63.6252
W0637,637,24,main_etch,753.2279,10.5952,121.5756,1.0072,63.9382
W0637,637,25,main_etch,751.5773,10.5499,119.8978,0.9722,64.0760
W0637,637,26,main_etch,746.8001,10.4627,122.3320,0.9998,63.6445
W0637,637,27,main_etch,746.3969,10.5116,120.5289,0.9688,63.8424
W0637,637,28,main_etch,749.6647,10.6066,120.4981,0.9958,63.8439
W0637,637,29,main_etch,749.4635,10.4291,119.3955,0.9984,63.6265
W0637,637,30,main_etch,749.2771,10.5996,120.3022,0.9698,63.9594
W0637,637,31,main_etch,751.2431,10.5470,121.1424,0.9744,63.6515
W0637,637,32,main_etch,745.2553,10.5014,119.5892,0.9820,63.8644
W0637,637,33,main_etch,749.3284,10.5022,120.4413,0.9690,63.6573
W0637,637,34,main_etch,754.1645,10.5488,119.7442,0.9758,63.8497
W0637,637,35,main_etch,750.1377,10.5846,119.4669,0.9933,63.7287
W0637,637,36,main_etch,751.6491,10.5240,119.3908,0.9749,63.6268
W0637,637,37,main_etch,754.4177,10.5654,120.6221,0.9770,63.7218
W0637,637,38,main_etch,747.6554,10.6405,120.9846,0.9630,63.8610
W0637,637,39,main_etch,751.5507,10.5494,119.8344,0.9721,64.1812
W0637,637,40,main_etch,746.9945,10.4495,120.6302,0.9667,63.6417
W0637,637,41,main_etch,747.9555,10.6415,120.3245,0.9510,63.6679
W0637,637,42,main_etch,748.4629,10.5090,120.6562,0.9625,64.0925
W0637,637,43,main_etch,750.7635,10.4795,120.9039,0.9663,63.7604
W0637,637,44,main_etch,753.2245,10.4682,120.7025,0.9513,63.9871
W0637,637,45,main_etch,747.3748,10.6363,121.4177,0.9542,63.8207
W0637,637,46,main_etch,749.5373,10.5434,120.1004,0.9433,63.9487
W0637,637,47,main_etch,746.6470,10.4852,119.6299,0.9471,63.9557
W0637,637,48,main_etch,750.0654,10.5924,119.7146,0.9468,64.0523
W0637,637,49,main_etch,747.3278,10.5345,120.6010,0.9359,63.6664
W0637,637,50,main_etch,746.9960,10.5648,119.1380,0.9230,63.8547
W0637,637,51,main_etch,745.7790,10.5671,120.7552,0.9321,63.7959
W0637,637,52,main_etch,750.2606,10.6096,119.5617,0.9327,63.7474
W0637,637,53,main_etch,752.4521,10.5890,120.7231,0.9269,63.7904
W0637,637,54,main_etch,743.9654,10.6148,120.7150,0.9242,63.9454
W0637,637,55,main_etch,749.0415,10.6533,120.3054,0.9166,63.7670
W0637,637,56,main_etch,751.0942,10.5115,121.0368,0.9118,63.5594
W0637,637,57,main_etch,748.8093,10.5929,120.9295,0.9145,63.8884
W0637,637,58,main_etch,750.2391,10.5710,120.7137,0.9166,64.0951
W0637,637,59,main_etch,749.0237,10.5492,119.1244,0.9143,63.7677
W0637,637,60,main_etch,746.4094,10.4766,119.2173,0.9245,63.8739
W0637,637,61,main_etch,748.6261,10.5094,120.6328,0.9228,63.8639
W0637,637,62,main_etch,750.1807,10.5307,119.7775,0.9178,63.7905
W0637,637,63,main_etch,749.2032,10.5627,119.5444,0.9173,63.8550
W0637,637,64,main_etch,752.0699,10.4706,120.2438,0.9045,63.8579
W0637,637,65,main_etch,752.7829,10.4743,119.6804,0.8900,63.8348
W0637,637,66,main_etch,747.5138,10.5224,120.4278,0.9009,64.0278
W0637,637,67,main_etch,752.6171,10.4917,120.5738,0.9038,63.6816
W0637,637,68,main_etch,744.1012,10.5401,120.4957,0.9002,63.8256
W0637,637,69,main_etch,748.6528,10.5988,119.9767,0.9125,63.6210
W0637,637,70,main_etch,751.6857,10.6300,121.6325,0.9027,63.6444
W0637,637,71,main_etch,747.2265,10.4712,120.0590,0.8992,63.8786
W0637,637,72,main_etch,748.3169,10.5365,119.4556,0.8764,63.8053
W0637,637,73,main_etch,751.8927,10.4824,122.1116,0.8905,63.7182
W0637,637,74,main_etch,745.7790,10.5347,120.8908,0.8909,63.6467
W0637,637,75,overetch,716.1879,10.2436,121.9356,0.6846,64.4606
W0637,637,76,overetch,718.2471,10.3260,121.6266,0.6962,64.2762
W0637,637,77,overetch,721.0701,10.2246,121.6966,0.6858,64.5041
W0637,637,78,overetch,718.2294,10.4252,122.6750,0.6955,64.5721
W0637,637,79,overetch,719.3556,10.3393,122.1021,0.6756,64.3948
W0637,637,80,overetch,720.0292,10.3352,123.4715,0.6796,64.4965
W0637,637,81,overetch,723.8707,10.3859,120.1100,0.6924,64.5463
W0637,637,82,overetch,723.2033,10.3230,122.0201,0.6776,64.4065
W0637,637,83,overetch,719.7573,10.3477,123.1269,0.6853,64.4417
W0637,637,84,overetch,722.6497,10.4448,123.2185,0.6753,64.2778
W0637,637,85,overetch,721.6242,10.2712,122.8103,0.6805,64.3752
W0637,637,86,overetch,720.4658,10.4044,123.8375,0.6792,64.2383
W0637,637,87,overetch,714.6236,10.3073,123.5476,0.6781,64.5374
W0637,637,88,overetch,719.2981,10.3601,122.3366,0.6657,64.4220
W0637,637,89,overetch,720.8035,10.3239,121.6431,0.6603,64.2940
W0637,637,90,overetch,720.1905,10.3732,121.8816,0.6706,64.6387
W0637,637,91,overetch,719.7179,10.3635,121.7895,0.6778,64.6000
W0637,637,92,overetch,719.1997,10.2290,122.3631,0.6961,64.4372
W0637,637,93,overetch,720.4106,10.3266,123.2757,0.6705,64.2946
W0637,637,94,overetch,720.5337,10.3364,122.6649,0.6864,64.6702
W0637,637,95,overetch,717.9609,10.2602,122.0536,0.6791,64.4395
W0637,637,96,overetch,715.6233,10.3871,122.3292,0.6746,64.4640
W0637,637,97,overetch,724.0988,10.3330,122.9044,0.6630,64.4592
W0637,637,98,overetch,721.6732,10.3351,122.3779,0.6687,64.3130
W0637,637,99,overetch,719.7849,10.4305,122.4844,0.6710,64.8476
W0659,659,0,stabilize,667.5898,10.7963,118.5633,0.6036,66.5269
W0659,659,1,stabilize,669.3781,10.7968,118.2182,0.5886,66.5086
W0659,659,2,stabilize,671.0615,10.8157,120.4251,0.5909,66.7106
W0659,659,3,stabilize,670.3425,10.6786,119.0057,0.5942,66.6483
W0659,659,4,stabilize,670.2910,10.7737,119.6288,0.5848,66.6417
W0659,659,5,stabilize,668.1174,10.7357,118.9081,0.5978,66.3497
W0659,659,6,stabilize,667.5948,10.7569,119.8201,0.6097,66.9675
W0659,659,7,stabilize,671.1575,10.7375,118.3395,0.5936,66.8885
W0659,659,8,stabilize,664.3013,10.7392,120.5731,0.5896,66.4937
W0659,659,9,stabilize,670.7647,10.7771,119.6778,0.6048,66.3654
W0659,659,10,stabilize,673.0002,10.8191,118.7047,0.5911,66.6883
W0659,659,11,stabilize,671.6387,10.7984,116.9784,0.5934,66.7193
W0659,659,12,stabilize,667.6966,10.7283,118.5785,0.5940,66.4631
W0659,659,13,stabilize,674.8542,10.8099,118.7988,0.5932,66.6816
W0659,659,14,stabilize,672.1983,10.7474,118.3704,0.5958,66.6004
W0659,659,15,stabilize,665.2037,10.7467,119.1415,0.5897,66.4544
W0659,659,16,stabilize,672.5042,10.8267,119.2365,0.6088,66.6975
W0659,659,17,stabilize,669.7654,10.7631,118.2084,0.6071,66.8231
W0659,659,18,stabilize,670.9073,10.7953,119.1252,0.5998,66.7345
W0659,659,19,stabilize,674.4476,10.7198,118.1537,0.5764,66.7181
W0659,659,20,main_etch,742.7263,10.1740,118.7727,1.0951,66.9918
W0659,659,21,main_etch,749.6635,10.2310,117.7376,1.1070,67.3405
W0659,659,22,main_etch,742.7936,10.2732,119.1300,1.1127,67.1385
W0659,659,23,main_etch,744.8169,10.3075,118.2621,1.0958,67.2566
W0659,659,24,main_etch,748.2465,10.2743,117.9728,1.1080,66.7800
W0659,659,25,main_etch,747.2835,10.2687,118.8506,1.0908,67.2339
W0659,659,26,main_etch,747.9270,10.2609,119.2932,1.0883,67.2649
W0659,659,27,main_etch,745.9919,10.3142,118.0848,1.1058,67.0321
W0659,659,28,main_etch,749.4159,10.3240,117.5267,1.1056,67.1345
W0659,659,29,main_etch,742.0607,10.2318,117.6696,1.0985,67.0606
W0659,659,30,main_etch,749.4046,10.2272,118.4612,1.1047,67.3278
W0659,659,31,main_etch,749.8258,10.1550,117.8446,1.0934,67.2142
W0659,659,32,main_etch,740.9404,10.3257,119.3234,1.0974,67.2380
W0659,659,33,main_etch,745.9769,10.3018,117.6783,1.1002,67.1126
W0659,659,34,main_etch,745.3240,10.1697,117.8645,1.0990,67.5672
W0659,659,35,main_etch,742.4326,10.2645,118.0705,1.0820,67.1864
W0659,659,36,main_etch,748.3606,10.2712,120.1835,1.0984,67.3748
W0659,659,37,main_etch,748.2096,10.2192,117.1406,1.0836,67.4430
W0659,659,38,main_etch,740.1668,10.3444,118.3499,1.1177,67.3314
W0659,659,39,main_etch,744.7124,10.3106,117.3732,1.0919,67.1440
W0659,659,40,main_etch,744.8144,10.1924,119.0466,1.0868,67.1253
W0659,659,41,main_etch,743.2300,10.1821,119.7445,1.0801,67.0938
W0659,659,42,main_etch,747.6362,10.1964,117.6795,1.0984,67.1455
W0659,659,43,main_etch,744.5239,10.2291,119.5321,1.0721,67.0711
W0659,659,44,main_etch,745.6036,10.2770,118.4136,1.0800,67.2741
W0659,659,45,main_etch,743.6223,10.2448,119.0988,1.0835,67.1952
W0659,659,46,main_etch,743.8206,10.2471,119.3026,1.0912,67.2640
W0659,659,47,main_etch,742.4192,10.3398,119.8191,1.0884,66.9033
W0659,659,48,main_etch,744.2018,10.2699,117.6470,1.0838,67.2831
W0659,659,49,main_etch,744.4353,10.2248,118.1520,1.0850,67.1849
W0659,659,50,main_etch,744.6335,10.2746,118.1774,1.0811,67.3385
W0659,659,51,main_etch,748.8673,10.2089,120.2281,1.0972,67.2105
W0659,659,52,main_etch,742.5566,10.2627,118.2830,1.0783,67.0195
W0659,659,53,main_etch,747.7257,10.2639,119.4852,1.0778,67.1821
W0659,659,54,main_etch,743.5257,10.2296,118.2229,1.0753,67.2872
W0659,659,55,main_etch,746.0713,10.2343,117.3392,1.1006,67.1378
W0659,659,56,main_etch,742.2416,10.2517,118.9736,1.0901,67.4375
W0659,659,57,main_etch,741.9258,10.2993,118.3991,1.0798,67.2081
W0659,659,58,main_etch,748.7328,10.2373,118.5036,1.0737,67.2913
W0659,659,59,main_etch,745.7397,10.2933,119.0355,1.0873,67.0293
W0659,659,60,main_etch,741.3197,10.2819,118.7517,1.0825,67.4601
W0659,659,61,main_etch,745.5313,10.2571,119.4574,1.0771,67.4739
W0659,659,62,main_etch,742.8879,10.1536,119.0982,1.0646,67.1247
W0659,659,63,main_etch,746.1436,10.2519,120.3557,1.0929,67.0417
W0659,659,64,main_etch,742.6674,10.1940,118.8169,1.0674,67.1960
W0659,659,65,main_etch,744.3050,10.2179,118.4657,1.0910,67.1090
W0659,659,66,main_etch,742.8392,10.2389,119.6115,1.0930,67.4789
W0659,659,67,main_etch,745.8986,10.3521,118.1411,1.0751,67.2173
W0659,659,68,main_etch,741.3813,10.2857,119.0967,1.0869,67.5685
W0659,659,69,main_etch,745.1603,10.2856,119.5049,1.0810,67.2107
W0659,659,70,main_etch,745.6350,10.2432,118.6238,1.0696,67.3289
W0659,659,71,main_etch,745.9574,10.1799,117.7714,1.0639,66.9863
W0659,659,72,main_etch,747.2402,10.2596,118.5349,1.0880,67.3858
W0659,659,73,main_etch,743.1752,10.2088,118.1340,1.0767,67.1516
W0659,659,74,main_etch,740.4360,10.1812,119.6401,1.0708,67.2394
W0659,659,75,overetch,714.5570,9.9756,120.8122,0.7989,67.9178
W0659,659,76,overetch,717.8700,10.0372,120.4258,0.8087,68.0702
W0659,659,77,overetch,714.3776,10.0385,121.3653,0.8002,68.0605
W0659,659,78,overetch,717.7499,10.0675,120.9924,0.7853,67.7226
W0659,659,79,overetch,714.0988,10.0324,121.3186,0.8049,67.8776
W0659,659,80,overetch,718.9466,10.0650,121.1552,0.7787,67.8862
W0659,659,81,overetch,717.7109,10.0261,119.9128,0.7792,68.0790
W0659,659,82,overetch,713.6674,10.1464,120.8676,0.7873,68.0079
W0659,659,83,overetch,713.8300,9.9513,120.9755,0.7867,67.6462
W0659,659,84,overetch,714.6927,9.9976,121.1121,0.7767,67.6523
W0659,659,85,overetch,715.3693,10.0095,119.9904,0.7871,67.7191
W0659,659,86,overetch,717.6485,10.0746,122.4123,0.7737,68.0181
W0659,659,87,overetch,714.4527,10.1195,122.1916,0.7878,67.9307
W0659,659,88,overetch,714.8628,10.0959,120.8858,0.7867,68.0822
W0659,659,89,overetch,716.5869,10.0900,122.2547,0.7932,67.7563
W0659,659,90,overetch,714.3862,10.0587,120.3220,0.7830,68.2319
W0659,659,91,overetch,713.4754,10.0364,119.7144,0.7794,68.1090
W0659,659,92,overetch,713.8563,10.0993,121.2800,0.7804,67.9150
W0659,659,93,overetch,714.4010,10.0416,121.2945,0.7901,68.0325
W0659,659,94,overetch,713.1482,10.0472,120.9301,0.7740,67.8509
W0659,659,95,overetch,714.9480,10.0644,120.1176,0.7930,68.2486
W0659,659,96,overetch,720.2751,9.9508,121.3907,0.7775,68.0530
W0659,659,97,overetch,719.1403,10.0119,120.3335,0.7806,67.8546
W0659,659,98,overetch,717.7311,10.0220,121.8732,0.7888,67.8402
W0659,659,99,overetch,715.6894,10.0580,119.4542,0.7762,68.0286
W0662,662,0,stabilize,675.4292,10.9078,118.7155,0.5849,65.0328
W0662,662,1,stabilize,679.0746,10.9751,116.9289,0.6050,65.1412
W0662,662,2,stabilize,677.4176,10.9132,117.0960,0.5855,65.1346
W0662,662,3,stabilize,676.8919,10.8925,119.3737,0.5908,65.2795
W0662,662,4,stabilize,669.0659,10.9167,118.6283,0.5794,65.1193
W0662,662,5,stabilize,671.9994,10.9702,117.7951,0.5952,65.0205
W0662,662,6,stabilize,672.2144,10.8774,118.3619,0.5690,65.2377
W0662,662,7,stabilize,676.1231,10.9310,118.3728,0.5742,65.1293
W0662,662,8,stabilize,674.8965,10.9783,117.4538,0.5815,65.0675
W0662,662,9,stabilize,670.2440,10.9214,117.6369,0.5943,65.1520
W0662,662,10,stabilize,676.4238,10.9640,117.7464,0.5710,65.1290
W0662,662,11,stabilize,674.5242,10.9710,118.0067,0.5741,65.1689
W0662,662,12,stabilize,672.5616,10.9760,118.3696,0.5585,65.1411
W0662,662,13,stabilize,671.4173,10.9459,117.8938,0.5767,65.3482
W0662,662,14,stabilize,673.3997,10.8945,119.3110,0.5767,65.1899
W0662,662,15,stabilize,669.6100,10.9822,118.4188,0.5735,64.9016
W0662,662,16,stabilize,671.4373,10.9687,119.1274,0.5697,65.3227
W0662,662,17,stabilize,671.4713,10.8306,118.3581,0.5561,65.2115
W0662,662,18,stabilize,675.8799,10.9205,119.1569,0.5596,65.0417
W0662,662,19,stabilize,668.9058,10.9770,118.1535,0.5707,64.8207
W0662,662,20,main_etch,749.0557,10.3935,118.2842,1.1257,65.5025
W0662,662,21,main_etch,748.4289,10.4566,118.2126,1.1142,65.6213
W0662,662,22,main_etch,749.6929,10.4776,116.7110,1.1096,65.7392
W0662,662,23,main_etch,748.4502,10.3692,120.0083,1.1116,65.5795
W0662,662,24,main_etch,748.0350,10.4842,117.9610,1.0808,65.7132
W0662,662,25,main_etch,746.5793,10.4854,119.3146,1.0998,65.8879
W0662,662,26,main_etch,746.0665,10.3859,117.9979,1.0854,65.8657
W0662,662,27,main_etch,750.8264,10.4310,118.9388,1.1087,65.8567
W0662,662,28,main_etch,743.5071,10.4187,118.8689,1.1096,65.6834
W0662,662,29,main_etch,746.0216,10.4603,117.8628,1.1025,65.8196
W0662,662,30,main_etch,749.0686,10.3376,118.2436,1.0798,65.7919
W0662,662,31,main_etch,747.0347,10.4141,118.9274,1.0922,65.5424
W0662,662,32,main_etch,748.7503,10.4213,119.9053,1.0633,65.7038
W0662,662,33,main_etch,744.8250,10.4633,117.4810,1.0819,65.5711
W0662,662,34,main_etch,747.2292,10.5347,117.7043,1.0654,65.8252
W0662,662,35,main_etch,749.4354,10.3460,115.9990,1.0884,65.8991
W0662,662,36,main_etch,745.5207,10.4306,118.3226,1.0666,65.7430
W0662,662,37,main_etch,744.7562,10.3835,117.3876,1.0714,65.5690
W0662,662,38,main_etch,745.5724,10.4318,118.2310,1.0791,65.9793
W0662,662,39,main_etch,746.0285,10.4104,119.0685,1.0684,65.9383
W0662,662,40,main_etch,747.4990,10.3906,118.9680,1.0643,65.7440
W0662,662,41,main_etch,752.1010,10.3840,117.8738,1.0665,65.7919
W0662,662,42,main_etch,745.6606,10.4623,117.5942,1.0549,65.9668
W0662,662,43,main_etch,744.9518,10.3336,117.5593,1.0652,65.8297
W0662,662,44,main_etch,752.3572,10.4198,119.9051,1.0544,65.7414
W0662,662,45,main_etch,748.5944,10.3570,118.1771,1.0496,65.5296
W0662,662,46,main_etch,747.2586,10.4610,117.9954,1.0673,65.8705
W0662,662,47,main_etch,745.2913,10.5354,117.6716,1.0631,65.7377
W0662,662,48,main_etch,745.9536,10.4896,118.6473,1.0349,65.8140
W0662,662,49,main_etch,745.3518,10.4225,118.1086,1.0305,65.7957
W0662,662,50,main_etch,750.1700,10.3728,119.5358,1.0577,65.9197
W0662,662,51,main_etch,747.6773,10.3818,119.0549,1.0475,65.4267
W0662,662,52,main_etch,746.4409,10.4615,118.7085,1.0502,65.6969
W0662,662,53,main_etch,746.4633,10.4208,118.3725,1.0559,65.6720
W0662,662,54,main_etch,747.2738,10.4457,118.4276,1.0295,66.0217
W0662,662,55,main_etch,743.7453,10.3598,118.5329,1.0325,65.6166
W0662,662,56,main_etch,745.7557,10.3801,118.6506,1.0359,65.6230
W0662,662,57,main_etch,744.6143,10.4810,119.0489,1.0296,65.7204
W0662,662,58,main_etch,750.6249,10.4208,117.5747,1.0302,65.8642
W0662,662,59,main_etch,745.1830,10.3745,118.0037,1.0083,66.1995
W0662,662,60,main_etch,749.3723,10.4565,117.5941,1.0308,65.8473
W0662,662,61,main_etch,748.8740,10.3685,115.8801,1.0101,65.8824
W0662,662,62,main_etch,747.5293,10.2779,117.2125,1.0334,65.9218
W0662,662,63,main_etch,750.6184,10.3608,117.6535,1.0124,65.7902
W0662,662,64,main_etch,747.6697,10.4142,119.8803,1.0123,65.9099
W0662,662,65,main_etch,743.4454,10.3919,118.0965,1.0257,65.9062
W0662,662,66,main_etch,749.0316,10.3139,118.2259,0.9999,65.7414
W0662,662,67,main_etch,745.3806,10.4122,117.6573,0.9961,65.8181
W0662,662,68,main_etch,748.5824,10.4812,118.5089,0.9939,66.1208
W0662,662,69,main_etch,748.0943,10.4050,118.0355,1.0193,65.7161
W0662,662,70,main_etch,747.1512,10.3502,118.3333,0.9980,65.8233
W0662,662,71,main_etch,745.7575,10.3701,117.9792,1.0088,65.6885
W0662,662,72,main_etch,750.5227,10.3764,117.8691,1.0040,65.9939
W0662,662,73,main_etch,745.7761,10.3306,117.3352,0.9952,65.6245
W0662,662,74,main_etch,748.1400,10.4041,118.2922,0.9851,65.8946
W0662,662,75,overetch,714.4161,10.2162,120.5599,0.7688,66.4003
W0662,662,76,overetch,716.2144,10.1890,121.3474,0.7747,66.6145
W0662,662,77,overetch,719.6397,10.1446,120.2360,0.7649,66.2545
W0662,662,78,overetch,716.8134,10.0936,120.2880,0.7710,66.5022
W0662,662,79,overetch,718.2393,10.2326,121.1787,0.7778,66.6079
W0662,662,80,overetch,719.3837,10.2297,120.0518,0.7614,66.6467
W0662,662,81,overetch,717.2812,10.1595,120.0964,0.7645,66.2986
W0662,662,82,overetch,713.9452,10.1308,120.7944,0.7721,66.4560
W0662,662,83,overetch,714.7491,10.2326,120.3490,0.7597,66.5033
W0662,662,84,overetch,717.2750,10.1585,119.8862,0.7641,66.7884
W0662,662,85,overetch,719.9816,10.1579,120.2469,0.7720,66.7660
W0662,662,86,overetch,718.3467,10.1830,120.0864,0.7462,66.5414
W0662,662,87,overetch,717.0614,10.2421,120.2818,0.7496,66.2910
W0662,662,88,overetch,715.0735,10.2543,121.4555,0.7611,66.6654
W0662,662,89,overetch,720.2650,10.2284,119.8912,0.7688,66.4089
W0662,662,90,overetch,716.6427,10.1499,120.6668,0.7662,66.3983
W0662,662,91,overetch,714.1793,10.1253,120.2060,0.7465,66.4172
W0662,662,92,overetch,715.5877,10.1959,120.0263,0.7541,66.5965
W0662,662,93,overetch,719.8918,10.1763,122.1784,0.7517,66.4067
W0662,662,94,overetch,717.3308,10.2690,121.5933,0.7544,66.4789
W0662,662,95,overetch,720.7812,10.2451,120.7412,0.7554,66.5197
W0662,662,96,overetch,716.0929,10.2417,121.3518,0.7390,66.6251
W0662,662,97,overetch,717.9706,10.2439,121.8524,0.7462,66.4864
W0662,662,98,overetch,712.5794,10.2159,121.6111,0.7414,66.4572
W0662,662,99,overetch,713.3191,10.1502,120.8575,0.7476,66.2653
W0663,663,0,stabilize,657.8345,11.0199,121.5930,0.5961,62.3934
W0663,663,1,stabilize,658.5621,11.0368,121.0237,0.5996,62.4717
W0663,663,2,stabilize,660.3981,11.0660,121.7163,0.6243,61.9974
W0663,663,3,stabilize,660.5361,11.0441,120.3767,0.6026,62.5441
W0663,663,4,stabilize,665.2878,11.0162,120.1966,0.6008,62.4091
W0663,663,5,stabilize,660.2867,11.0078,120.6680,0.5983,62.3250
W0663,663,6,stabilize,661.1060,11.0165,120.0233,0.6048,62.4815
W0663,663,7,stabilize,664.0990,11.1114,121.0176,0.5957,62.4307
W0663,663,8,stabilize,663.0492,11.1247,119.9508,0.6324,62.2212
W0663,663,9,stabilize,662.5135,11.1303,120.9203,0.6300,62.3961
W0663,663,10,stabilize,661.4449,11.1191,119.5518,0.6180,62.2046
W0663,663,11,stabilize,658.3897,11.0724,120.8779,0.5959,62.4084
W0663,663,12,stabilize,664.4818,11.0937,119.3386,0.5979,62.1825
W0663,663,13,stabilize,662.6122,11.0541,120.1624,0.6067,62.2921
W0663,663,14,stabilize,657.5658,11.0472,120.4421,0.6131,62.3227
W0663,663,15,stabilize,661.6317,11.0556,120.3051,0.6147,62.2291
W0663,663,16,stabilize,662.1829,11.0961,120.5188,0.6058,62.4804
W0663,663,17,stabilize,661.3454,11.0987,119.4537,0.6147,62.2886
W0663,663,18,stabilize,662.1826,11.0538,120.3185,0.6006,62.3148
W0663,663,19,stabilize,661.7392,11.0967,119.7624,0.6135,62.3901
W0663,663,20,main_etch,737.0361,10.4781,119.0046,1.0988,63.0314
W0663,663,21,main_etch,734.6060,10.5388,119.1773,1.1133,63.1575
W0663,663,22,main_etch,737.4436,10.5906,121.0865,1.1171,62.7996
W0663,663,23,main_etch,735.6633,10.4461,120.9708,1.0821,62.6491
W0663,663,24,main_etch,733.7530,10.5883,119.6947,1.1001,62.7202
W0663,663,25,main_etch,736.1740,10.5668,120.0750,1.0981,62.8749
W0663,663,26,main_etch,735.9102,10.6454,119.5570,1.0870,62.6923
W0663,663,27,main_etch,734.2336,10.5334,120.2021,1.1083,63.0989
W0663,663,28,main_etch,730.0750,10.5834,121.3588,1.1209,62.7114
W0663,663,29,main_etch,738.1482,10.5614,120.1255,1.0686,63.2332
W0663,663,30,main_etch,734.7636,10.5536,118.3758,1.1129,63.0463
W0663,663,31,main_etch,736.0546,10.4927,121.5030,1.1098,62.6577
W0663,663,32,main_etch,732.7567,10.5263,120.5536,1.0933,63.0511
W0663,663,33,main_etch,734.0358,10.5355,120.1620,1.0849,62.8481
W0663,663,34,main_etch,734.4134,10.5054,120.2907,1.1025,62.9283
W0663,663,35,main_etch,731.5160,10.5756,120.0596,1.1048,62.9988
W0663,663,36,main_etch,730.6311,10.6093,118.7102,1.1140,63.1241
W0663,663,37,main_etch,733.3804,10.5340,120.2608,1.1077,62.8567
W0663,663,38,main_etch,733.5300,10.5048,119.3701,1.1048,62.8456
W0663,663,39,main_etch,734.0527,10.4468,119.6348,1.1146,62.8073
W0663,663,40,main_etch,733.5917,10.4790,119.7865,1.1043,62.8424
W0663,663,41,main_etch,736.8596,10.4902,120.7114,1.1235,62.8556
W0663,663,42,main_etch,736.2213,10.5182,121.1605,1.1124,63.1263
W0663,663,43,main_etch,738.5649,10.6120,118.3120,1.0907,62.9328
W0663,663,44,main_etch,737.6249,10.4692,119.2182,1.1340,62.5949
W0663,663,45,main_etch,730.8691,10.4563,118.9336,1.1035,63.1066
W0663,663,46,main_etch,733.3192,10.5461,120.7006,1.1102,62.7996
W0663,663,47,main_etch,731.3154,10.4913,120.4928,1.1015,62.9836
W0663,663,48,main_etch,731.6522,10.5860,121.5650,1.1110,62.9469
W0663,663,49,main_etch,730.9886,10.4369,121.9063,1.1151,63.0935
W0663,663,50,main_etch,736.3886,10.4736,120.0563,1.1133,63.2130
W0663,663,51,main_etch,731.9190,10.6219,119.4153,1.1105,63.0917
W0663,663,52,main_etch,733.9603,10.5731,120.0570,1.1237,63.0883
W0663,663,53,main_etch,738.4627,10.6056,120.4259,1.1163,62.8238
W0663,663,54,main_etch,737.2026,10.4963,120.7682,1.1143,63.3466
W0663,663,55,main_etch,736.3022,10.5602,119.3895,1.1070,62.9588
W0663,663,56,main_etch,734.8817,10.5424,119.8345,1.1058,63.0756
W0663,663,57,main_etch,734.5644,10.4859,121.2557,1.1121,63.1746
W0663,663,58,main_etch,730.5902,10.5657,121.1707,1.1189,62.6638
W0663,663,59,main_etch,742.3369,10.5073,118.7974,1.1174,63.0035
W0663,663,60,main_etch,734.8127,10.5219,120.6366,1.1076,63.0059
W0663,663,61,main_etch,733.9875,10.4601,118.6936,1.1071,62.8602
W0663,663,62,main_etch,732.8637,10.5702,119.1176,1.1113,63.0000
W0663,663,63,main_etch,732.9877,10.5095,119.7575,1.1107,62.7651
W0663,663,64,main_etch,736.5085,10.4961,121.0164,1.0948,63.0067
W0663,663,65,main_etch,734.7417,10.4313,120.2708,1.0990,62.9601
W0663,663,66,main_etch,737.0406,10.6120,118.8953,1.0994,63.1599
W0663,663,67,main_etch,737.3867,10.5541,119.3608,1.1126,62.8387
W0663,663,68,main_etch,733.8393,10.5172,121.2069,1.1190,63.0082
W0663,663,69,main_etch,734.3152,10.5209,121.8263,1.1160,62.9177
W0663,663,70,main_etch,732.0305,10.5760,120.1286,1.1024,63.2625
W0663,663,71,main_etch,732.5929,10.5619,120.8255,1.1048,62.9691
W0663,663,72,main_etch,735.9951,10.6059,118.8257,1.1202,63.1423
W0663,663,73,main_etch,734.1250,10.5639,120.1987,1.1219,62.9855
W0663,663,74,main_etch,732.3083,10.5446,120.4561,1.0949,63.0185
W0663,663,75,overetch,706.3688,10.3364,123.5643,0.8003,63.4550
W0663,663,76,overetch,702.7467,10.3367,121.1485,0.7997,63.4386
W0663,663,77,overetch,705.5372,10.2442,121.6769,0.7929,63.7409
W0663,663,78,overetch,704.8987,10.3282,123.9783,0.7971,63.4234
W0663,663,79,overetch,708.7874,10.2826,122.7192,0.7866,63.9032
W0663,663,80,overetch,710.2075,10.2854,122.8105,0.8108,63.3803
W0663,663,81,overetch,701.7031,10.3016,122.3638,0.7898,63.6516
W0663,663,82,overetch,708.1082,10.3662,121.5759,0.8069,63.7913
W0663,663,83,overetch,705.5429,10.3041,121.6745,0.8082,63.7253
W0663,663,84,overetch,710.2704,10.2745,122.0103,0.7963,63.4859
W0663,663,85,overetch,700.7101,10.2758,122.0556,0.7778,63.4354
W0663,663,86,overetch,705.3912,10.2795,121.4290,0.8006,63.6498
W0663,663,87,overetch,706.2776,10.2959,122.5282,0.7978,63.5302
W0663,663,88,overetch,707.2624,10.3483,123.9324,0.7922,63.6019
W0663,663,89,overetch,701.9192,10.3523,122.9533,0.7986,63.6401
W0663,663,90,overetch,697.3570,10.2673,122.3071,0.7876,63.7977
W0663,663,91,overetch,703.8027,10.2452,122.5909,0.7935,63.6227
W0663,663,92,overetch,705.3422,10.3660,122.4046,0.7962,63.7083
W0663,663,93,overetch,705.1987,10.3461,121.5882,0.7797,63.8442
W0663,663,94,overetch,706.0489,10.2464,122.0909,0.8181,63.7522
W0663,663,95,overetch,703.6385,10.4180,122.7787,0.8025,63.4684
W0663,663,96,overetch,703.5726,10.2939,122.6595,0.7983,63.4846
W0663,663,97,overetch,706.9416,10.2786,122.1531,0.8148,63.7367
W0663,663,98,overetch,704.2474,10.2614,122.0128,0.7902,63.8225
W0663,663,99,overetch,709.4203,10.2421,122.4556,0.7922,63.5112
W0669,669,0,stabilize,672.2755,10.5439,116.8438,0.5754,63.0382
W0669,669,1,stabilize,673.7407,10.5893,115.9348,0.6053,62.8548
W0669,669,2,stabilize,672.1494,10.4945,115.4733,0.5645,63.0478
W0669,669,3,stabilize,672.1545,10.4549,115.4030,0.5783,62.7660
W0669,669,4,stabilize,673.9677,10.5177,115.9372,0.5605,62.7784
W0669,669,5,stabilize,672.9588,10.5180,115.7425,0.5641,62.9873
W0669,669,6,stabilize,675.8750,10.5137,115.9141,0.5643,62.9814
W0669,669,7,stabilize,674.2509,10.4935,117.2476,0.5619,63.0882
W0669,669,8,stabilize,674.1955,10.5688,116.8267,0.5560,62.8217
W0669,669,9,stabilize,669.5237,10.5892,115.0978,0.5483,62.6427
W0669,669,10,stabilize,672.2471,10.5645,115.8333,0.5744,62.8802
W0669,669,11,stabilize,675.3863,10.5033,115.4063,0.5564,63.0475
W0669,669,12,stabilize,675.8424,10.5107,116.5093,0.5519,62.6425
W0669,669,13,stabilize,675.6313,10.5568,116.3962,0.5611,62.7217
W0669,669,14,stabilize,667.6947,10.5359,116.0364,0.5506,62.8473
W0669,669,15,stabilize,674.0388,10.5538,117.4257,0.5497,63.0724
W0669,669,16,stabilize,676.6394,10.5229,115.8145,0.5605,63.0264
W0669,669,17,stabilize,675.7202,10.4879,114.5078,0.5402,62.7331
W0669,669,18,stabilize,673.2132,10.5854,118.6216,0.5298,62.8514
W0669,669,19,stabilize,674.7282,10.5582,115.8529,0.5458,62.8847
W0669,669,20,main_etch,751.9882,10.0388,115.3506,1.1378,63.5035
W0669,669,21,main_etch,750.0875,10.0611,116.1201,1.1168,63.4624
W0669,669,22,main_etch,751.3791,10.1062,115.9950,1.1076,63.5626
W0669,669,23,main_etch,745.2383,10.1583,117.1533,1.1233,63.2493
W0669,669,24,main_etch,750.4777,10.0859,116.5314,1.1162,63.8532
W0669,669,25,main_etch,749.3623,9.9887,116.3697,1.1072,63.5748
W0669,669,26,main_etch,747.3060,10.0227,116.6236,1.0894,63.4582
W0669,669,27,main_etch,748.3878,10.0343,116.6012,1.0982,63.2278
W0669,669,28,main_etch,745.4311,10.0191,116.0142,1.0660,63.6845
W0669,669,29,main_etch,750.8212,10.2066,116.8623,1.0775,63.7241
W0669,669,30,main_etch,747.7457,10.1483,115.9599,1.0875,63.7807
W0669,669,31,main_etch,747.1428,10.0804,116.0657,1.0704,63.4655
W0669,669,32,main_etch,749.4513,10.0522,114.6098,1.0786,63.4499
W0669,669,33,main_etch,752.9937,10.0242,116.8910,1.0736,63.5109
W0669,669,34,main_etch,749.8177,10.0157,115.9507,1.0771,63.7192
W0669,669,35,main_etch,747.3770,10.0476,117.7698,1.0577,63.4484
W0669,669,36,main_etch,751.2054,10.0099,116.6649,1.0675,63.6001
W0669,669,37,main_etch,749.1482,10.0776,116.3754,1.0543,63.5698
W0669,669,38,main_etch,751.5366,10.0264,114.9074,1.0621,63.6981
W0669,669,39,main_etch,746.6009,9.9778,116.2220,1.0547,63.4127
W0669,669,40,main_etch,745.6042,10.0818,115.9069,1.0356,63.4249
W0669,669,41,main_etch,748.9260,9.9479,115.9080,1.0335,63.6839
W0669,669,42,main_etch,749.0531,9.9575,115.3199,1.0346,63.4656
W0669,669,43,main_etch,748.7865,10.0352,116.3388,1.0393,63.6482
W0669,669,44,main_etch,752.5237,9.9766,115.2946,1.0191,63.5971
W0669,669,45,main_etch,749.2480,10.0682,116.2583,1.0398,63.8498
W0669,669,46,main_etch,748.7339,9.9980,118.4942,1.0324,63.5961
W0669,669,47,main_etch,749.7827,10.1410,115.3233,1.0067,63.5870
W0669,669,48,main_etch,748.1048,9.9490,117.9355,1.0317,63.5759
W0669,669,49,main_etch,750.1564,10.0260,115.8866,1.0066,63.4731
W0669,669,50,main_etch,747.0507,10.0840,116.7533,0.9950,63.2532
W0669,669,51,main_etch,744.0093,10.0847,116.4623,0.9997,63.6834
W0669,669,52,main_etch,749.4970,10.0846,117.4549,1.0063,63.6702
W0669,669,53,main_etch,745.5805,10.0855,115.7602,0.9807,63.6372
W0669,669,54,main_etch,749.1471,10.0645,115.4178,0.9902,63.5995
W0669,669,55,main_etch,745.6076,10.0151,115.2375,0.9992,63.5783
W0669,669,56,main_etch,753.6452,9.9759,116.5710,0.9719,63.7344
W0669,669,57,main_etch,750.6363,10.0268,115.7665,0.9722,63.5642
W0669,669,58,main_etch,748.5986,10.0603,115.5325,0.9601,63.3596
W0669,669,59,main_etch,750.1173,10.0575,117.2297,0.9750,63.7544
W0669,669,60,main_etch,745.9885,10.0167,117.9160,0.9603,63.8992
W0669,669,61,main_etch,747.8714,10.0844,116.8733,0.9476,63.4364
W0669,669,62,main_etch,747.8356,10.0093,116.2170,0.9539,63.6886
W0669,669,63,main_etch,749.0665,10.0051,114.9490,0.9742,63.5947
W0669,669,64,main_etch,751.8888,9.9662,116.6110,0.9628,63.7696
W0669,669,65,main_etch,754.3618,9.9435,116.2882,0.9421,63.6339
W0669,669,66,main_etch,752.0786,10.0123,116.6581,0.9388,63.7788
W0669,669,67,main_etch,753.4208,9.9732,114.8022,0.9377,63.5426
W0669,669,68,main_etch,754.3392,10.0891,116.0330,0.9381,63.6553
W0669,669,69,main_etch,744.2024,10.0363,116.8056,0.9383,63.6613
W0669,669,70,main_etch,750.2452,10.0354,116.4890,0.9209,63.2992
W0669,669,71,main_etch,748.7369,9.9902,116.5663,0.9360,63.8506
W0669,669,72,main_etch,748.6873,10.0408,115.2091,0.9216,63.7008
W0669,669,73,main_etch,749.7157,10.0175,117.1457,0.9276,63.6521
W0669,669,74,main_etch,749.7266,9.9808,116.3721,0.9096,63.6288
W0669,669,75,overetch,721.1640,9.7893,116.9339,0.7535,63.9614
W0669,669,76,overetch,715.3522,9.8673,118.7093,0.7420,64.4168
W0669,669,77,overetch,720.3990,9.7913,117.8951,0.7581,64.2156
W0669,669,78,overetch,717.6316,9.8932,118.2075,0.7493,63.9959
W0669,669,79,overetch,719.5782,9.8621,118.9056,0.7337,64.2737
W0669,669,80,overetch,717.8466,9.8196,119.6172,0.7611,64.0744
W0669,669,81,overetch,719.5192,9.7482,119.2293,0.7477,64.1850
W0669,669,82,overetch,720.5033,9.7387,119.7535,0.7185,64.2936
W0669,669,83,overetch,718.3834,9.7425,119.3175,0.7403,64.1152
W0669,669,84,overetch,720.5043,9.9104,118.4044,0.7517,64.2850
W0669,669,85,overetch,721.8602,9.8892,119.2443,0.7112,64.3028
W0669,669,86,overetch,722.4516,9.8826,118.8042,0.7334,64.1514
W0669,669,87,overetch,715.5849,9.8765,119.0604,0.7204,64.1859
W0669,669,88,overetch,718.9249,9.8347,119.2617,0.7372,64.2956
W0669,669,89,overetch,720.6456,9.8518,119.8146,0.7222,63.9515
W0669,669,90,overetch,715.5641,9.9096,118.1721,0.7246,64.1525
W0669,669,91,overetch,723.4493,9.8380,118.0470,0.7229,64.2511
W0669,669,92,overetch,722.0740,9.9217,119.4296,0.7246,64.0337
W0669,669,93,overetch,721.6442,9.8688,118.5922,0.7144,64.5955
W0669,669,94,overetch,725.5015,9.7930,118.3903,0.7348,64.2405
W0669,669,95,overetch,721.4628,9.8735,119.2544,0.7396,64.2359
W0669,669,96,overetch,715.8563,9.9169,120.1624,0.7028,64.4612
W0669,669,97,overetch,720.0700,9.9520,118.9242,0.7016,64.3382
W0669,669,98,overetch,718.9278,9.8369,117.9670,0.7146,64.2153
W0669,669,99,overetch,719.7201,9.7779,118.4840,0.7200,64.2757
W0696,696,0,stabilize,678.6342,10.5379,113.3075,0.5895,63.0285
W0696,696,1,stabilize,680.4356,10.5967,113.7302,0.5648,63.0714
W0696,696,2,stabilize,675.3049,10.6632,114.0084,0.5808,62.7410
W0696,696,3,stabilize,681.0121,10.4752,113.7050,0.5820,62.4678
W0696,696,4,stabilize,681.0188,10.5485,114.7644,0.5641,62.4717
W0696,696,5,stabilize,679.9660,10.6257,113.0121,0.5781,62.8412
W0696,696,6,stabilize,678.5107,10.5813,115.1253,0.5760,62.6769
W0696,696,7,stabilize,679.3692,10.5194,114.4404,0.5818,62.7463
W0696,696,8,stabilize,678.8650,10.5117,113.2712,0.5901,63.0254
W0696,696,9,stabilize,679.8755,10.5195,114.2735,0.5589,63.0194
W0696,696,10,stabilize,685.3674,10.5589,114.8189,0.5879,62.8524
W0696,696,11,stabilize,683.7879,10.5183,113.5980,0.5616,62.6286
W0696,696,12,stabilize,676.0084,10.5118,113.4432,0.5625,62.8283
W0696,696,13,stabilize,679.9402,10.5964,114.2555,0.5863,62.8762
W0696,696,14,stabilize,679.3181,10.4779,114.0196,0.5739,62.6413
W0696,696,15,stabilize,685.2206,10.4684,114.4808,0.5539,62.4829
W0696,696,16,stabilize,682.0448,10.5766,114.0001,0.5629,62.9587
W0696,696,17,stabilize,682.2804,10.5693,113.0361,0.5592,62.5806
W0696,696,18,stabilize,682.4851,10.4827,113.3687,0.5587,62.9373
W0696,696,19,stabilize,676.3621,10.5705,113.5503,0.5731,62.8227
W0696,696,20,main_etch,753.7316,10.0666,113.2393,1.1022,63.0221
W0696,696,21,main_etch,751.0652,10.0116,115.4985,1.1025,63.2755
W0696,696,22,main_etch,758.0933,10.0457,113.3666,1.0983,63.1392
W0696,696,23,main_etch,755.6215,9.9479,115.2601,1.1064,63.2223
W0696,696,24,main_etch,757.4368,10.0410,115.5836,1.1153,63.2216
W0696,696,25,main_etch,753.9704,9.9459,114.0798,1.0861,63.2040
W0696,696,26,main_etch,756.8586,10.0583,113.9548,1.0806,63.3393
W0696,696,27,main_etch,761.2553,10.0525,112.4725,1.0927,63.0964
W0696,696,28,main_etch,754.3547,9.9180,114.6773,1.0989,63.3648
W0696,696,29,main_etch,755.7071,10.0870,114.3843,1.1038,63.2764
W0696,696,30,main_etch,758.4994,10.1463,113.5625,1.0770,63.1190
W0696,696,31,main_etch,755.9794,10.0168,115.2600,1.0939,63.1773
W0696,696,32,main_etch,756.3846,10.0289,114.8650,1.0874,63.5109
W0696,696,33,main_etch,755.2136,10.0045,112.8439,1.1019,63.3445
W0696,696,34,main_etch,754.2106,10.0564,114.0590,1.0624,63.3381
W0696,696,35,main_etch,759.1998,10.0602,114.1499,1.0623,63.2310
W0696,696,36,main_etch,757.0643,10.1695,114.4563,1.0567,63.2903
W0696,696,37,main_etch,759.1024,10.0046,114.6136,1.0659,63.4403
W0696,696,38,main_etch,753.4570,10.0219,113.7983,1.0750,63.4347
W0696,696,39,main_etch,753.8915,9.9815,113.4426,1.0599,63.6170
W0696,696,40,main_etch,759.9175,10.1337,114.4320,1.0593,63.6713
W0696,696,41,main_etch,757.5450,10.0686,114.5076,1.0570,63.3707
W0696,696,42,main_etch,754.9727,10.0469,113.7664,1.0595,63.5438
W0696,696,43,main_etch,754.1123,10.0324,114.1791,1.0614,63.5207
W0696,696,44,main_etch,753.4442,10.1642,113.9927,1.0487,63.4424
W0696,696,45,main_etch,758.2935,10.0335,113.3445,1.0453,63.6385
W0696,696,46,main_etch,757.0403,10.1507,115.5441,1.0430,63.4035
W0696,696,47,main_etch,755.8207,10.0143,114.2128,1.0328,63.2729
W0696,696,48,main_etch,755.2892,10.1116,113.0887,1.0433,63.8307
W0696,696,49,main_etch,758.6501,10.0131,113.3628,1.0271,63.4678
W0696,696,50,main_etch,755.1930,10.0141,115.3733,1.0417,63.7296
W0696,696,51,main_etch,752.2094,9.9850,114.1940,1.0310,63.4203
W0696,696,52,main_etch,754.6504,10.0453,113.1341,1.0309,63.2601
W0696,696,53,main_etch,755.1481,10.0645,112.8141,1.0260,63.3094
W0696,696,54,main_etch,758.5238,10.0393,112.6652,1.0309,63.2654
W0696,696,55,main_etch,753.2083,10.0191,114.5847,1.0186,63.4673
W0696,696,56,main_etch,751.9033,10.0306,114.6931,1.0251,63.5219
W0696,696,57,main_etch,753.6861,9.9802,113.5518,1.0230,63.3985
W0696,696,58,main_etch,757.3639,9.9648,113.7028,1.0080,63.3697
W0696,696,59,main_etch,754.2310,10.0837,113.4569,1.0183,63.5877
W0696,696,60,main_etch,754.1266,9.9692,115.7377,1.0114,63.4472
W0696,696,61,main_etch,759.0830,9.9308,114.2488,0.9897,63.3458
W0696,696,62,main_etch,755.8537,10.0803,114.2437,1.0120,63.4580
W0696,696,63,main_etch,754.4795,10.0504,113.9171,1.0101,63.2971
W0696,696,64,main_etch,753.4131,10.0806,113.0481,0.9909,63.5848
W0696,696,65,main_etch,757.8452,10.0567,113.5611,1.0010,63.7043
W0696,696,66,main_etch,752.8435,10.0685,113.5534,0.9874,63.4724
W0696,696,67,main_etch,754.5813,9.9992,114.7699,0.9874,63.4493
W0696,696,68,main_etch,752.8415,10.1168,113.2363,0.9968,63.3568
W0696,696,69,main_etch,758.2318,10.0128,114.0639,0.9862,63.5772
W0696,696,70,main_etch,757.4172,10.0896,114.1114,0.9958,63.8038
W0696,696,71,main_etch,761.6315,10.0615,112.8623,0.9875,63.4525
W0696,696,72,main_etch,754.8604,10.0533,113.9241,0.9860,63.3931
W0696,696,73,main_etch,757.0089,10.0229,113.0168,0.9730,63.6290
W0696,696,74,main_etch,755.1801,9.9470,113.2942,0.9739,63.3122
W0696,696,75,overetch,731.4168,9.8828,116.2572,0.7519,64.0474
W0696,696,76,overetch,723.9421,9.8231,115.4644,0.7588,64.2488
W0696,696,77,overetch,726.3799,9.9120,116.9562,0.7557,64.0117
W0696,696,78,overetch,726.3246,9.8509,116.1371,0.7583,63.9409
W0696,696,79,overetch,719.4770,9.8765,116.2678,0.7796,63.9176
W0696,696,80,overetch,723.2485,9.8382,116.3052,0.7695,64.1631
W0696,696,81,overetch,727.9901,9.8570,116.8173,0.7621,63.7463
W0696,696,82,overetch,727.3725,9.8132,116.9556,0.7607,64.0033
W0696,696,83,overetch,725.5455,9.7975,116.5410,0.7521,64.0484
W0696,696,84,overetch,722.7854,9.8454,117.6078,0.7600,63.9960
W0696,696,85,overetch,727.4519,9.9147,117.2932,0.7533,64.0267
W0696,696,86,overetch,727.2832,9.9040,116.6861,0.7496,64.0730
W0696,696,87,overetch,726.2129,9.8525,117.8563,0.7409,63.9216
W0696,696,88,overetch,729.1063,9.8383,115.4217,0.7511,64.0763
W0696,696,89,overetch,720.8895,9.7865,116.9663,0.7414,64.0946
W0696,696,90,overetch,727.4552,9.8104,116.2560,0.7476,64.2552
W0696,696,91,overetch,721.1048,9.8008,117.0167,0.7514,64.2081
W0696,696,92,overetch,724.9984,9.7927,115.9132,0.7440,64.0812
W0696,696,93,overetch,726.0121,9.8452,116.6291,0.7499,64.1594
W0696,696,94,overetch,722.9269,9.8133,116.1678,0.7493,64.0769
W0696,696,95,overetch,731.3350,9.8598,117.5198,0.7365,63.8551
W0696,696,96,overetch,726.7977,9.8463,116.8086,0.7360,63.9741
W0696,696,97,overetch,720.7942,9.8486,117.2928,0.7408,64.0397
W0696,696,98,overetch,729.5629,9.8720,116.1812,0.7355,64.2145
W0696,696,99,overetch,722.8681,9.9071,116.7689,0.7355,64.0903
W0713,713,0,stabilize,662.6185,10.9339,122.4622,0.5852,66.7980
W0713,713,1,stabilize,657.2188,10.9615,122.8140,0.5875,67.1958
W0713,713,2,stabilize,659.4519,10.9142,123.1403,0.5940,67.1013
W0713,713,3,stabilize,661.9670,11.0635,121.4489,0.5968,67.0675
W0713,713,4,stabilize,665.0175,10.7988,122.3107,0.5841,66.9523
W0713,713,5,stabilize,662.6206,10.9554,122.7559,0.5671,67.2578
W0713,713,6,stabilize,664.2050,10.8933,122.6490,0.5673,66.9671
W0713,713,7,stabilize,659.9701,10.9155,124.6240,0.5666,66.7958
W0713,713,8,stabilize,667.4759,10.8439,124.0710,0.5646,67.2697
W0713,713,9,stabilize,666.2737,10.9486,122.4554,0.5726,66.9952
W0713,713,10,stabilize,662.3119,11.0331,121.9934,0.5609,67.0119
W0713,713,11,stabilize,666.3905,10.8815,123.4371,0.5644,66.9743
W0713,713,12,stabilize,665.1666,10.9409,122.0869,0.5575,67.2276
W0713,713,13,stabilize,666.5896,10.9147,121.8394,0.5550,66.8437
W0713,713,14,stabilize,662.5211,10.9341,124.6360,0.5525,67.0886
W0713,713,15,stabilize,664.0482,10.9186,123.3360,0.5547,67.0492
W0713,713,16,stabilize,666.1749,10.9221,124.0812,0.5626,66.8703
W0713,713,17,stabilize,664.3100,10.8929,121.7603,0.5306,67.3273
W0713,713,18,stabilize,658.5890,10.8863,124.3328,0.5151,66.9926
W0713,713,19,stabilize,665.6021,10.9330,122.8698,0.5157,66.6379
W0713,713,20,main_etch,734.8007,10.3953,122.9701,1.2313,67.6520
W0713,713,21,main_etch,740.3881,10.4137,122.2256,1.2023,67.5575
W0713,713,22,main_etch,737.9050,10.4788,123.6101,1.1712,67.6063
W0713,713,23,main_etch,736.1831,10.3701,123.2060,1.2032,67.2902
W0713,713,24,main_etch,736.9399,10.4543,122.7295,1.1838,67.6670
W0713,713,25,main_etch,740.4446,10.4131,124.0347,1.1740,67.4081
W0713,713,26,main_etch,737.1763,10.3555,122.9069,1.1452,67.7037
W0713,713,27,main_etch,740.4075,10.4026,123.7029,1.1572,67.4171
W0713,713,28,main_etch,737.7323,10.4502,123.1345,1.1627,67.7188
W0713,713,29,main_etch,741.4886,10.4302,124.5256,1.1548,67.7866
W0713,713,30,main_etch,738.9289,10.4404,123.5352,1.1416,67.4670
W0713,713,31,main_etch,735.3505,10.4369,123.1783,1.1321,67.5629
W0713,713,32,main_etch,737.2413,10.4523,122.3621,1.1212,67.4931
W0713,713,33,main_etch,741.2991,10.4364,122.4922,1.1012,67.5179
W0713,713,34,main_etch,741.2253,10.4564,123.3702,1.1120,67.5536
W0713,713,35,main_etch,738.3511,10.4693,122.7844,1.1082,67.4062
W0713,713,36,main_etch,737.5214,10.3618,123.6984,1.1002,67.7081
W0713,713,37,main_etch,737.2349,10.4113,123.3529,1.0995,67.7529
W0713,713,38,main_etch,739.9997,10.4449,123.6370,1.0975,67.9752
W0713,713,39,main_etch,736.3690,10.3956,122.3964,1.0804,67.5896
W0713,713,40,main_etch,738.1547,10.5445,122.2154,1.0863,67.7290
W0713,713,41,main_etch,736.9581,10.3594,122.3238,1.0692,67.7290
W0713,713,42,main_etch,739.8743,10.4658,123.3196,1.0614,67.6391
W0713,713,43,main_etch,737.7970,10.4715,121.7002,1.0594,67.4828
W0713,713,44,main_etch,740.8773,10.3662,123.2273,1.0399,67.5268
W0713,713,45,main_etch,740.9292,10.4930,122.3258,1.0298,67.5157
W0713,713,46,main_etch,737.6290,10.4874,123.6595,1.0148,67.5095
W0713,713,47,main_etch,735.4232,10.3496,122.7552,1.0284,68.0287
W0713,713,48,main_etch,741.2512,10.4660,121.1308,1.0174,67.7749
W0713,713,49,main_etch,738.1808,10.3495,122.8144,1.0124,68.1036
W0713,713,50,main_etch,740.1076,10.4067,122.3288,0.9987,67.3717
W0713,713,51,main_etch,736.1690,10.4939,123.0471,0.9868,67.6587
W0713,713,52,main_etch,742.6750,10.3615,122.4485,1.0038,67.8840
W0713,713,53,main_etch,736.6053,10.3575,123.7860,0.9714,67.5911
W0713,713,54,main_etch,739.5358,10.5076,121.9152,0.9792,67.6550
W0713,713,55,main_etch,739.2314,10.4098,122.7032,0.9725,67.7232
W0713,713,56,main_etch,740.6042,10.3631,123.2461,0.9495,68.0168
W0713,713,57,main_etch,738.2915,10.4903,123.0566,0.9718,67.6893
W0713,713,58,main_etch,733.2305,10.3776,121.0178,0.9362,67.8599
W0713,713,59,main_etch,736.6928,10.3365,123.4206,0.9312,67.7801
W0713,713,60,main_etch,734.7594,10.4055,122.8808,0.9322,68.0951
W0713,713,61,main_etch,734.5541,10.3417,123.3679,0.9247,67.5818
W0713,713,62,main_etch,739.7049,10.4614,124.0435,0.9069,67.8388
W0713,713,63,main_etch,739.1942,10.4198,123.9109,0.9215,67.9619
W0713,713,64,main_etch,737.8452,10.3359,123.5073,0.9093,67.5933
W0713,713,65,main_etch,743.2652,10.4021,122.8208,0.9069,67.7058
W0713,713,66,main_etch,736.5671,10.4626,120.7723,0.9000,67.7719
W0713,713,67,main_etch,740.0446,10.5229,123.4581,0.8969,67.9621
W0713,713,68,main_etch,740.8965,10.3864,121.8025,0.8729,67.9359
W0713,713,69,main_etch,732.7444,10.4714,121.5998,0.8654,67.7758
W0713,713,70,main_etch,734.6960,10.3636,122.3845,0.8815,67.8902
W0713,713,71,main_etch,735.9101,10.3706,121.9788,0.8704,67.9745
W0713,713,72,main_etch,738.5178,10.3691,122.9980,0.8556,67.9604
W0713,713,73,main_etch,735.5219,10.3553,123.7650,0.8381,67.6913
W0713,713,74,main_etch,737.3116,10.4624,121.5516,0.8526,67.9561
W0713,713,75,overetch,707.8578,10.2055,125.0529,0.7873,68.5754
W0713,713,76,overetch,704.7413,10.0980,125.9704,0.7793,68.4101
W0713,713,77,overetch,709.1543,10.2774,125.7216,0.7689,68.4764
W0713,713,78,overetch,706.5756,10.2285,123.9636,0.7560,68.4342
W0713,713,79,overetch,706.5418,10.1390,127.1563,0.7642,68.3303
W0713,713,80,overetch,706.7412,10.1445,125.5664,0.7726,68.3439
W0713,713,81,overetch,710.4090,10.2659,125.4544,0.7567,68.4299
W0713,713,82,overetch,703.9372,10.1530,125.1180,0.7561,68.3191
W0713,713,83,overetch,710.3381,10.2066,125.4046,0.7437,68.2408
W0713,713,84,overetch,706.5096,10.2672,126.2330,0.7552,68.5490
W0713,713,85,overetch,708.6791,10.1726,124.6281,0.7426,68.5679
W0713,713,86,overetch,706.5980,10.2685,126.3750,0.7428,68.3830
W0713,713,87,overetch,708.2579,10.1112,125.7732,0.7406,68.5076
W0713,713,88,overetch,705.0136,10.2039,125.6354,0.7153,67.9625
W0713,713,89,overetch,708.6669,10.1398,124.8604,0.7366,68.5143
W0713,713,90,overetch,707.0816,10.2490,125.6738,0.7198,68.2282
W0713,713,91,overetch,705.4798,10.2066,125.1180,0.7377,68.4533
W0713,713,92,overetch,712.8708,10.1248,126.0430,0.7352,68.1434
W0713,713,93,overetch,709.1675,10.2828,124.4738,0.7252,68.4420
W0713,713,94,overetch,709.1512,10.1149,124.9404,0.7251,68.0003
W0713,713,95,overetch,708.5216,10.1520,125.4013,0.7141,68.1680
W0713,713,96,overetch,702.9056,10.2402,124.8835,0.6936,68.2021
W0713,713,97,overetch,708.3826,10.1945,125.9786,0.7206,68.4196
W0713,713,98,overetch,706.6221,10.1385,127.2723,0.7108,68.2934
W0713,713,99,overetch,710.5375,10.1144,123.8874,0.7107,68.5049
W0737,737,0,stabilize,682.3756,9.7654,125.4901,0.6092,66.8923
W0737,737,1,stabilize,680.8521,9.7273,125.0102,0.6117,67.1602
W0737,737,2,stabilize,681.1574,9.7591,125.7057,0.6088,67.1622
W0737,737,3,stabilize,681.3681,9.7697,124.8669,0.6115,67.2074
W0737,737,4,stabilize,686.6154,9.7090,124.9482,0.5926,67.0536
W0737,737,5,stabilize,679.1768,9.7647,125.1314,0.6009,67.3126
W0737,737,6,stabilize,682.0721,9.6352,125.7800,0.5956,67.1312
W0737,737,7,stabilize,681.0988,9.7840,126.3113,0.6175,67.2028
W0737,737,8,stabilize,682.2191,9.7886,125.0226,0.5909,67.0366
W0737,737,9,stabilize,684.9708,9.7781,124.2122,0.6103,67.2468
W0737,737,10,stabilize,679.3827,9.7271,126.3670,0.6104,67.1743
W0737,737,11,stabilize,681.6269,9.7418,125.5716,0.6013,67.0719
W0737,737,12,stabilize,682.6859,9.7117,126.3027,0.5950,67.2005
W0737,737,13,stabilize,683.6772,9.7296,124.9291,0.5956,66.9116
W0737,737,14,stabilize,682.2487,9.7273,124.6495,0.6122,67.3375
W0737,737,15,stabilize,681.2169,9.8441,125.0764,0.5974,67.1362
W0737,737,16,stabilize,683.4376,9.6808,125.8856,0.5975,66.8985
W0737,737,17,stabilize,682.5593,9.7255,124.0547,0.5955,66.9422
W0737,737,18,stabilize,682.4367,9.7055,125.9328,0.6203,67.2882
W0737,737,19,stabilize,677.5113,9.6906,125.4718,0.6116,67.1235
W0737,737,20,main_etch,757.8882,9.3235,125.2232,1.0995,67.6052
W0737,737,21,main_etch,752.9141,9.3784,126.5087,1.0856,67.6563
W0737,737,22,main_etch,757.4860,9.2910,125.3147,1.0894,67.7593
W0737,737,23,main_etch,757.9118,9.2454,125.7025,1.0952,67.6639
W0737,737,24,main_etch,757.7436,9.3521,125.5846,1.0938,67.5863
W0737,737,25,main_etch,759.1233,9.2967,124.2740,1.0765,67.4335
W0737,737,26,main_etch,758.3220,9.2433,125.0753,1.1184,67.6721
W0737,737,27,main_etch,760.6489,9.2986,125.7535,1.0735,67.6948
W0737,737,28,main_etch,758.0967,9.2870,125.6703,1.1089,67.6639
W0737,737,29,main_etch,758.0971,9.2882,125.2262,1.0991,67.7813
W0737,737,30,main_etch,758.4458,9.2931,125.6199,1.0916,67.6907
W0737,737,31,main_etch,756.4203,9.2847,126.8513,1.0836,67.8996
W0737,737,32,main_etch,757.6204,9.2822,127.2535,1.0964,67.6555
W0737,737,33,main_etch,757.5456,9.1864,124.9425,1.0892,67.8303
W0737,737,34,main_etch,758.3662,9.2268,127.1801,1.0949,67.6096
W0737,737,35,main_etch,758.7490,9.2751,125.3404,1.1059,67.5556
W0737,737,36,main_etch,757.0139,9.3038,124.1248,1.0879,67.5985
W0737,737,37,main_etch,755.1377,9.3234,124.9257,1.0940,67.9664
W0737,737,38,main_etch,757.9277,9.3136,124.5297,1.0926,67.4637
W0737,737,39,main_etch,757.3623,9.2959,124.8898,1.0992,67.9137
W0737,737,40,main_etch,758.2123,9.2929,124.6323,1.0767,67.5801
W0737,737,41,main_etch,760.5242,9.2466,125.5795,1.1051,68.0919
W0737,737,42,main_etch,759.6966,9.2991,125.0509,1.0887,67.9673
W0737,737,43,main_etch,755.2221,9.2578,125.5840,1.0833,67.9498
W0737,737,44,main_etch,756.3849,9.2516,126.3503,1.0883,67.7757
W0737,737,45,main_etch,759.6285,9.3005,124.4514,1.0967,67.5332
W0737,737,46,main_etch,762.6179,9.2188,124.8747,1.0895,67.7874
W0737,737,47,main_etch,754.6862,9.2563,126.3623,1.0995,67.9393
W0737,737,48,main_etch,754.1289,9.2712,125.1096,1.0746,67.8269
W0737,737,49,main_etch,757.5422,9.3152,125.6606,1.0988,67.9158
W0737,737,50,main_etch,758.4538,9.2954,125.0540,1.0892,67.5319
W0737,737,51,main_etch,759.1618,9.3195,125.6657,1.0777,67.7664
W0737,737,52,main_etch,762.6438,9.2562,125.7171,1.0818,67.6682
W0737,737,53,main_etch,755.7019,9.3855,125.0860,1.0795,68.0627
W0737,737,54,main_etch,758.9483,9.2667,125.3533,1.0805,67.8175
W0737,737,55,main_etch,756.2180,9.2241,124.7948,1.0941,67.7437
W0737,737,56,main_etch,756.8946,9.3313,124.8121,1.1007,67.7337
W0737,737,57,main_etch,757.2128,9.2473,124.8599,1.0927,67.8793
W0737,737,58,main_etch,757.5774,9.3629,126.3235,1.0834,68.0729
W0737,737,59,main_etch,758.9393,9.3220,125.5889,1.0824,68.0747
W0737,737,60,main_etch,757.6976,9.2089,125.3764,1.0879,67.8697
W0737,737,61,main_etch,758.5855,9.2899,124.7973,1.0886,67.9654
W0737,737,62,main_etch,761.6000,9.2565,125.4929,1.0817,68.0497
W0737,737,63,main_etch,759.2701,9.2412,123.7376,1.0973,67.8226
W0737,737,64,main_etch,760.3417,9.2973,125.5156,1.0865,67.9042
W0737,737,65,main_etch,762.0287,9.4122,123.9021,1.0688,68.0651
W0737,737,66,main_etch,758.6006,9.3659,125.9936,1.0730,68.0465
W0737,737,67,main_etch,758.9058,9.2704,126.2570,1.0800,68.3169
W0737,737,68,main_etch,754.8476,9.2814,127.0549,1.0907,68.0134
W0737,737,69,main_etch,759.6186,9.2633,126.5120,1.0818,67.7808
W0737,737,70,main_etch,761.0484,9.2302,125.2234,1.0821,68.0473
W0737,737,71,main_etch,757.7221,9.2588,125.2415,1.0858,67.8765
W0737,737,72,main_etch,759.6206,9.2907,124.6804,1.0853,68.1737
W0737,737,73,main_etch,757.4465,9.2023,125.2060,1.0801,67.8006
W0737,737,74,main_etch,764.9529,9.3069,125.6767,1.0829,68.0725
W0737,737,75,overetch,729.9499,9.0992,128.4286,0.7909,68.1974
W0737,737,76,overetch,726.9284,9.1724,127.8582,0.8085,68.3367
W0737,737,77,overetch,726.7035,9.0542,128.0420,0.7775,68.4738
W0737,737,78,overetch,724.6951,9.0644,128.7599,0.8021,68.5144
W0737,737,79,overetch,725.2434,9.1600,128.0763,0.7808,68.6483
W0737,737,80,overetch,727.5407,9.0528,128.3146,0.7826,68.3801
W0737,737,81,overetch,725.6353,9.0541,127.9725,0.8012,68.5586
W0737,737,82,overetch,723.7400,9.0732,128.2385,0.7884,68.5999
W0737,737,83,overetch,733.6946,9.1408,128.5075,0.7750,68.2157
W0737,737,84,overetch,730.0360,9.0689,128.5190,0.7935,68.4349
W0737,737,85,overetch,722.9023,9.1122,128.2709,0.7679,68.3218
W0737,737,86,overetch,727.9069,9.0940,128.9679,0.7854,68.6464
W0737,737,87,overetch,729.3884,9.0718,128.1878,0.7679,68.4167
W0737,737,88,overetch,730.6929,9.0637,127.7335,0.7947,68.6368
W0737,737,89,overetch,721.1511,8.9965,127.7167,0.7870,68.4595
W0737,737,90,overetch,728.6255,9.0099,130.6100,0.7811,68.6860
W0737,737,91,overetch,727.6462,9.0148,127.8034,0.7963,68.7467
W0737,737,92,overetch,729.8698,9.0911,128.5611,0.7969,68.8270
W0737,737,93,overetch,731.1057,9.0557,127.0571,0.7529,68.7569
W0737,737,94,overetch,723.1815,9.1035,127.6363,0.7717,68.4741
W0737,737,95,overetch,730.9415,9.0568,127.3005,0.7894,68.2515
W0737,737,96,overetch,729.0502,9.1596,128.1606,0.7957,68.6773
W0737,737,97,overetch,727.1219,9.0753,128.2781,0.7844,68.3441
W0737,737,98,overetch,723.6993,9.1506,129.1843,0.7847,68.3690
W0737,737,99,overetch,728.1405,9.1309,127.9298,0.7707,68.2604
W0758,758,0,stabilize,689.9513,10.5151,119.5959,0.5606,64.6577
W0758,758,1,stabilize,695.3672,10.5682,121.5107,0.5780,64.6019
W0758,758,2,stabilize,693.6771,10.5435,119.7479,0.5646,64.8411
W0758,758,3,stabilize,696.2261,10.5499,121.2212,0.5664,64.6452
W0758,758,4,stabilize,694.8604,10.4874,119.0959,0.5667,64.7949
W0758,758,5,stabilize,695.8003,10.5655,121.4538,0.5978,64.4299
W0758,758,6,stabilize,688.2558,10.5574,121.7656,0.5889,64.7333
W0758,758,7,stabilize,698.3435,10.4954,119.3616,0.5735,64.9221
W0758,758,8,stabilize,688.6186,10.4992,119.8399,0.5805,64.7127
W0758,758,9,stabilize,688.9111,10.5401,121.2204,0.5787,64.9237
W0758,758,10,stabilize,689.4445,10.5082,122.4533,0.5886,64.9525
W0758,758,11,stabilize,693.2046,10.5704,119.9567,0.5937,64.9376
W0758,758,12,stabilize,694.4967,10.4277,120.4006,0.5916,64.7076
W0758,758,13,stabilize,688.3020,10.5708,122.4181,0.5822,64.5618
W0758,758,14,stabilize,694.2651,10.5288,119.2699,0.5844,64.6123
W0758,758,15,stabilize,692.1492,10.5763,121.3777,0.5954,64.7150
W0758,758,16,stabilize,690.9593,10.6171,119.9398,0.5873,64.9480
W0758,758,17,stabilize,695.9153,10.5104,120.6232,0.5890,64.7536
W0758,758,18,stabilize,692.1544,10.4838,119.1829,0.5882,64.8260
W0758,758,19,stabilize,689.3367,10.5120,121.0020,0.6001,64.9231
W0758,758,20,main_etch,771.1758,9.9881,119.9739,0.9984,65.0933
W0758,758,21,main_etch,770.2861,10.0686,120.5435,1.0011,65.1313
W0758,758,22,main_etch,768.9564,10.0575,120.2751,1.0114,65.1982
W0758,758,23,main_etch,765.1001,9.9906,117.8155,0.9915,64.8609
W0758,758,24,main_etch,770.0236,9.9223,120.5724,1.0271,65.3602
W0758,758,25,main_etch,769.6445,9.9844,120.7454,0.9900,65.1592
W0758,758,26,main_etch,772.6352,9.9279,120.8709,1.0089,65.2012
W0758,758,27,main_etch,772.1450,10.0163,121.6120,0.9974,65.3617
W0758,758,28,main_etch,769.7402,10.0664,121.5987,1.0235,65.0478
W0758,758,29,main_etch,770.2273,10.0486,120.5972,0.9987,65.1838
W0758,758,30,main_etch,766.5143,9.9889,120.4276,1.0223,65.3386
W0758,758,31,main_etch,768.6272,10.0664,121.2599,1.0227,65.2548
W0758,758,32,main_etch,772.2926,10.0061,120.2268,1.0339,65.4945
W0758,758,33,main_etch,768.0599,9.9737,121.5438,1.0291,65.3948
W0758,758,34,main_etch,771.7507,10.0735,119.7662,1.0085,65.1543
W0758,758,35,main_etch,770.7659,9.9676,120.1802,1.0183,65.1378
W0758,758,36,main_etch,768.4802,9.9678,119.0251,1.0161,65.2620
W0758,758,37,main_etch,768.6519,9.9475,120.3355,1.0331,65.5522
W0758,758,38,main_etch,766.7697,10.0532,121.4753,1.0443,65.1632
W0758,758,39,main_etch,773.7023,10.0372,121.2643,1.0660,65.1606
W0758,758,40,main_etch,768.6567,10.0163,120.1760,1.0538,65.1313
W0758,758,41,main_etch,774.8711,10.0187,120.8834,1.0327,65.4670
W0758,758,42,main_etch,764.3090,9.9158,121.5581,1.0545,65.3426
W0758,758,43,main_etch,770.8299,10.0133,120.4733,1.0637,65.6133
W0758,758,44,main_etch,770.6641,9.9719,119.9535,1.0559,65.7236
W0758,758,45,main_etch,771.6718,10.0651,119.9180,1.0699,65.2215
W0758,758,46,main_etch,770.4382,10.0408,119.0020,1.0566,65.3616
W0758,758,47,main_etch,769.2811,10.0474,120.5409,1.0686,65.3844
W0758,758,48,main_etch,769.2540,10.0210,120.6093,1.0719,65.2289
W0758,758,49,main_etch,770.0849,10.0865,120.0160,1.0498,65.2955
W0758,758,50,main_etch,770.2595,10.0038,119.9608,1.0794,65.4293
W0758,758,51,main_etch,771.2040,10.0197,120.3626,1.0729,65.2228
W0758,758,52,main_etch,773.5042,9.9957,120.2456,1.0883,65.6296
W0758,758,53,main_etch,766.9472,9.9250,120.3263,1.0760,65.4694
W0758,758,54,main_etch,772.1454,10.0611,119.9111,1.0732,65.4179
W0758,758,55,main_etch,769.5231,9.9733,120.1533,1.0927,65.2035
W0758,758,56,main_etch,772.6638,10.0232,120.8216,1.0948,65.5453
W0758,758,57,main_etch,773.9523,10.0210,122.0725,1.0710,65.2089
W0758,758,58,main_etch,770.2023,9.9228,121.2510,1.0817,65.0219
W0758,758,59,main_etch,768.4049,10.0065,119.6688,1.0851,65.5535
W0758,758,60,main_etch,772.3991,9.9528,120.4487,1.1007,65.4050
W0758,758,61,main_etch,768.9677,10.0868,119.6520,1.1081,65.6993
W0758,758,62,main_etch,772.7961,9.9470,121.5225,1.1210,65.3935
W0758,758,63,main_etch,770.8622,9.9421,121.3889,1.1127,65.3747
W0758,758,64,main_etch,768.7711,10.0012,119.4786,1.1061,65.5919
W0758,758,65,main_etch,770.8635,10.0157,119.4038,1.1139,65.3925
W0758,758,66,main_etch,769.8680,10.1077,120.5065,1.1167,65.7072
W0758,758,67,main_etch,769.7785,9.9662,119.8773,1.1056,65.7393
W0758,758,68,main_etch,769.6363,10.0434,119.9740,1.1276,65.4427
W0758,758,69,main_etch,771.2892,10.0536,120.4967,1.1303,65.5008
W0758,758,70,main_etch,764.9976,10.0044,119.8589,1.1288,65.6460
W0758,758,71,main_etch,770.6718,10.0779,120.5106,1.1449,65.5155
W0758,758,72,main_etch,770.5211,9.9676,121.5980,1.1274,65.6627
W0758,758,73,main_etch,772.4341,10.0123,121.0954,1.1189,65.4646
W0758,758,74,main_etch,769.8778,9.9913,120.3589,1.1382,65.4554
W0758,758,75,overetch,744.7321,9.7725,123.5425,0.7488,65.7404
W0758,758,76,overetch,741.0475,9.9157,122.8792,0.7539,66.0156
W0758,758,77,overetch,734.8671,9.7794,123.1122,0.7584,66.0778
W0758,758,78,overetch,742.2934,9.7918,123.2529,0.7472,66.2150
W0758,758,79,overetch,741.3777,9.8017,123.1264,0.7376,65.9984
W0758,758,80,overetch,736.5460,9.7453,124.2203,0.7460,66.1260
W0758,758,81,overetch,736.9106,9.8067,122.8173,0.7577,65.9949
W0758,758,82,overetch,740.9523,9.7415,123.0540,0.7450,66.3680
W0758,758,83,overetch,738.6706,9.7948,124.8403,0.7620,65.9263
W0758,758,84,overetch,745.4722,9.7934,123.5844,0.7675,65.6768
W0758,758,85,overetch,740.9457,9.8385,122.0128,0.7650,66.2148
W0758,758,86,overetch,739.3305,9.7956,122.7048,0.7751,65.9499
W0758,758,87,overetch,739.4447,9.8019,122.7761,0.7757,65.9728
W0758,758,88,overetch,742.5696,9.8889,123.8663,0.7642,66.0103
W0758,758,89,overetch,740.0926,9.7486,122.0751,0.7491,65.9069
W0758,758,90,overetch,736.5207,9.8767,124.9055,0.7625,66.0864
W0758,758,91,overetch,737.7020,9.7861,122.6330,0.7958,65.9137
W0758,758,92,overetch,737.0879,9.7317,122.0336,0.7768,66.0735
W0758,758,93,overetch,740.8861,9.7647,123.0857,0.7906,65.9766
W0758,758,94,overetch,736.9003,9.7923,122.8171,0.7699,65.7980
W0758,758,95,overetch,739.1214,9.7569,122.3359,0.7762,66.1037
W0758,758,96,overetch,738.8499,9.8623,124.2618,0.7903,66.0898
W0758,758,97,overetch,738.3265,9.8408,122.6379,0.7820,66.2974
W0758,758,98,overetch,739.8172,9.7629,122.8434,0.7772,66.1272
W0758,758,99,overetch,738.5403,9.7838,123.3107,0.7802,65.9574
W0819,819,0,stabilize,666.0713,11.1188,120.6253,0.5747,64.0577
W0819,819,1,stabilize,660.9301,11.1071,122.7265,0.5645,63.9619
W0819,819,2,stabilize,662.0108,11.1568,122.5556,0.5767,64.1773
W0819,819,3,stabilize,664.2322,11.0440,120.0089,0.5705,64.2395
W0819,819,4,stabilize,661.1598,11.1090,120.5677,0.5834,64.2028
W0819,819,5,stabilize,664.5108,11.0434,120.9649,0.5806,64.1967
W0819,819,6,stabilize,666.5726,11.0605,122.4448,0.5801,64.2043
W0819,819,7,stabilize,666.5335,11.0432,121.4601,0.5771,63.8389
W0819,819,8,stabilize,665.0741,11.1382,122.4950,0.5660,63.7641
W0819,819,9,stabilize,667.1466,11.0682,120.3398,0.5930,64.2278
W0819,819,10,stabilize,660.9841,10.9676,122.5162,0.5817,63.9309
W0819,819,11,stabilize,666.4717,11.1151,121.1933,0.5870,64.1472
W0819,819,12,stabilize,666.2580,11.0200,120.3951,0.6085,64.2226
W0819,819,13,stabilize,663.9991,11.0988,120.7763,0.5763,64.1204
W0819,819,14,stabilize,666.9167,11.0940,120.4338,0.5804,64.2973
W0819,819,15,stabilize,667.3567,11.0432,121.9340,0.5588,64.3421
W0819,819,16,stabilize,664.6358,11.0370,121.0069,0.5706,64.2237
W0819,819,17,stabilize,661.9360,11.1464,121.1966,0.5965,63.9289
W0819,819,18,stabilize,665.3770,11.0606,119.7167,0.5703,63.8375
W0819,819,19,stabilize,665.9163,11.0531,122.0760,0.5896,64.1943
W0819,819,20,main_etch,739.2779,10.5529,121.3101,1.0697,64.5890
W0819,819,21,main_etch,735.4770,10.5082,121.4751,1.0743,64.8749
W0819,819,22,main_etch,739.4684,10.5537,122.2230,1.0483,64.6969
W0819,819,23,main_etch,740.1888,10.4236,121.5378,1.0605,64.5319
W0819,819,24,main_etch,740.3746,10.4217,120.8046,1.0530,64.7215
W0819,819,25,main_etch,740.3532,10.5475,121.2240,1.0580,64.5737
W0819,819,26,main_etch,737.5109,10.5051,120.9389,1.0671,64.6488
W0819,819,27,main_etch,742.9046,10.5922,120.4324,1.0613,64.5971
W0819,819,28,main_etch,737.5667,10.5514,120.7705,1.0557,64.7140
W0819,819,29,main_etch,739.6916,10.5560,118.7658,1.0531,64.3417
W0819,819,30,main_etch,739.5822,10.5992,120.1275,1.0545,64.6645
W0819,819,31,main_etch,740.1417,10.5891,119.3712,1.0599,64.5517
W0819,819,32,main_etch,741.3471,10.5460,121.7443,1.0654,64.8093
W0819,819,33,main_etch,736.9845,10.5597,121.3327,1.0422,64.8037
W0819,819,34,main_etch,737.1663,10.5417,119.7551,1.0417,64.7287
W0819,819,35,main_etch,739.7123,10.5243,121.7943,1.0606,64.6977
W0819,819,36,main_etch,744.4743,10.5257,121.4608,1.0350,64.7265
W0819,819,37,main_etch,738.4202,10.4958,120.3655,1.0653,64.7778
W0819,819,38,main_etch,741.7503,10.3997,121.2952,1.0511,64.4944
W0819,819,39,main_etch,740.7961,10.5532,121.1664,1.0620,64.7566
W0819,819,40,main_etch,738.7990,10.5126,120.4850,1.0730,64.6660
W0819,819,41,main_etch,740.8136,10.4483,120.4779,1.0618,64.7120
W0819,819,42,main_etch,739.1868,10.5170,121.3171,1.0631,64.7386
W0819,819,43,main_etch,742.2322,10.5513,119.5572,1.0542,64.7492
W0819,819,44,main_etch,740.5997,10.4644,121.7151,1.0696,64.8607
W0819,819,45,main_etch,737.2039,10.5402,121.3205,1.0576,64.4108
W0819,819,46,main_etch,738.8248,10.5026,121.6553,1.0602,64.9464
W0819,819,47,main_etch,741.6944,10.5453,119.8655,1.0572,64.8430
W0819,819,48,main_etch,743.2732,10.5001,120.7481,1.0534,64.6141
W0819,819,49,main_etch,737.8871,10.5831,120.3514,1.0538,64.9314
W0819,819,50,main_etch,741.1789,10.4870,120.5951,1.0490,64.9017
W0819,819,51,main_etch,737.9687,10.5605,119.7715,1.0594,64.7034
W0819,819,52,main_etch,743.2384,10.5355,119.9934,1.0585,64.8625
W0819,819,53,main_etch,739.1619,10.5459,120.4410,1.0771,64.7568
W0819,819,54,main_etch,734.5609,10.5165,119.9712,1.0547,64.6853
W0819,819,55,main_etch,738.6359,10.4610,120.0161,1.0590,64.8528
W0819,819,56,main_etch,739.8302,10.5787,121.1729,1.0606,64.9014
W0819,819,57,main_etch,740.9207,10.5241,121.7654,1.0677,64.9099
W0819,819,58,main_etch,734.8971,10.5280,120.6935,1.0683,64.9196
W0819,819,59,main_etch,738.7286,10.5152,121.6071,1.0615,64.8556
W0819,819,60,main_etch,738.3799,10.5801,122.5275,1.0540,64.8532
W0819,819,61,main_etch,733.9252,10.6294,121.6378,1.0572,64.7499
W0819,819,62,main_etch,739.9657,10.5190,121.0933,1.0357,64.7778
W0819,819,63,main_etch,733.3127,10.5696,122.1026,1.0598,64.8164
W0819,819,64,main_etch,742.1667,10.5206,121.2694,1.0601,65.0303
W0819,819,65,main_etch,742.5253,10.5314,121.1378,1.0591,65.2789
W0819,819,66,main_etch,740.7596,10.5030,120.3444,1.0597,64.8305
W0819,819,67,main_etch,741.1823,10.4538,120.5978,1.0399,64.8375
W0819,819,68,main_etch,741.5289,10.5129,119.9550,1.0700,65.0629
W0819,819,69,main_etch,739.7057,10.4977,121.4072,1.0608,64.8691
W0819,819,70,main_etch,743.2394,10.4896,119.2119,1.0625,64.9917
W0819,819,71,main_etch,737.0535,10.4786,121.2669,1.0453,64.9472
W0819,819,72,main_etch,744.4409,10.4184,120.7274,1.0506,64.8856
W0819,819,73,main_etch,737.6475,10.4651,120.8205,1.0583,65.3709
W0819,819,74,main_etch,741.1755,10.5080,120.5502,1.0494,64.9200
W0819,819,75,overetch,705.7415,10.3553,122.9776,0.7711,65.2772
W0819,819,76,overetch,706.2616,10.3224,123.7723,0.7712,65.3178
W0819,819,77,overetch,708.0975,10.3360,124.2748,0.7654,65.2002
W0819,819,78,overetch,712.2816,10.4365,123.9718,0.7539,65.5731
W0819,819,79,overetch,713.7199,10.3192,123.2500,0.7607,65.5323
W0819,819,80,overetch,709.8444,10.2805,123.1489,0.7618,65.5237
W0819,819,81,overetch,710.7149,10.2403,124.3184,0.7657,65.3373
W0819,819,82,overetch,712.4930,10.3228,124.7565,0.7733,65.6259
W0819,819,83,overetch,710.6176,10.3191,122.4693,0.7652,65.3445
W0819,819,84,overetch,709.2684,10.4202,123.4404,0.7529,65.3891
W0819,819,85,overetch,709.2152,10.3047,123.4711,0.7684,65.4380
W0819,819,86,overetch,705.2006,10.3785,123.2290,0.7749,65.4500
W0819,819,87,overetch,712.2459,10.2655,122.9808,0.7551,65.7402
W0819,819,88,overetch,714.5471,10.3561,123.2595,0.7665,65.5813
W0819,819,89,overetch,710.3373,10.2872,122.0641,0.7624,65.2442
W0819,819,90,overetch,707.8484,10.3918,123.3458,0.7707,65.5342
W0819,819,91,overetch,707.5616,10.3370,123.3910,0.7530,65.5828
W0819,819,92,overetch,710.9981,10.3104,123.8517,0.7496,65.6167
W0819,819,93,overetch,708.9802,10.3875,122.3546,0.7543,65.4539
W0819,819,94,overetch,706.7381,10.2816,123.4046,0.7502,65.4507
W0819,819,95,overetch,709.2153,10.4098,123.2136,0.7608,65.3026
W0819,819,96,overetch,708.8238,10.3229,121.1956,0.7799,65.5191
W0819,819,97,overetch,710.5039,10.3014,123.8823,0.7709,65.2026
W0819,819,98,overetch,712.6893,10.2535,123.3555,0.7677,65.7235
W0819,819,99,overetch,708.2531,10.3374,122.5869,0.7731,65.6520
W0826,826,0,stabilize,672.4226,11.3233,121.0014,0.5871,64.0577
W0826,826,1,stabilize,662.7991,11.3144,121.6759,0.5840,63.9619
W0826,826,2,stabilize,665.3859,11.3072,120.9766,0.5886,64.1773
W0826,826,3,stabilize,666.9229,11.3387,121.2308,0.5819,64.2395
W0826,826,4,stabilize,663.9178,11.2214,121.0069,0.5794,64.2028
W0826,826,5,stabilize,666.6052,11.3474,120.6054,0.5704,64.1967
W0826,826,6,stabilize,669.4916,11.2469,120.9626,0.5714,64.2043
W0826,826,7,stabilize,669.6109,11.3137,120.7114,0.5720,63.8389
W0826,826,8,stabilize,666.8991,11.2440,122.8182,0.5708,63.7641
W0826,826,9,stabilize,666.7315,11.2526,121.3269,0.5871,64.2278
W0826,826,10,stabilize,669.5892,11.3574,121.7558,0.5672,63.9309
W0826,826,11,stabilize,664.3735,11.3627,123.3507,0.5653,64.1472
W0826,826,12,stabilize,668.3386,11.3031,121.2987,0.5725,64.2226
W0826,826,13,stabilize,669.6969,11.3526,122.1421,0.5682,64.1204
W0826,826,14,stabilize,663.6855,11.3333,121.8078,0.5775,64.2973
W0826,826,15,stabilize,668.8481,11.3173,122.0009,0.5523,64.3421
W0826,826,16,stabilize,666.1478,11.3042,120.7229,0.5648,64.2237
W0826,826,17,stabilize,663.9338,11.2968,121.9426,0.5525,63.9289
W0826,826,18,stabilize,666.4350,11.3401,120.4677,0.5640,63.8375
W0826,826,19,stabilize,668.7101,11.3560,120.4504,0.5601,64.1943
W0826,826,20,main_etch,741.8456,10.8308,121.1558,1.0599,64.5890
W0826,826,21,main_etch,739.9031,10.7242,119.8815,1.0721,64.8749
W0826,826,22,main_etch,740.6764,10.6835,121.0807,1.0809,64.6969
W0826,826,23,main_etch,738.3953,10.7654,121.9461,1.0797,64.5319
W0826,826,24,main_etch,742.2851,10.8348,121.6390,1.0789,64.7215
W0826,826,25,main_etch,738.9252,10.7561,120.0365,1.0635,64.5737
W0826,826,26,main_etch,742.1241,10.8038,122.3641,1.0733,64.6488
W0826,826,27,main_etch,740.4613,10.8137,121.2949,1.0793,64.5971
W0826,826,28,main_etch,741.9027,10.7140,121.6962,1.0515,64.7140
W0826,826,29,main_etch,739.4002,10.8385,121.1135,1.0621,64.3417
W0826,826,30,main_etch,740.7206,10.8485,122.4400,1.0561,64.6645
W0826,826,31,main_etch,742.0719,10.7493,121.5888,1.0812,64.5517
W0826,826,32,main_etch,737.7367,10.6595,120.8957,1.0641,64.8093
W0826,826,33,main_etch,741.9275,10.7958,121.6916,1.0505,64.8037
W0826,826,34,main_etch,741.5717,10.8120,120.9772,1.0485,64.7287
W0826,826,35,main_etch,746.4111,10.7527,120.2256,1.0482,64.6977
W0826,826,36,main_etch,743.2833,10.8139,121.2237,1.0501,64.7265
W0826,826,37,main_etch,738.6890,10.8303,120.1333,1.0647,64.7778
W0826,826,38,main_etch,741.7541,10.7005,121.6636,1.0578,64.4944
W0826,826,39,main_etch,741.0247,10.7066,121.3870,1.0544,64.7566
W0826,826,40,main_etch,744.2762,10.7115,121.8083,1.0230,64.6660
W0826,826,41,main_etch,740.1632,10.7405,122.0969,1.0510,64.7120
W0826,826,42,main_etch,736.4680,10.7665,120.9317,1.0590,64.7386
W0826,826,43,main_etch,745.1137,10.7465,122.4719,1.0515,64.7492
W0826,826,44,main_etch,745.7420,10.7941,120.6236,1.0350,64.8607
W0826,826,45,main_etch,743.0076,10.7577,120.8055,1.0458,64.4108
W0826,826,46,main_etch,740.1271,10.8122,122.7848,1.0291,64.9464
W0826,826,47,main_etch,742.4182,10.8470,121.0919,1.0238,64.8430
W0826,826,48,main_etch,740.5392,10.7529,121.0138,1.0328,64.6141
W0826,826,49,main_etch,740.9810,10.7399,122.6372,1.0462,64.9314
W0826,826,50,main_etch,742.3266,10.6678,121.5880,1.0337,64.9017
W0826,826,51,main_etch,743.1345,10.8574,122.5766,1.0282,64.7034
W0826,826,52,main_etch,743.0227,10.8513,120.9779,1.0154,64.8625
W0826,826,53,main_etch,735.1581,10.7734,120.7797,1.0119,64.7568
W0826,826,54,main_etch,743.0077,10.7834,121.6148,1.0269,64.6853
W0826,826,55,main_etch,743.0651,10.8269,121.3474,1.0013,64.8528
W0826,826,56,main_etch,740.3148,10.7995,122.0749,1.0218,64.9014
W0826,826,57,main_etch,742.6175,10.7853,121.4767,1.0315,64.9099
W0826,826,58,main_etch,743.5100,10.7299,120.5082,1.0310,64.9196
W0826,826,59,main_etch,737.5674,10.7445,121.1766,1.0406,64.8556
W0826,826,60,main_etch,742.8617,10.7894,121.7184,1.0270,64.8532
W0826,826,61,main_etch,740.2681,10.7824,120.4555,1.0010,64.7499
W0826,826,62,main_etch,738.6712,10.7766,121.5000,1.0005,64.7778
W0826,826,63,main_etch,742.9396,10.7836,120.9186,0.9984,64.8164
W0826,826,64,main_etch,741.0501,10.8007,121.7370,1.0170,65.0303
W0826,826,65,main_etch,739.2122,10.7245,121.5323,1.0030,65.2789
W0826,826,66,main_etch,740.9635,10.7851,121.5042,1.0020,64.8305
W0826,826,67,main_etch,737.6647,10.8145,120.6403,1.0038,64.8375
W0826,826,68,main_etch,739.8385,10.7615,119.6933,1.0108,65.0629
W0826,826,69,main_etch,740.9071,10.7034,121.4731,0.9883,64.8691
W0826,826,70,main_etch,737.4424,10.7769,121.7131,0.9909,64.9917
W0826,826,71,main_etch,737.5480,10.7500,120.7008,1.0085,64.9472
W0826,826,72,main_etch,743.5398,10.8278,120.5306,0.9885,64.8856
W0826,826,73,main_etch,737.5401,10.8378,120.8399,0.9750,65.3709
W0826,826,74,main_etch,737.7263,10.7240,120.9155,0.9915,64.9200
W0826,826,75,overetch,708.2974,10.5531,123.3088,0.7673,65.2772
W0826,826,76,overetch,710.2097,10.5625,123.1304,0.7607,65.3178
W0826,826,77,overetch,710.0973,10.5478,124.8566,0.7378,65.2002
W0826,826,78,overetch,711.1302,10.5354,124.0252,0.7482,65.5731
W0826,826,79,overetch,711.6601,10.5963,123.9370,0.7511,65.5323
W0826,826,80,overetch,712.6702,10.5532,122.5747,0.7454,65.5237
W0826,826,81,overetch,707.9196,10.5212,122.7099,0.7668,65.3373
W0826,826,82,overetch,709.9982,10.5678,123.3170,0.7385,65.6259
W0826,826,83,overetch,709.9944,10.5508,124.8229,0.7585,65.3445
W0826,826,84,overetch,709.6689,10.5497,125.2667,0.7612,65.3891
W0826,826,85,overetch,710.9789,10.6047,123.4583,0.7309,65.4380
W0826,826,86,overetch,714.6642,10.4721,123.8033,0.7639,65.4500
W0826,826,87,overetch,714.9628,10.5173,124.2884,0.7538,65.7402
W0826,826,88,overetch,714.2746,10.6176,122.9606,0.7316,65.5813
W0826,826,89,overetch,709.3686,10.5834,124.5260,0.7475,65.2442
W0826,826,90,overetch,711.3004,10.5626,123.7642,0.7469,65.5342
W0826,826,91,overetch,713.7087,10.5724,124.3315,0.7614,65.5828
W0826,826,92,overetch,710.0885,10.5776,124.2829,0.7551,65.6167
W0826,826,93,overetch,710.4948,10.5932,122.9715,0.7353,65.4539
W0826,826,94,overetch,712.2260,10.6042,124.0320,0.7390,65.4507
W0826,826,95,overetch,714.8163,10.5956,123.1836,0.7273,65.3026
W0826,826,96,overetch,709.9218,10.5228,124.3898,0.7398,65.5191
W0826,826,97,overetch,708.9798,10.5567,124.7442,0.7387,65.2026
W0826,826,98,overetch,712.5799,10.6898,124.3559,0.7505,65.7235
W0826,826,99,overetch,715.8710,10.5545,123.9664,0.7411,65.6520
W0886,886,0,stabilize,679.9540,10.6359,116.6082,0.6006,64.0577
W0886,886,1,stabilize,685.7629,10.6122,116.2550,0.5939,63.9619
W0886,886,2,stabilize,679.2551,10.5494,117.1241,0.6105,64.1773
W0886,886,3,stabilize,684.9871,10.5910,116.9607,0.6113,64.2395
W0886,886,4,stabilize,677.7216,10.7132,116.8640,0.5974,64.2028
W0886,886,5,stabilize,683.2406,10.6539,116.8972,0.5883,64.1967
W0886,886,6,stabilize,679.2406,10.6299,117.7860,0.6044,64.2043
W0886,886,7,stabilize,683.7297,10.5536,118.1734,0.6058,63.8389
W0886,886,8,stabilize,683.3805,10.6513,118.4406,0.5982,63.7641
W0886,886,9,stabilize,678.0353,10.5793,116.7855,0.5960,64.2278
W0886,886,10,stabilize,683.1625,10.7148,117.6378,0.6006,63.9309
W0886,886,11,stabilize,679.9304,10.5570,117.8108,0.5907,64.1472
W0886,886,12,stabilize,682.5336,10.6247,116.7141,0.5755,64.2226
W0886,886,13,stabilize,683.9213,10.5848,117.6827,0.6064,64.1204
W0886,886,14,stabilize,678.9737,10.6745,116.9196,0.5973,64.2973
W0886,886,15,stabilize,678.9728,10.5308,117.2423,0.5844,64.3421
W0886,886,16,stabilize,676.7696,10.6304,117.7810,0.5787,64.2237
W0886,886,17,stabilize,682.1149,10.5926,118.7446,0.5972,63.9289
W0886,886,18,stabilize,680.2049,10.5678,116.9844,0.5868,63.8375
W0886,886,19,stabilize,679.1773,10.5937,116.6656,0.5649,64.1943
W0886,886,20,main_etch,760.2151,10.0680,117.6416,1.1355,64.5890
W0886,886,21,main_etch,759.9298,10.0932,117.2719,1.1425,64.8749
W0886,886,22,main_etch,757.5051,10.1524,116.5588,1.1278,64.6969
W0886,886,23,main_etch,760.5040,10.1565,115.8308,1.1185,64.5319
W0886,886,24,main_etch,752.6967,10.1298,115.5788,1.1206,64.7215
W0886,886,25,main_etch,755.4172,10.0981,118.2154,1.1418,64.5737
W0886,886,26,main_etch,752.3341,10.1140,116.2637,1.1118,64.6488
W0886,886,27,main_etch,756.3085,10.1351,117.8936,1.1408,64.5971
W0886,886,28,main_etch,753.7364,10.1298,117.1164,1.1098,64.7140
W0886,886,29,main_etch,756.4127,10.1198,115.7900,1.1235,64.3417
W0886,886,30,main_etch,757.0926,10.2042,117.7147,1.0959,64.6645
W0886,886,31,main_etch,758.1324,10.0224,116.4105,1.0906,64.5517
W0886,886,32,main_etch,757.7633,10.1228,118.4702,1.1099,64.8093
W0886,886,33,main_etch,754.3871,10.1710,116.3393,1.1148,64.8037
W0886,886,34,main_etch,753.0322,10.1844,116.9065,1.1290,64.7287
W0886,886,35,main_etch,755.8545,10.1359,118.7939,1.0973,64.6977
W0886,886,36,main_etch,760.8390,10.0709,117.4654,1.0922,64.7265
W0886,886,37,main_etch,750.4457,10.1526,117.0812,1.0873,64.7778
W0886,886,38,main_etch,757.6816,10.1723,118.4720,1.1057,64.4944
W0886,886,39,main_etch,753.5268,10.0461,116.3127,1.1010,64.7566
W0886,886,40,main_etch,757.9019,10.0958,117.0528,1.0861,64.6660
W0886,886,41,main_etch,752.6887,10.1643,117.0640,1.0956,64.7120
W0886,886,42,main_etch,757.4148,10.1302,116.4128,1.0853,64.7386
W0886,886,43,main_etch,756.5712,10.0717,116.8611,1.0583,64.7492
W0886,886,44,main_etch,758.6510,10.1206,118.3812,1.0860,64.8607
W0886,886,45,main_etch,756.2869,10.1444,116.1005,1.0770,64.4108
W0886,886,46,main_etch,756.6695,10.1121,117.7685,1.0738,64.9464
W0886,886,47,main_etch,755.1730,10.1557,117.2884,1.0651,64.8430
W0886,886,48,main_etch,754.1748,10.1578,116.9062,1.0621,64.6141
W0886,886,49,main_etch,755.2867,10.1808,117.9907,1.0688,64.9314
W0886,886,50,main_etch,755.2523,10.1961,116.5003,1.0703,64.9017
W0886,886,51,main_etch,755.7301,10.1281,116.6251,1.0752,64.7034
W0886,886,52,main_etch,758.0653,10.0635,118.2489,1.0538,64.8625
W0886,886,53,main_etch,758.9508,10.0790,116.3444,1.0740,64.7568
W0886,886,54,main_etch,755.0607,10.1335,115.9711,1.0617,64.6853
W0886,886,55,main_etch,757.0272,10.1849,115.3243,1.0793,64.8528
W0886,886,56,main_etch,759.5438,10.2059,116.5249,1.0529,64.9014
W0886,886,57,main_etch,753.9612,10.1138,116.9731,1.0666,64.9099
W0886,886,58,main_etch,757.5549,10.1218,116.4622,1.0595,64.9196
W0886,886,59,main_etch,755.0681,10.0309,116.0112,1.0339,64.8556
W0886,886,60,main_etch,756.5752,10.1457,115.8648,1.0403,64.8532
W0886,886,61,main_etch,757.6926,10.1057,117.9202,1.0521,64.7499
W0886,886,62,main_etch,757.4883,10.1412,116.9918,1.0365,64.7778
W0886,886,63,main_etch,756.3638,10.1612,115.9730,1.0484,64.8164
W0886,886,64,main_etch,753.8125,10.1561,116.8841,1.0424,65.0303
W0886,886,65,main_etch,758.0383,10.1360,117.8474,1.0446,65.2789
W0886,886,66,main_etch,754.6665,10.1094,117.1075,1.0380,64.8305
W0886,886,67,main_etch,758.7108,10.1813,117.7268,1.0241,64.8375
W0886,886,68,main_etch,756.3865,10.0997,117.2630,1.0209,65.0629
W0886,886,69,main_etch,755.4699,10.1934,116.6084,1.0244,64.8691
W0886,886,70,main_etch,751.9231,10.0720,118.1782,1.0135,64.9917
W0886,886,71,main_etch,758.6794,10.1518,117.3197,0.9994,64.9472
W0886,886,72,main_etch,759.6926,10.0949,116.1562,1.0094,64.8856
W0886,886,73,main_etch,757.7729,10.1286,115.9763,1.0232,65.3709
W0886,886,74,main_etch,756.7856,10.2324,116.5298,1.0261,64.9200
W0886,886,75,overetch,724.2659,9.9847,118.7683,0.7726,65.2772
W0886,886,76,overetch,728.7075,9.8467,119.2412,0.7926,65.3178
W0886,886,77,overetch,728.5946,9.9210,117.6452,0.7867,65.2002
W0886,886,78,overetch,727.2665,10.0260,118.7619,0.8056,65.5731
W0886,886,79,overetch,728.6690,10.0211,119.8411,0.7800,65.5323
W0886,886,80,overetch,727.8667,9.9522,120.0065,0.7983,65.5237
W0886,886,81,overetch,727.3350,9.9552,118.0648,0.7962,65.3373
W0886,886,82,overetch,724.9060,10.0132,118.5799,0.7955,65.6259
W0886,886,83,overetch,725.7984,9.9849,119.8375,0.7842,65.3445
W0886,886,84,overetch,723.6149,9.9395,120.6975,0.7724,65.3891
W0886,886,85,overetch,726.2686,9.9632,117.9912,0.7721,65.4380
W0886,886,86,overetch,721.5869,9.9057,119.4882,0.7642,65.4500
W0886,886,87,overetch,728.7135,9.9379,118.4559,0.7755,65.7402
W0886,886,88,overetch,728.3441,9.9273,119.3460,0.7741,65.5813
W0886,886,89,overetch,723.1600,9.8744,119.0134,0.7538,65.2442
W0886,886,90,overetch,729.2674,9.9076,118.8129,0.7638,65.5342
W0886,886,91,overetch,727.5395,9.9660,118.8026,0.7586,65.5828
W0886,886,92,overetch,727.3121,9.9841,119.8413,0.7538,65.6167
W0886,886,93,overetch,722.5022,9.8632,120.8009,0.7836,65.4539
W0886,886,94,overetch,726.3012,9.8939,120.5685,0.7960,65.4507
W0886,886,95,overetch,723.8534,9.8973,120.1884,0.7710,65.3026
W0886,886,96,overetch,731.0892,9.9826,118.8275,0.7659,65.5191
W0886,886,97,overetch,731.0883,9.8857,118.3282,0.7612,65.2026
W0886,886,98,overetch,728.3879,9.8051,120.3717,0.7692,65.7235
W0886,886,99,overetch,724.2367,9.9254,119.7780,0.7699,65.6520
W0926,926,0,stabilize,670.0642,10.4924,120.5761,0.5862,64.0577
W0926,926,1,stabilize,670.4955,10.4517,118.7484,0.5886,63.9619
W0926,926,2,stabilize,667.6827,10.3988,119.3947,0.5696,64.1773
W0926,926,3,stabilize,667.7289,10.3303,119.2640,0.5841,64.2395
W0926,926,4,stabilize,672.8401,10.4422,118.4977,0.5531,64.2028
W0926,926,5,stabilize,673.3258,10.4950,119.6837,0.5713,64.1967
W0926,926,6,stabilize,675.5465,10.3044,120.8949,0.5717,64.2043
W0926,926,7,stabilize,670.8866,10.4856,120.4823,0.5774,63.8389
W0926,926,8,stabilize,674.5958,10.3737,119.1098,0.5717,63.7641
W0926,926,9,stabilize,670.4966,10.4131,119.1794,0.5769,64.2278
W0926,926,10,stabilize,669.9837,10.4106,120.8390,0.5633,63.9309
W0926,926,11,stabilize,665.2957,10.3507,120.8799,0.5385,64.1472
W0926,926,12,stabilize,670.5042,10.5070,118.6277,0.5425,64.2226
W0926,926,13,stabilize,676.0575,10.4538,119.9905,0.5672,64.1204
W0926,926,14,stabilize,671.7467,10.4091,118.1804,0.5666,64.2973
W0926,926,15,stabilize,670.7535,10.3375,121.2755,0.5699,64.3421
W0926,926,16,stabilize,673.0282,10.3763,120.6818,0.5582,64.2237
W0926,926,17,stabilize,673.8566,10.4669,119.7741,0.5621,63.9289
W0926,926,18,stabilize,676.4030,10.4170,120.4341,0.5360,63.8375
W0926,926,19,stabilize,674.8259,10.3912,121.8583,0.5316,64.1943
W0926,926,20,main_etch,749.1279,9.8745,120.8512,1.1174,64.5890
W0926,926,21,main_etch,743.6497,9.9460,120.0428,1.1195,64.8749
W0926,926,22,main_etch,749.2252,9.7756,119.9710,1.1024,64.6969
W0926,926,23,main_etch,743.6686,9.9798,121.3975,1.1037,64.5319
W0926,926,24,main_etch,746.8360,9.8109,120.8577,1.1159,64.7215
W0926,926,25,main_etch,741.9869,9.8085,120.3786,1.1076,64.5737
W0926,926,26,main_etch,749.4135,9.9925,120.6909,1.0961,64.6488
W0926,926,27,main_etch,745.5475,9.9356,120.0555,1.1115,64.5971
W0926,926,28,main_etch,748.7799,9.8748,121.2204,1.0856,64.7140
W0926,926,29,main_etch,746.7358,9.9378,119.9369,1.0792,64.3417
W0926,926,30,main_etch,746.8554,9.9513,120.6280,1.0689,64.6645
W0926,926,31,main_etch,746.8776,9.8410,118.5030,1.0701,64.5517
W0926,926,32,main_etch,742.9457,9.9912,120.6230,1.1035,64.8093
W0926,926,33,main_etch,741.8351,9.8037,119.6975,1.0726,64.8037
W0926,926,34,main_etch,744.8882,9.9766,119.7088,1.0767,64.7287
W0926,926,35,main_etch,742.8737,9.9162,121.9969,1.0630,64.6977
W0926,926,36,main_etch,747.8386,9.9161,120.1104,1.0511,64.7265
W0926,926,37,main_etch,744.2597,10.0169,119.6029,1.0629,64.7778
W0926,926,38,main_etch,747.6077,9.9185,120.4182,1.0462,64.4944
W0926,926,39,main_etch,746.3016,10.0085,119.7403,1.0594,64.7566
W0926,926,40,main_etch,749.2097,9.9055,122.2353,1.0395,64.6660
W0926,926,41,main_etch,748.4316,9.9361,119.1769,1.0419,64.7120
W0926,926,42,main_etch,746.0180,9.9076,118.9141,1.0457,64.7386
W0926,926,43,main_etch,748.4064,9.9170,120.0501,1.0438,64.7492
W0926,926,44,main_etch,746.9168,9.9287,121.0750,1.0321,64.8607
W0926,926,45,main_etch,739.6408,9.8869,119.9349,1.0281,64.4108
W0926,926,46,main_etch,744.7606,9.8509,119.8733,1.0206,64.9464
W0926,926,47,main_etch,747.6904,10.0103,119.8979,1.0343,64.8430
W0926,926,48,main_etch,744.5939,9.9918,120.8612,1.0164,64.6141
W0926,926,49,main_etch,745.1994,9.9506,120.1368,1.0020,64.9314
W0926,926,50,main_etch,746.3632,9.9382,119.2772,0.9947,64.9017
W0926,926,51,main_etch,746.5563,9.9390,118.4111,1.0239,64.7034
W0926,926,52,main_etch,742.7202,9.8297,120.6867,1.0175,64.8625
W0926,926,53,main_etch,742.8737,9.9707,120.8565,1.0139,64.7568
W0926,926,54,main_etch,747.3039,9.9194,121.4171,1.0170,64.6853
W0926,926,55,main_etch,747.9730,9.9260,120.5555,0.9958,64.8528
W0926,926,56,main_etch,745.5015,9.9425,121.0609,1.0017,64.9014
W0926,926,57,main_etch,746.4357,9.9375,121.4867,0.9882,64.9099
W0926,926,58,main_etch,746.7479,9.8938,120.8789,0.9895,64.9196
W0926,926,59,main_etch,745.4515,9.9115,121.4420,0.9955,64.8556
W0926,926,60,main_etch,745.5279,9.8749,120.0200,0.9866,64.8532
W0926,926,61,main_etch,745.5147,9.8451,119.4498,0.9883,64.7499
W0926,926,62,main_etch,742.9541,9.9463,120.1729,0.9846,64.7778
W0926,926,63,main_etch,745.6977,9.8725,120.4274,0.9877,64.8164
W0926,926,64,main_etch,745.2644,9.9914,120.6946,0.9883,65.0303
W0926,926,65,main_etch,747.2361,10.0072,120.9589,0.9631,65.2789
W0926,926,66,main_etch,745.7762,9.8757,120.0981,0.9614,64.8305
W0926,926,67,main_etch,745.1356,9.9664,120.7146,0.9671,64.8375
W0926,926,68,main_etch,748.8536,9.9139,122.3028,0.9581,65.0629
W0926,926,69,main_etch,746.7364,9.9357,120.2872,0.9675,64.8691
W0926,926,70,main_etch,746.7621,9.9592,120.6660,0.9372,64.9917
W0926,926,71,main_etch,738.8397,9.8375,120.7044,0.9647,64.9472
W0926,926,72,main_etch,742.7457,9.9412,121.0462,0.9293,64.8856
W0926,926,73,main_etch,747.2282,10.0323,120.9620,0.9378,65.3709
W0926,926,74,main_etch,742.6341,9.8839,120.6156,0.9272,64.9200
W0926,926,75,overetch,718.4303,9.7761,122.2874,0.7499,65.2772
W0926,926,76,overetch,719.3498,9.7328,123.4820,0.7551,65.3178
W0926,926,77,overetch,714.2593,9.6535,122.8164,0.7551,65.2002
W0926,926,78,overetch,714.3088,9.6774,121.1109,0.7432,65.5731
W0926,926,79,overetch,719.5303,9.6866,122.4328,0.7618,65.5323
W0926,926,80,overetch,717.1597,9.7898,122.8976,0.7569,65.5237
W0926,926,81,overetch,714.7747,9.7692,123.7971,0.7378,65.3373
W0926,926,82,overetch,716.2887,9.7728,122.5013,0.7382,65.6259
W0926,926,83,overetch,716.4322,9.7460,120.7949,0.7402,65.3445
W0926,926,84,overetch,714.8983,9.7083,123.0151,0.7491,65.3891
W0926,926,85,overetch,718.0592,9.6272,123.5515,0.7331,65.4380
W0926,926,86,overetch,717.6339,9.7371,121.4387,0.7352,65.4500
W0926,926,87,overetch,719.6834,9.7292,122.9706,0.7516,65.7402
W0926,926,88,overetch,715.2149,9.7279,123.1241,0.7451,65.5813
W0926,926,89,overetch,716.0876,9.7677,122.2950,0.7217,65.2442
W0926,926,90,overetch,712.8338,9.6810,122.0334,0.7345,65.5342
W0926,926,91,overetch,715.5393,9.7301,123.8361,0.7405,65.5828
W0926,926,92,overetch,713.0262,9.7140,123.1538,0.7348,65.6167
W0926,926,93,overetch,715.9582,9.7956,122.3752,0.7238,65.4539
W0926,926,94,overetch,711.4630,9.7799,123.1608,0.7294,65.4507
W0926,926,95,overetch,714.9216,9.7153,121.5266,0.7306,65.3026
W0926,926,96,overetch,715.1183,9.7601,122.8443,0.7319,65.5191
W0926,926,97,overetch,718.9282,9.7884,123.4434,0.7236,65.2026
W0926,926,98,overetch,709.3678,9.8262,123.8728,0.7285,65.7235
W0926,926,99,overetch,710.2311,9.7356,123.1110,0.7160,65.6520
W0948,948,0,stabilize,666.1658,10.2501,120.1455,0.5939,64.0577
W0948,948,1,stabilize,673.9793,10.1748,120.3340,0.5853,63.9619
W0948,948,2,stabilize,667.3239,10.1820,121.1808,0.5904,64.1773
W0948,948,3,stabilize,667.3340,10.1742,121.6237,0.5855,64.2395
W0948,948,4,stabilize,669.2455,10.1631,118.5910,0.5778,64.2028
W0948,948,5,stabilize,669.0299,10.0997,118.7530,0.5678,64.1967
W0948,948,6,stabilize,665.9649,10.1509,120.9586,0.5940,64.2043
W0948,948,7,stabilize,666.0550,10.1669,120.1339,0.5830,63.8389
W0948,948,8,stabilize,672.9762,10.2208,119.1068,0.5828,63.7641
W0948,948,9,stabilize,665.4830,10.1931,119.6056,0.5779,64.2278
W0948,948,10,stabilize,662.9625,10.2494,119.6309,0.5672,63.9309
W0948,948,11,stabilize,663.6511,10.2457,119.7082,0.5936,64.1472
W0948,948,12,stabilize,666.1633,10.1998,120.9084,0.5690,64.2226
W0948,948,13,stabilize,668.4451,10.3576,119.4701,0.5653,64.1204
W0948,948,14,stabilize,665.5583,10.1553,119.4034,0.5720,64.2973
W0948,948,15,stabilize,667.7384,10.2191,119.1350,0.5725,64.3421
W0948,948,16,stabilize,669.7866,10.1382,120.3927,0.5588,64.2237
W0948,948,17,stabilize,666.2134,10.2314,119.1344,0.5837,63.9289
W0948,948,18,stabilize,670.0511,10.1221,118.3458,0.5578,63.8375
W0948,948,19,stabilize,668.6853,10.3043,119.8128,0.5570,64.1943
W0948,948,20,main_etch,744.6887,9.7247,121.2941,1.1114,64.5890
W0948,948,21,main_etch,742.1204,9.6568,121.2803,1.1065,64.8749
W0948,948,22,main_etch,742.2449,9.7265,119.7634,1.1095,64.6969
W0948,948,23,main_etch,745.7831,9.7404,121.4242,1.1072,64.5319
W0948,948,24,main_etch,743.4863,9.7556,119.8383,1.1191,64.7215
W0948,948,25,main_etch,740.0749,9.6624,121.0364,1.1171,64.5737
W0948,948,26,main_etch,744.2408,9.6396,119.3400,1.0912,64.6488
W0948,948,27,main_etch,740.6932,9.7428,118.9506,1.0887,64.5971
W0948,948,28,main_etch,742.5612,9.8447,119.8486,1.0997,64.7140
W0948,948,29,main_etch,743.0472,9.7203,118.9181,1.0893,64.3417
W0948,948,30,main_etch,740.8107,9.7149,119.6981,1.0808,64.6645
W0948,948,31,main_etch,742.2196,9.6315,121.0709,1.0822,64.5517
W0948,948,32,main_etch,739.4003,9.6925,119.3648,1.0911,64.8093
W0948,948,33,main_etch,741.9422,9.7144,121.0130,1.0775,64.8037
W0948,948,34,main_etch,736.3393,9.7177,118.8899,1.0774,64.7287
W0948,948,35,main_etch,742.8730,9.8135,119.1228,1.0515,64.6977
W0948,948,36,main_etch,743.8483,9.6603,119.7352,1.0672,64.7265
W0948,948,37,main_etch,741.5795,9.6723,120.5942,1.0608,64.7778
W0948,948,38,main_etch,747.1268,9.7322,118.8718,1.0689,64.4944
W0948,948,39,main_etch,740.9827,9.7265,120.2582,1.0753,64.7566
W0948,948,40,main_etch,744.2181,9.7411,119.1542,1.0640,64.6660
W0948,948,41,main_etch,738.5133,9.7355,119.8731,1.0671,64.7120
W0948,948,42,main_etch,738.4317,9.7628,121.3689,1.0667,64.7386
W0948,948,43,main_etch,739.5538,9.7051,120.6125,1.0417,64.7492
W0948,948,44,main_etch,739.5033,9.7646,119.7118,1.0548,64.8607
W0948,948,45,main_etch,743.4037,9.6898,120.6869,1.0453,64.4108
W0948,948,46,main_etch,740.8264,9.7555,120.5094,1.0420,64.9464
W0948,948,47,main_etch,739.6921,9.7070,119.3665,1.0389,64.8430
W0948,948,48,main_etch,745.2553,9.7692,119.7984,1.0432,64.6141
W0948,948,49,main_etch,745.0491,9.7176,119.1162,1.0551,64.9314
W0948,948,50,main_etch,737.7519,9.7702,119.5420,1.0365,64.9017
W0948,948,51,main_etch,742.1344,9.6729,120.5985,1.0250,64.7034
W0948,948,52,main_etch,736.6809,9.6522,120.8310,1.0377,64.8625
W0948,948,53,main_etch,737.3116,9.6586,119.4051,1.0289,64.7568
W0948,948,54,main_etch,739.6933,9.7517,119.6216,1.0423,64.6853
W0948,948,55,main_etch,742.4113,9.6632,119.9838,1.0300,64.8528
W0948,948,56,main_etch,744.5540,9.7471,119.6088,1.0376,64.9014
W0948,948,57,main_etch,740.5902,9.7665,120.3541,1.0069,64.9099
W0948,948,58,main_etch,740.8540,9.7572,119.0971,1.0196,64.9196
W0948,948,59,main_etch,737.3492,9.6823,120.1835,1.0052,64.8556
W0948,948,60,main_etch,743.3593,9.5885,120.2418,1.0044,64.8532
W0948,948,61,main_etch,737.0618,9.7709,119.8664,1.0135,64.7499
W0948,948,62,main_etch,742.2416,9.7600,120.5033,1.0012,64.7778
W0948,948,63,main_etch,736.9862,9.6665,119.5380,0.9917,64.8164
W0948,948,64,main_etch,740.1650,9.7399,120.1862,0.9965,65.0303
W0948,948,65,main_etch,742.6529,9.7511,120.8831,0.9890,65.2789
W0948,948,66,main_etch,742.2691,9.7253,121.1114,0.9959,64.8305
W0948,948,67,main_etch,740.7280,9.6732,119.2532,0.9928,64.8375
W0948,948,68,main_etch,742.4379,9.6014,119.8597,0.9865,65.0629
W0948,948,69,main_etch,746.3712,9.6190,119.1343,0.9720,64.8691
W0948,948,70,main_etch,742.0158,9.7425,119.2590,0.9874,64.9917
W0948,948,71,main_etch,738.5429,9.6496,119.4245,0.9806,64.9472
W0948,948,72,main_etch,743.7667,9.6269,119.7772,0.9637,64.8856
W0948,948,73,main_etch,737.0196,9.6788,118.8920,0.9698,65.3709
W0948,948,74,main_etch,740.2549,9.6732,121.9979,0.9756,64.9200
W0948,948,75,overetch,710.1891,9.4792,121.8298,0.7582,65.2772
W0948,948,76,overetch,714.0019,9.5196,124.0432,0.7660,65.3178
W0948,948,77,overetch,709.9047,9.4869,123.5269,0.7659,65.2002
W0948,948,78,overetch,712.9250,9.4634,121.3300,0.7693,65.5731
W0948,948,79,overetch,709.1910,9.6264,123.1328,0.7373,65.5323
W0948,948,80,overetch,710.4830,9.5274,123.0659,0.7708,65.5237
W0948,948,81,overetch,711.7106,9.5196,122.6369,0.7495,65.3373
W0948,948,82,overetch,711.1721,9.5000,121.8398,0.7835,65.6259
W0948,948,83,overetch,709.3237,9.4933,121.8884,0.7424,65.3445
W0948,948,84,overetch,717.4130,9.4589,120.2954,0.7538,65.3891
W0948,948,85,overetch,707.1252,9.5116,121.5559,0.7572,65.4380
W0948,948,86,overetch,710.5171,9.5190,123.6769,0.7662,65.4500
W0948,948,87,overetch,706.9825,9.5616,122.5923,0.7459,65.7402
W0948,948,88,overetch,712.7865,9.5817,122.3813,0.7580,65.5813
W0948,948,89,overetch,713.7183,9.5025,123.3192,0.7327,65.2442
W0948,948,90,overetch,713.2248,9.6072,124.2687,0.7356,65.5342
W0948,948,91,overetch,712.1816,9.5227,122.3352,0.7377,65.5828
W0948,948,92,overetch,714.3330,9.5167,123.2503,0.7391,65.6167
W0948,948,93,overetch,710.6734,9.5035,122.6835,0.7429,65.4539
W0948,948,94,overetch,712.2274,9.5391,122.0169,0.7401,65.4507
W0948,948,95,overetch,710.8925,9.5625,122.9454,0.7315,65.3026
W0948,948,96,overetch,713.1593,9.6017,122.0640,0.7175,65.5191
W0948,948,97,overetch,710.1904,9.5071,122.6289,0.7202,65.2026
W0948,948,98,overetch,708.5537,9.4687,123.2029,0.7337,65.7235
W0948,948,99,overetch,707.9192,9.4927,121.7708,0.7322,65.6520
W1047,1047,0,stabilize,686.2889,11.1503,123.4133,0.5219,64.0577
W1047,1047,1,stabilize,680.8418,11.1026,123.1372,0.5175,63.9619
W1047,1047,2,stabilize,688.5022,11.1877,123.0524,0.5195,64.1773
W1047,1047,3,stabilize,690.5283,11.0496,122.2080,0.5282,64.2395
W1047,1047,4,stabilize,692.8721,11.1338,122.6659,0.5186,64.2028
W1047,1047,5,stabilize,692.3674,11.1659,122.1865,0.5141,64.1967
W1047,1047,6,stabilize,687.0549,11.0884,123.5872,0.5264,64.2043
W1047,1047,7,stabilize,680.4004,11.1128,124.5173,0.5278,63.8389
W1047,1047,8,stabilize,682.7456,11.0852,122.3742,0.5271,63.7641
W1047,1047,9,stabilize,687.7562,11.0915,122.6970,0.5178,64.2278
W1047,1047,10,stabilize,688.3618,11.1098,122.2099,0.5193,63.9309
W1047,1047,11,stabilize,690.7694,11.1357,123.4359,0.5312,64.1472
W1047,1047,12,stabilize,691.7912,11.1883,122.9790,0.5358,64.2226
W1047,1047,13,stabilize,687.0000,11.2013,123.7321,0.5242,64.1204
W1047,1047,14,stabilize,688.2858,11.0869,122.9078,0.5268,64.2973
W1047,1047,15,stabilize,692.6230,11.1205,123.0647,0.5205,64.3421
W1047,1047,16,stabilize,688.3527,11.1260,124.3715,0.5217,64.2237
W1047,1047,17,stabilize,691.3602,11.1050,123.8040,0.5209,63.9289
W1047,1047,18,stabilize,691.4137,11.1706,122.8590,0.5131,63.8375
W1047,1047,19,stabilize,686.8363,11.1954,124.0008,0.5269,64.1943
W1047,1047,20,main_etch,766.2365,10.5924,123.6679,0.9163,64.5890
W1047,1047,21,main_etch,768.2305,10.5615,124.2724,0.9209,64.8749
W1047,1047,22,main_etch,769.7454,10.5251,123.6265,0.9480,64.6969
W1047,1047,23,main_etch,763.9705,10.6331,123.9012,0.9162,64.5319
W1047,1047,24,main_etch,766.8961,10.5633,122.8235,0.9325,64.7215
W1047,1047,25,main_etch,763.6041,10.6302,123.7656,0.9288,64.5737
W1047,1047,26,main_etch,764.1384,10.5119,123.9882,0.9370,64.6488
W1047,1047,27,main_etch,768.6312,10.6058,123.1325,0.9511,64.5971
W1047,1047,28,main_etch,765.6070,10.4741,123.3416,0.9182,64.7140
W1047,1047,29,main_etch,767.8266,10.6261,124.3284,0.9379,64.3417
W1047,1047,30,main_etch,766.9918,10.6011,124.1010,0.9458,64.6645
W1047,1047,31,main_etch,761.0119,10.6026,123.3099,0.9239,64.5517
W1047,1047,32,main_etch,767.7288,10.6433,123.5192,0.9414,64.8093
W1047,1047,33,main_etch,763.1960,10.5863,122.8354,0.9397,64.8037
W1047,1047,34,main_etch,765.2918,10.5373,122.8265,0.9478,64.7287
W1047,1047,35,main_etch,764.5970,10.6279,123.7604,0.9466,64.6977
W1047,1047,36,main_etch,761.6850,10.6336,123.1334,0.9562,64.7265
W1047,1047,37,main_etch,764.7674,10.6457,122.6053,0.9276,64.7778
W1047,1047,38,main_etch,767.0527,10.5424,123.8823,0.9581,64.4944
W1047,1047,39,main_etch,760.9598,10.6038,122.1744,0.9406,64.7566
W1047,1047,40,main_etch,766.2453,10.4865,123.5033,0.9492,64.6660
W1047,1047,41,main_etch,767.5459,10.6235,123.9321,0.9306,64.7120
W1047,1047,42,main_etch,764.4946,10.5146,123.2637,0.9481,64.7386
W1047,1047,43,main_etch,760.5381,10.6455,123.2408,0.9392,64.7492
W1047,1047,44,main_etch,765.8399,10.6015,123.5987,0.9769,64.8607
W1047,1047,45,main_etch,760.3180,10.6936,123.6588,0.9590,64.4108
W1047,1047,46,main_etch,766.0122,10.5625,122.4959,0.9676,64.9464
W1047,1047,47,main_etch,761.7822,10.6565,123.5505,0.9644,64.8430
W1047,1047,48,main_etch,766.6053,10.6573,122.8218,0.9624,64.6141
W1047,1047,49,main_etch,765.2990,10.4335,122.0910,0.9871,64.9314
W1047,1047,50,main_etch,760.7279,10.6233,121.6957,0.9568,64.9017
W1047,1047,51,main_etch,766.1769,10.5904,124.2422,0.9784,64.7034
W1047,1047,52,main_etch,766.3527,10.6178,124.0491,0.9354,64.8625
W1047,1047,53,main_etch,763.8028,10.5824,123.0387,0.9635,64.7568
W1047,1047,54,main_etch,761.5955,10.6122,123.3971,0.9626,64.6853
W1047,1047,55,main_etch,765.2896,10.6084,124.4966,0.9593,64.8528
W1047,1047,56,main_etch,761.4276,10.6433,123.5906,0.9667,64.9014
W1047,1047,57,main_etch,763.4993,10.6364,121.5990,0.9543,64.9099
W1047,1047,58,main_etch,769.8223,10.6322,124.6664,0.9633,64.9196
W1047,1047,59,main_etch,766.6249,10.6575,122.5814,0.9769,64.8556
W1047,1047,60,main_etch,763.9786,10.6173,123.2438,0.9765,64.8532
W1047,1047,61,main_etch,763.1646,10.6437,122.6152,0.9677,64.7499
W1047,1047,62,main_etch,761.6481,10.5621,124.7209,0.9901,64.7778
W1047,1047,63,main_etch,760.7799,10.5820,122.7541,0.9773,64.8164
W1047,1047,64,main_etch,763.6436,10.5971,122.4092,0.9623,65.0303
W1047,1047,65,main_etch,768.1547,10.6077,123.1670,0.9776,65.2789
W1047,1047,66,main_etch,767.9382,10.5240,123.1166,0.9663,64.8305
W1047,1047,67,main_etch,763.6615,10.6493,123.7024,0.9582,64.8375
W1047,1047,68,main_etch,763.4622,10.6499,123.4797,0.9773,65.0629
W1047,1047,69,main_etch,767.5381,10.6145,123.9492,0.9669,64.8691
W1047,1047,70,main_etch,767.3240,10.4579,122.5317,0.9706,64.9917
W1047,1047,71,main_etch,768.1242,10.6157,124.0785,0.9877,64.9472
W1047,1047,72,main_etch,762.8714,10.6246,122.6161,0.9650,64.8856
W1047,1047,73,main_etch,766.3525,10.6076,122.0293,0.9753,65.3709
W1047,1047,74,main_etch,765.3679,10.5923,123.6972,0.9900,64.9200
W1047,1047,75,overetch,739.7392,10.4558,126.1039,0.6696,65.2772
W1047,1047,76,overetch,728.9840,10.3963,125.9624,0.6726,65.3178
W1047,1047,77,overetch,733.3826,10.4830,126.7008,0.6717,65.2002
W1047,1047,78,overetch,734.4959,10.3272,126.0798,0.6889,65.5731
W1047,1047,79,overetch,731.6208,10.4794,125.6415,0.6830,65.5323
W1047,1047,80,overetch,734.2614,10.3970,124.9083,0.6761,65.5237
W1047,1047,81,overetch,732.5255,10.2255,125.6273,0.6826,65.3373
W1047,1047,82,overetch,733.5630,10.4168,125.7722,0.6726,65.6259
W1047,1047,83,overetch,731.5287,10.4452,125.7985,0.6825,65.3445
W1047,1047,84,overetch,734.4887,10.4317,125.2627,0.6753,65.3891
W1047,1047,85,overetch,732.4477,10.4086,123.2295,0.6888,65.4380
W1047,1047,86,overetch,734.6559,10.4184,125.9582,0.6769,65.4500
W1047,1047,87,overetch,732.4035,10.3848,125.9784,0.6845,65.7402
W1047,1047,88,overetch,735.8600,10.3083,125.6559,0.6892,65.5813
W1047,1047,89,overetch,731.2496,10.3957,126.4287,0.6932,65.2442
W1047,1047,90,overetch,735.2384,10.4241,126.1914,0.6827,65.5342
W1047,1047,91,overetch,736.4700,10.3403,125.5113,0.7009,65.5828
W1047,1047,92,overetch,732.6275,10.4432,126.5088,0.6776,65.6167
W1047,1047,93,overetch,734.4597,10.3980,125.9582,0.6775,65.4539
W1047,1047,94,overetch,732.1201,10.3762,125.4067,0.6821,65.4507
W1047,1047,95,overetch,737.1024,10.3589,125.9228,0.6911,65.3026
W1047,1047,96,overetch,737.5174,10.4915,125.6392,0.6868,65.5191
W1047,1047,97,overetch,735.6164,10.2969,127.4083,0.7003,65.2026
W1047,1047,98,overetch,735.0446,10.4167,125.9590,0.6860,65.7235
W1047,1047,99,overetch,734.9013,10.3580,124.6030,0.6952,65.6520
W1064,1064,0,stabilize,667.8094,10.4151,118.2335,0.5959,64.0577
W1064,1064,1,stabilize,668.5124,10.4796,119.1409,0.5958,63.9619
W1064,1064,2,stabilize,669.0495,10.4513,118.7542,0.5907,64.1773
W1064,1064,3,stabilize,664.5710,10.4085,119.1594,0.6081,64.2395
W1064,1064,4,stabilize,673.2244,10.5344,118.1353,0.5977,64.2028
W1064,1064,5,stabilize,662.8019,10.3878,120.4974,0.6081,64.1967
W1064,1064,6,stabilize,667.1688,10.4813,120.2195,0.5987,64.2043
W1064,1064,7,stabilize,670.8056,10.4119,118.6358,0.5897,63.8389
W1064,1064,8,stabilize,665.7809,10.3390,118.4909,0.6057,63.7641
W1064,1064,9,stabilize,669.9807,10.4310,119.7705,0.6005,64.2278
W1064,1064,10,stabilize,664.9261,10.4098,117.3384,0.6054,63.9309
W1064,1064,11,stabilize,675.2690,10.4708,119.4785,0.5909,64.1472
W1064,1064,12,stabilize,671.3852,10.4669,117.8117,0.5884,64.2226
W1064,1064,13,stabilize,670.9806,10.4333,119.2526,0.5913,64.1204
W1064,1064,14,stabilize,672.6519,10.4070,120.2102,0.5932,64.2973
W1064,1064,15,stabilize,665.8110,10.5084,119.2416,0.5844,64.3421
W1064,1064,16,stabilize,665.8001,10.4408,119.4090,0.5890,64.2237
W1064,1064,17,stabilize,669.0570,10.3931,117.6605,0.5923,63.9289
W1064,1064,18,stabilize,669.2308,10.3764,117.2086,0.5931,63.8375
W1064,1064,19,stabilize,669.8815,10.3829,118.7598,0.6015,64.1943
W1064,1064,20,main_etch,743.4630,9.9576,118.7502,1.0701,64.5890
W1064,1064,21,main_etch,745.4691,9.8755,119.4633,1.0911,64.8749
W1064,1064,22,main_etch,743.5196,9.9007,118.5278,1.0750,64.6969
W1064,1064,23,main_etch,742.9049,9.8955,118.3389,1.0944,64.5319
W1064,1064,24,main_etch,743.4996,9.9236,118.4228,1.0821,64.7215
W1064,1064,25,main_etch,740.3553,9.8954,120.8568,1.0927,64.5737
W1064,1064,26,main_etch,739.1091,9.9853,119.5139,1.0768,64.6488
W1064,1064,27,main_etch,742.1448,9.9212,119.4242,1.0729,64.5971
W1064,1064,28,main_etch,741.4417,9.8702,119.1589,1.0963,64.7140
W1064,1064,29,main_etch,743.8732,9.9665,118.9355,1.0689,64.3417
W1064,1064,30,main_etch,742.8338,9.8936,119.6944,1.0936,64.6645
W1064,1064,31,main_etch,745.9138,9.9565,117.8453,1.0893,64.5517
W1064,1064,32,main_etch,740.2797,9.8925,119.9243,1.0826,64.8093
W1064,1064,33,main_etch,742.0797,9.9251,119.2899,1.0944,64.8037
W1064,1064,34,main_etch,743.2097,9.9678,119.0446,1.0946,64.7287
W1064,1064,35,main_etch,739.7036,9.9212,119.8589,1.1028,64.6977
W1064,1064,36,main_etch,740.6228,9.8445,119.2907,1.1033,64.7265
W1064,1064,37,main_etch,742.5126,9.8909,118.9022,1.0885,64.7778
W1064,1064,38,main_etch,740.5113,9.9579,118.6081,1.0792,64.4944
W1064,1064,39,main_etch,742.4699,9.9067,120.2161,1.0791,64.7566
W1064,1064,40,main_etch,745.0332,9.9053,117.1509,1.0791,64.6660
W1064,1064,41,main_etch,744.3967,9.8660,118.8750,1.0745,64.7120
W1064,1064,42,main_etch,739.7209,9.9020,117.8785,1.0726,64.7386
W1064,1064,43,main_etch,742.5021,9.8872,117.3871,1.1040,64.7492
W1064,1064,44,main_etch,742.8930,9.8571,118.9184,1.0942,64.8607
W1064,1064,45,main_etch,738.9329,9.8788,118.4921,1.0949,64.4108
W1064,1064,46,main_etch,744.3956,9.9630,118.2504,1.0877,64.9464
W1064,1064,47,main_etch,741.6545,9.9267,119.6199,1.0730,64.8430
W1064,1064,48,main_etch,746.4891,9.9078,119.0316,1.0680,64.6141
W1064,1064,49,main_etch,744.2940,9.9259,118.6969,1.0880,64.9314
W1064,1064,50,main_etch,746.0592,9.9158,120.1428,1.0969,64.9017
W1064,1064,51,main_etch,743.2033,9.9649,118.6864,1.0749,64.7034
W1064,1064,52,main_etch,744.2814,9.9005,119.6114,1.1054,64.8625
W1064,1064,53,main_etch,739.9632,9.9285,117.8001,1.0907,64.7568
W1064,1064,54,main_etch,745.3586,9.8698,119.1910,1.0990,64.6853
W1064,1064,55,main_etch,742.0046,9.8855,118.8354,1.1014,64.8528
W1064,1064,56,main_etch,744.1932,9.9026,119.4275,1.0993,64.9014
W1064,1064,57,main_etch,744.5725,9.8476,119.9571,1.1101,64.9099
W1064,1064,58,main_etch,745.1068,9.9470,117.6924,1.1090,64.9196
W1064,1064,59,main_etch,743.7238,9.9202,118.4113,1.0863,64.8556
W1064,1064,60,main_etch,745.4561,9.9867,119.8067,1.0903,64.8532
W1064,1064,61,main_etch,740.9281,9.8787,119.2456,1.0993,64.7499
W1064,1064,62,main_etch,746.6894,9.9287,120.1706,1.1008,64.7778
W1064,1064,63,main_etch,746.5260,9.9865,121.0115,1.0904,64.8164
W1064,1064,64,main_etch,745.5497,9.9474,119.1617,1.0752,65.0303
W1064,1064,65,main_etch,743.5733,9.9125,120.1233,1.1042,65.2789
W1064,1064,66,main_etch,741.7721,9.9070,117.8288,1.0812,64.8305
W1064,1064,67,main_etch,741.1620,9.8588,117.0770,1.1041,64.8375
W1064,1064,68,main_etch,744.5628,9.9423,118.5511,1.0929,65.0629
W1064,1064,69,main_etch,741.5871,9.8594,118.5994,1.0899,64.8691
W1064,1064,70,main_etch,742.7237,9.8916,120.0504,1.0946,64.9917
W1064,1064,71,main_etch,746.6896,9.9028,117.2648,1.0915,64.9472
W1064,1064,72,main_etch,745.9879,9.8987,118.1402,1.0974,64.8856
W1064,1064,73,main_etch,743.8516,9.8735,119.6351,1.0986,65.3709
W1064,1064,74,main_etch,745.0185,9.9021,117.8034,1.0848,64.9200
W1064,1064,75,overetch,712.7924,9.7818,120.3192,0.7880,65.2772
W1064,1064,76,overetch,711.3133,9.7814,121.3655,0.7908,65.3178
W1064,1064,77,overetch,713.5682,9.7125,121.6871,0.7883,65.2002
W1064,1064,78,overetch,717.6173,9.7518,122.2675,0.7960,65.5731
W1064,1064,79,overetch,719.6716,9.7205,120.6763,0.7846,65.5323
W1064,1064,80,overetch,713.5528,9.7184,120.7701,0.7970,65.5237
W1064,1064,81,overetch,712.6398,9.6978,121.2402,0.7771,65.3373
W1064,1064,82,overetch,708.0893,9.7067,121.7171,0.7842,65.6259
W1064,1064,83,overetch,708.1917,9.7362,122.0613,0.7961,65.3445
W1064,1064,84,overetch,711.6034,9.7432,121.7361,0.7750,65.3891
W1064,1064,85,overetch,715.0505,9.7026,121.1243,0.7920,65.4380
W1064,1064,86,overetch,719.9243,9.7575,122.5084,0.7634,65.4500
W1064,1064,87,overetch,716.0797,9.7261,121.0155,0.7761,65.7402
W1064,1064,88,overetch,711.5954,9.8249,122.2423,0.7745,65.5813
W1064,1064,89,overetch,714.9193,9.7154,120.0734,0.7737,65.2442
W1064,1064,90,overetch,710.1632,9.7481,120.4386,0.7906,65.5342
W1064,1064,91,overetch,711.6685,9.6544,121.3669,0.7867,65.5828
W1064,1064,92,overetch,713.4507,9.7366,121.2775,0.7754,65.6167
W1064,1064,93,overetch,717.9181,9.6693,121.5072,0.7963,65.4539
W1064,1064,94,overetch,711.7812,9.7114,121.1124,0.7900,65.4507
W1064,1064,95,overetch,716.0287,9.7143,123.0417,0.7827,65.3026
W1064,1064,96,overetch,712.6463,9.7839,120.9821,0.7809,65.5191
W1064,1064,97,overetch,713.0240,9.8523,121.0618,0.7889,65.2026
W1064,1064,98,overetch,711.8268,9.6707,120.7554,0.7811,65.7235
W1064,1064,99,overetch,712.4875,9.6161,122.4302,0.7721,65.6520
W1071,1071,0,stabilize,673.7711,10.2083,119.7779,0.6282,64.0577
W1071,1071,1,stabilize,672.8202,10.2419,117.8572,0.6045,63.9619
W1071,1071,2,stabilize,672.7156,10.2436,118.4715,0.5991,64.1773
W1071,1071,3,stabilize,674.8280,10.1754,119.2383,0.6026,64.2395
W1071,1071,4,stabilize,670.9643,10.1957,117.7162,0.5899,64.2028
W1071,1071,5,stabilize,674.7589,10.1729,119.8158,0.5951,64.1967
W1071,1071,6,stabilize,671.0800,10.2045,117.1272,0.6082,64.2043
W1071,1071,7,stabilize,671.8613,10.2606,118.4251,0.6141,63.8389
W1071,1071,8,stabilize,672.5908,10.1647,118.8440,0.5956,63.7641
W1071,1071,9,stabilize,669.9359,10.1771,117.5930,0.6175,64.2278
W1071,1071,10,stabilize,668.7453,10.1889,118.4943,0.6213,63.9309
W1071,1071,11,stabilize,671.8117,10.2369,118.5872,0.6097,64.1472
W1071,1071,12,stabilize,673.4582,10.2445,117.8979,0.6223,64.2226
W1071,1071,13,stabilize,670.3498,10.1387,119.3063,0.6059,64.1204
W1071,1071,14,stabilize,674.6362,10.1348,117.4397,0.6255,64.2973
W1071,1071,15,stabilize,673.3155,10.2698,118.4618,0.6105,64.3421
W1071,1071,16,stabilize,671.2671,10.1761,118.1405,0.6044,64.2237
W1071,1071,17,stabilize,670.8497,10.2453,120.1450,0.5993,63.9289
W1071,1071,18,stabilize,676.1215,10.2033,119.5115,0.6028,63.8375
W1071,1071,19,stabilize,673.2371,10.1477,120.4066,0.6024,64.1943
W1071,1071,20,main_etch,747.3756,9.7306,118.8336,1.0841,64.5890
W1071,1071,21,main_etch,746.3341,9.7335,117.9640,1.1116,64.8749
W1071,1071,22,main_etch,747.5976,9.6586,118.3639,1.0760,64.6969
W1071,1071,23,main_etch,747.7112,9.6949,118.8779,1.0739,64.5319
W1071,1071,24,main_etch,741.0140,9.7736,119.0700,1.0841,64.7215
W1071,1071,25,main_etch,747.1496,9.6749,118.7663,1.0779,64.5737
W1071,1071,26,main_etch,747.4529,9.6940,117.6977,1.0732,64.6488
W1071,1071,27,main_etch,744.2923,9.7004,117.9765,1.0954,64.5971
W1071,1071,28,main_etch,745.7994,9.6824,119.1372,1.0826,64.7140
W1071,1071,29,main_etch,746.4518,9.6844,118.9225,1.0719,64.3417
W1071,1071,30,main_etch,744.7780,9.6799,118.6137,1.0965,64.6645
W1071,1071,31,main_etch,748.6919,9.7581,119.1138,1.0918,64.5517
W1071,1071,32,main_etch,745.0483,9.7485,119.2052,1.0797,64.8093
W1071,1071,33,main_etch,747.5813,9.7289,120.2972,1.0902,64.8037
W1071,1071,34,main_etch,747.6945,9.7315,118.9300,1.0828,64.7287
W1071,1071,35,main_etch,741.8929,9.7969,119.1842,1.0954,64.6977
W1071,1071,36,main_etch,747.1433,9.7237,118.1277,1.1081,64.7265
W1071,1071,37,main_etch,741.8682,9.6658,117.8851,1.0931,64.7778
W1071,1071,38,main_etch,751.3245,9.7215,118.4395,1.0917,64.4944
W1071,1071,39,main_etch,747.0326,9.7168,118.9564,1.0925,64.7566
W1071,1071,40,main_etch,747.2823,9.7532,118.5864,1.0905,64.6660
W1071,1071,41,main_etch,748.0362,9.6805,118.8234,1.1143,64.7120
W1071,1071,42,main_etch,750.3468,9.6329,118.3520,1.1148,64.7386
W1071,1071,43,main_etch,748.9846,9.7042,119.5362,1.1059,64.7492
W1071,1071,44,main_etch,745.6202,9.6933,120.1058,1.1039,64.8607
W1071,1071,45,main_etch,747.9334,9.5716,119.4819,1.1007,64.4108
W1071,1071,46,main_etch,746.8131,9.7810,117.7525,1.1100,64.9464
W1071,1071,47,main_etch,750.0894,9.7306,119.3075,1.1079,64.8430
W1071,1071,48,main_etch,752.3233,9.7722,117.8295,1.1066,64.6141
W1071,1071,49,main_etch,745.3961,9.7277,119.0584,1.0952,64.9314
W1071,1071,50,main_etch,742.9444,9.7157,117.9974,1.1160,64.9017
W1071,1071,51,main_etch,746.3834,9.6696,119.1638,1.1028,64.7034
W1071,1071,52,main_etch,744.7479,9.6542,118.5591,1.0961,64.8625
W1071,1071,53,main_etch,747.3295,9.7154,118.1891,1.1305,64.7568
W1071,1071,54,main_etch,748.7424,9.7808,118.4584,1.1133,64.6853
W1071,1071,55,main_etch,746.4499,9.7378,117.8438,1.1202,64.8528
W1071,1071,56,main_etch,745.0001,9.6802,118.0214,1.1230,64.9014
W1071,1071,57,main_etch,747.3730,9.7039,118.8954,1.1387,64.9099
W1071,1071,58,main_etch,748.1170,9.7011,119.2345,1.1229,64.9196
W1071,1071,59,main_etch,743.1365,9.7328,119.1218,1.1187,64.8556
W1071,1071,60,main_etch,746.2263,9.6687,118.0924,1.1289,64.8532
W1071,1071,61,main_etch,746.5875,9.6827,118.4355,1.1280,64.7499
W1071,1071,62,main_etch,747.6289,9.7166,117.9355,1.1310,64.7778
W1071,1071,63,main_etch,746.5331,9.6885,119.9635,1.1336,64.8164
W1071,1071,64,main_etch,748.6185,9.6378,117.6522,1.1343,65.0303
W1071,1071,65,main_etch,747.0837,9.7723,119.5524,1.1286,65.2789
W1071,1071,66,main_etch,745.8256,9.6512,119.0983,1.1391,64.8305
W1071,1071,67,main_etch,745.8365,9.7442,119.3172,1.1239,64.8375
W1071,1071,68,main_etch,745.6753,9.6853,118.3398,1.1263,65.0629
W1071,1071,69,main_etch,750.2260,9.8102,119.1440,1.1375,64.8691
W1071,1071,70,main_etch,747.3147,9.7095,118.9266,1.1123,64.9917
W1071,1071,71,main_etch,745.6769,9.7310,118.0151,1.1288,64.9472
W1071,1071,72,main_etch,748.0152,9.6861,117.9137,1.1212,64.8856
W1071,1071,73,main_etch,749.5809,9.6716,119.9275,1.1344,65.3709
W1071,1071,74,main_etch,745.3047,9.6287,118.4485,1.1338,64.9200
W1071,1071,75,overetch,718.1592,9.5024,119.4503,0.7974,65.2772
W1071,1071,76,overetch,715.0539,9.5650,122.9644,0.7845,65.3178
W1071,1071,77,overetch,718.5912,9.5112,120.7088,0.7909,65.2002
W1071,1071,78,overetch,715.7732,9.4885,122.0659,0.7912,65.5731
W1071,1071,79,overetch,717.2876,9.5527,120.3110,0.7904,65.5323
W1071,1071,80,overetch,718.2487,9.4928,121.8516,0.7907,65.5237
W1071,1071,81,overetch,716.0034,9.5409,121.2374,0.7803,65.3373
W1071,1071,82,overetch,715.9173,9.4967,122.5923,0.8075,65.6259
W1071,1071,83,overetch,711.7150,9.4919,119.9418,0.7796,65.3445
W1071,1071,84,overetch,716.1546,9.5090,120.7728,0.8044,65.3891
W1071,1071,85,overetch,717.0883,9.4917,120.5518,0.7860,65.4380
W1071,1071,86,overetch,719.8564,9.5111,121.2915,0.7906,65.4500
W1071,1071,87,overetch,717.7123,9.4808,120.2959,0.8024,65.7402
W1071,1071,88,overetch,713.6079,9.5033,120.6048,0.7823,65.5813
W1071,1071,89,overetch,715.2567,9.4719,121.7993,0.7815,65.2442
W1071,1071,90,overetch,709.4076,9.4985,121.0862,0.7750,65.5342
W1071,1071,91,overetch,713.3079,9.4731,120.1195,0.8129,65.5828
W1071,1071,92,overetch,716.1333,9.5769,121.3644,0.8110,65.6167
W1071,1071,93,overetch,717.0801,9.5490,120.8418,0.7955,65.4539
W1071,1071,94,overetch,716.2325,9.5475,120.1101,0.8067,65.4507
W1071,1071,95,overetch,712.7984,9.5611,121.3022,0.7984,65.3026
W1071,1071,96,overetch,715.7002,9.4929,119.8999,0.8111,65.5191
W1071,1071,97,overetch,713.9345,9.5373,123.7563,0.8114,65.2026
W1071,1071,98,overetch,719.5085,9.5128,120.8736,0.8081,65.7235
W1071,1071,99,overetch,717.3995,9.5003,122.6245,0.8081,65.6520
W1085,1085,0,stabilize,664.9875,10.1075,116.6210,0.5450,64.0577
W1085,1085,1,stabilize,661.7503,10.0830,115.8445,0.5454,63.9619
W1085,1085,2,stabilize,667.1647,10.1277,115.0296,0.5542,64.1773
W1085,1085,3,stabilize,665.7004,10.1896,114.8866,0.5386,64.2395
W1085,1085,4,stabilize,662.7353,10.2188,115.4235,0.5392,64.2028
W1085,1085,5,stabilize,665.7110,10.1133,115.4665,0.5587,64.1967
W1085,1085,6,stabilize,666.5745,10.1753,116.8200,0.5566,64.2043
W1085,1085,7,stabilize,667.2572,10.1764,115.3062,0.5471,63.8389
W1085,1085,8,stabilize,663.2573,10.1520,116.4105,0.5423,63.7641
W1085,1085,9,stabilize,665.4723,10.1793,116.0451,0.5343,64.2278
W1085,1085,10,stabilize,665.2139,10.2105,115.3654,0.5323,63.9309
W1085,1085,11,stabilize,663.5799,10.1041,115.6952,0.5419,64.1472
W1085,1085,12,stabilize,666.1625,10.0508,116.9307,0.5444,64.2226
W1085,1085,13,stabilize,669.1261,10.0766,116.2928,0.5511,64.1204
W1085,1085,14,stabilize,664.4897,10.1051,116.7471,0.5486,64.2973
W1085,1085,15,stabilize,663.6620,10.1203,117.7929,0.5411,64.3421
W1085,1085,16,stabilize,665.9711,9.9883,114.5783,0.5441,64.2237
W1085,1085,17,stabilize,662.7438,10.1518,116.1191,0.5510,63.9289
W1085,1085,18,stabilize,665.9889,10.1211,115.3061,0.5285,63.8375
W1085,1085,19,stabilize,663.7363,10.1166,116.7438,0.5176,64.1943
W1085,1085,20,main_etch,743.1251,9.6035,115.6829,1.0112,64.5890
W1085,1085,21,main_etch,738.7015,9.7375,114.8381,1.0304,64.8749
W1085,1085,22,main_etch,741.2340,9.6910,116.0249,1.0121,64.6969
W1085,1085,23,main_etch,744.4497,9.7061,115.9966,1.0285,64.5319
W1085,1085,24,main_etch,739.0868,9.6826,116.4962,1.0067,64.7215
W1085,1085,25,main_etch,741.5327,9.5740,116.3700,1.0231,64.5737
W1085,1085,26,main_etch,737.8304,9.6459,115.9843,1.0066,64.6488
W1085,1085,27,main_etch,744.0132,9.7324,116.2774,1.0114,64.5971
W1085,1085,28,main_etch,740.9011,9.7139,116.2400,1.0222,64.7140
W1085,1085,29,main_etch,737.1718,9.6467,115.8031,1.0051,64.3417
W1085,1085,30,main_etch,740.0690,9.7414,116.1026,1.0253,64.6645
W1085,1085,31,main_etch,737.2893,9.6945,116.8802,1.0023,64.5517
W1085,1085,32,main_etch,739.9309,9.6150,116.5460,1.0120,64.8093
W1085,1085,33,main_etch,736.8104,9.6864,116.4768,1.0135,64.8037
W1085,1085,34,main_etch,737.7522,9.6701,115.3007,1.0021,64.7287
W1085,1085,35,main_etch,739.0819,9.6712,115.5328,0.9995,64.6977
W1085,1085,36,main_etch,740.9844,9.6251,115.8198,0.9903,64.7265
W1085,1085,37,main_etch,737.3961,9.5353,116.2113,1.0236,64.7778
W1085,1085,38,main_etch,740.9186,9.6225,116.5505,1.0074,64.4944
W1085,1085,39,main_etch,742.1321,9.6860,116.7827,0.9869,64.7566
W1085,1085,40,main_etch,740.2540,9.6414,116.2895,1.0026,64.6660
W1085,1085,41,main_etch,740.9279,9.7094,115.1043,0.9991,64.7120
W1085,1085,42,main_etch,737.0532,9.6819,116.8106,1.0014,64.7386
W1085,1085,43,main_etch,740.1738,9.6019,115.1783,0.9955,64.7492
W1085,1085,44,main_etch,736.4868,9.6338,115.6025,1.0009,64.8607
W1085,1085,45,main_etch,740.6269,9.5929,116.1233,1.0114,64.4108
W1085,1085,46,main_etch,738.3653,9.6990,117.4734,1.0064,64.9464
W1085,1085,47,main_etch,740.7544,9.7043,115.6206,0.9979,64.8430
W1085,1085,48,main_etch,739.6408,9.6000,116.4580,0.9877,64.6141
W1085,1085,49,main_etch,738.2897,9.6815,115.1065,0.9942,64.9314
W1085,1085,50,main_etch,741.0370,9.5412,116.4991,0.9952,64.9017
W1085,1085,51,main_etch,733.0253,9.6471,116.7803,0.9832,64.7034
W1085,1085,52,main_etch,739.7157,9.5907,115.6060,0.9747,64.8625
W1085,1085,53,main_etch,737.1150,9.6657,115.9269,0.9876,64.7568
W1085,1085,54,main_etch,739.9430,9.7970,115.8606,0.9987,64.6853
W1085,1085,55,main_etch,736.8013,9.6841,114.0437,0.9829,64.8528
W1085,1085,56,main_etch,740.0831,9.5076,115.3721,0.9848,64.9014
W1085,1085,57,main_etch,738.6962,9.5293,116.3344,0.9856,64.9099
W1085,1085,58,main_etch,735.5740,9.6582,116.3560,0.9902,64.9196
W1085,1085,59,main_etch,735.8241,9.6730,113.8951,0.9929,64.8556
W1085,1085,60,main_etch,742.1319,9.6501,115.5261,0.9666,64.8532
W1085,1085,61,main_etch,736.7204,9.6328,116.7620,0.9924,64.7499
W1085,1085,62,main_etch,741.7794,9.5600,116.3788,0.9752,64.7778
W1085,1085,63,main_etch,738.5745,9.6924,117.1133,0.9742,64.8164
W1085,1085,64,main_etch,740.2451,9.6739,115.8556,0.9965,65.0303
W1085,1085,65,main_etch,742.0516,9.6257,115.2351,0.9737,65.2789
W1085,1085,66,main_etch,737.2313,9.6898,116.4068,0.9921,64.8305
W1085,1085,67,main_etch,744.9205,9.6060,117.9553,0.9742,64.8375
W1085,1085,68,main_etch,735.9166,9.6265,116.2660,0.9644,65.0629
W1085,1085,69,main_etch,738.0765,9.6902,115.9500,0.9664,64.8691
W1085,1085,70,main_etch,740.3465,9.7127,117.0500,0.9809,64.9917
W1085,1085,71,main_etch,736.3399,9.5808,115.8157,0.9704,64.9472
W1085,1085,72,main_etch,741.1665,9.6558,116.4049,0.9839,64.8856
W1085,1085,73,main_etch,737.1337,9.6669,115.6991,0.9640,65.3709
W1085,1085,74,main_etch,735.4886,9.6262,115.1068,0.9686,64.9200
W1085,1085,75,overetch,707.6878,9.4890,118.4931,0.7292,65.2772
W1085,1085,76,overetch,709.7729,9.4600,119.3196,0.7283,65.3178
W1085,1085,77,overetch,707.8143,9.5484,117.5133,0.7251,65.2002
W1085,1085,78,overetch,706.4969,9.5258,118.4488,0.7320,65.5731
W1085,1085,79,overetch,709.0441,9.4629,118.4480,0.7175,65.5323
W1085,1085,80,overetch,709.4957,9.5396,117.6761,0.7151,65.5237
W1085,1085,81,overetch,712.5037,9.4568,118.1433,0.7226,65.3373
W1085,1085,82,overetch,709.1891,9.4674,119.2394,0.7067,65.6259
W1085,1085,83,overetch,710.2158,9.3985,117.3833,0.7030,65.3445
W1085,1085,84,overetch,714.2200,9.3981,119.0600,0.7128,65.3891
W1085,1085,85,overetch,713.1591,9.4112,118.1318,0.7098,65.4380
W1085,1085,86,overetch,708.5507,9.4207,119.5036,0.7136,65.4500
W1085,1085,87,overetch,707.9746,9.4132,119.9632,0.7152,65.7402
W1085,1085,88,overetch,708.8260,9.4636,118.8037,0.7140,65.5813
W1085,1085,89,overetch,708.5464,9.4918,118.3661,0.7048,65.2442
W1085,1085,90,overetch,705.4657,9.4683,118.5138,0.7156,65.5342
W1085,1085,91,overetch,712.7159,9.3947,117.7678,0.6963,65.5828
W1085,1085,92,overetch,710.1494,9.5584,118.5714,0.7114,65.6167
W1085,1085,93,overetch,712.0769,9.4284,118.8245,0.7104,65.4539
W1085,1085,94,overetch,710.9440,9.4222,116.5513,0.7026,65.4507
W1085,1085,95,overetch,709.9138,9.5048,118.4277,0.6937,65.3026
W1085,1085,96,overetch,710.4692,9.5134,118.6955,0.6922,65.5191
W1085,1085,97,overetch,709.5009,9.4104,117.8861,0.7218,65.2026
W1085,1085,98,overetch,706.6864,9.4468,118.4184,0.7213,65.7235
W1085,1085,99,overetch,707.2069,9.4893,118.6308,0.6996,65.6520
W1104,1104,0,stabilize,678.5014,11.0006,123.2946,0.5356,64.0577
W1104,1104,1,stabilize,680.6319,10.9164,124.3559,0.5331,63.9619
W1104,1104,2,stabilize,678.1199,10.8994,123.9406,0.5399,64.1773
W1104,1104,3,stabilize,679.5861,11.0805,124.6057,0.5233,64.2395
W1104,1104,4,stabilize,681.6963,10.8876,123.4875,0.5335,64.2028
W1104,1104,5,stabilize,674.0184,10.9699,124.0981,0.5223,64.1967
W1104,1104,6,stabilize,677.3189,10.8717,124.3618,0.5321,64.2043
W1104,1104,7,stabilize,676.8221,10.9818,123.5661,0.5089,63.8389
W1104,1104,8,stabilize,677.4476,10.9376,123.6565,0.5404,63.7641
W1104,1104,9,stabilize,680.9777,10.9776,122.5830,0.5253,64.2278
W1104,1104,10,stabilize,677.4123,10.9327,123.8904,0.5111,63.9309
W1104,1104,11,stabilize,676.9356,10.9218,125.1485,0.5025,64.1472
W1104,1104,12,stabilize,680.9355,11.0019,124.2741,0.5205,64.2226
W1104,1104,13,stabilize,681.2393,10.8892,124.1999,0.5195,64.1204
W1104,1104,14,stabilize,674.5367,10.9629,123.1794,0.5381,64.2973
W1104,1104,15,stabilize,677.5374,10.9744,123.1897,0.5182,64.3421
W1104,1104,16,stabilize,674.3283,10.9952,125.0750,0.5310,64.2237
W1104,1104,17,stabilize,676.5475,10.9885,123.8465,0.5283,63.9289
W1104,1104,18,stabilize,679.6155,10.9901,123.4048,0.5154,63.8375
W1104,1104,19,stabilize,674.1007,10.8490,122.4568,0.5204,64.1943
W1104,1104,20,main_etch,754.5306,10.4461,124.3624,0.9934,64.5890
W1104,1104,21,main_etch,752.3481,10.4162,123.8430,1.0119,64.8749
W1104,1104,22,main_etch,749.5275,10.4055,123.0092,1.0170,64.6969
W1104,1104,23,main_etch,754.2762,10.4559,124.2552,1.0146,64.5319
W1104,1104,24,main_etch,750.6335,10.4661,122.2482,1.0132,64.7215
W1104,1104,25,main_etch,752.7194,10.4436,123.8878,0.9999,64.5737
W1104,1104,26,main_etch,757.0458,10.4149,123.9208,0.9870,64.6488
W1104,1104,27,main_etch,756.0411,10.3834,123.6579,0.9894,64.5971
W1104,1104,28,main_etch,750.9035,10.3968,122.9158,1.0035,64.7140
W1104,1104,29,main_etch,751.3329,10.3744,123.9789,0.9889,64.3417
W1104,1104,30,main_etch,752.8824,10.3834,123.3019,1.0076,64.6645
W1104,1104,31,main_etch,753.6503,10.5127,124.2538,0.9960,64.5517
W1104,1104,32,main_etch,758.4625,10.4098,121.6128,0.9684,64.8093
W1104,1104,33,main_etch,751.2840,10.5235,123.9420,0.9809,64.8037
W1104,1104,34,main_etch,753.9831,10.3830,123.7152,0.9917,64.7287
W1104,1104,35,main_etch,752.2490,10.4369,124.6897,0.9880,64.6977
W1104,1104,36,main_etch,751.5620,10.3911,124.0000,0.9839,64.7265
W1104,1104,37,main_etch,756.1053,10.3945,122.5322,0.9711,64.7778
W1104,1104,38,main_etch,753.5337,10.3964,125.0531,0.9909,64.4944
W1104,1104,39,main_etch,754.5075,10.4610,123.5208,0.9671,64.7566
W1104,1104,40,main_etch,756.9969,10.4114,123.0014,0.9663,64.6660
W1104,1104,41,main_etch,751.9262,10.3975,122.9509,0.9683,64.7120
W1104,1104,42,main_etch,754.9862,10.3361,124.2139,0.9731,64.7386
W1104,1104,43,main_etch,749.3522,10.4752,122.3153,0.9624,64.7492
W1104,1104,44,main_etch,754.4673,10.4812,123.1136,0.9739,64.8607
W1104,1104,45,main_etch,752.3376,10.4812,123.8661,0.9642,64.4108
W1104,1104,46,main_etch,757.6807,10.4383,123.7940,0.9566,64.9464
W1104,1104,47,main_etch,757.1975,10.3802,122.6877,0.9578,64.8430
W1104,1104,48,main_etch,752.0655,10.4367,124.4826,0.9374,64.6141
W1104,1104,49,main_etch,759.1520,10.4053,122.9009,0.9567,64.9314
W1104,1104,50,main_etch,751.7743,10.4813,123.9251,0.9394,64.9017
W1104,1104,51,main_etch,754.7111,10.4546,124.0560,0.9610,64.7034
W1104,1104,52,main_etch,752.9121,10.3730,123.6649,0.9672,64.8625
W1104,1104,53,main_etch,755.3255,10.3219,124.3217,0.9482,64.7568
W1104,1104,54,main_etch,751.5250,10.4516,123.5559,0.9665,64.6853
W1104,1104,55,main_etch,753.5954,10.4579,122.1677,0.9552,64.8528
W1104,1104,56,main_etch,753.8494,10.3921,123.2902,0.9329,64.9014
W1104,1104,57,main_etch,755.0708,10.4482,125.0630,0.9359,64.9099
W1104,1104,58,main_etch,755.7222,10.4019,123.6896,0.9376,64.9196
W1104,1104,59,main_etch,755.7967,10.4892,123.8336,0.9380,64.8556
W1104,1104,60,main_etch,754.0247,10.4331,124.1236,0.9212,64.8532
W1104,1104,61,main_etch,752.7773,10.5212,123.0370,0.9328,64.7499
W1104,1104,62,main_etch,752.0143,10.3998,123.2563,0.9275,64.7778
W1104,1104,63,main_etch,750.5803,10.4442,123.0688,0.9157,64.8164
W1104,1104,64,main_etch,756.1875,10.4312,122.8959,0.9220,65.0303
W1104,1104,65,main_etch,754.1177,10.5428,122.1352,0.9076,65.2789
W1104,1104,66,main_etch,753.5945,10.5118,123.8604,0.9203,64.8305
W1104,1104,67,main_etch,750.3297,10.3319,123.3974,0.9109,64.8375
W1104,1104,68,main_etch,754.8288,10.3717,123.8828,0.9323,65.0629
W1104,1104,69,main_etch,753.8567,10.4365,125.2115,0.9065,64.8691
W1104,1104,70,main_etch,751.0799,10.4829,123.4119,0.9114,64.9917
W1104,1104,71,main_etch,748.6368,10.4927,124.4748,0.8925,64.9472
W1104,1104,72,main_etch,755.0541,10.4838,123.5716,0.9235,64.8856
W1104,1104,73,main_etch,754.1230,10.5223,123.6128,0.9074,65.3709
W1104,1104,74,main_etch,752.6091,10.3343,124.4533,0.9011,64.9200
W1104,1104,75,overetch,726.5574,10.2557,126.4909,0.7010,65.2772
W1104,1104,76,overetch,721.5358,10.2074,124.8201,0.6987,65.3178
W1104,1104,77,overetch,723.2635,10.1816,125.9918,0.6937,65.2002
W1104,1104,78,overetch,724.1007,10.1068,125.3100,0.6967,65.5731
W1104,1104,79,overetch,725.3574,10.2038,125.9977,0.6808,65.5323
W1104,1104,80,overetch,728.3500,10.2217,125.1468,0.7168,65.5237
W1104,1104,81,overetch,720.8680,10.2719,126.8454,0.6835,65.3373
W1104,1104,82,overetch,720.9089,10.2631,124.7029,0.6946,65.6259
W1104,1104,83,overetch,729.9336,10.2786,126.4287,0.6922,65.3445
W1104,1104,84,overetch,720.7999,10.2286,127.5806,0.6941,65.3891
W1104,1104,85,overetch,723.0191,10.2328,126.1421,0.6737,65.4380
W1104,1104,86,overetch,725.3238,10.2193,126.2888,0.6862,65.4500
W1104,1104,87,overetch,724.7212,10.2312,126.6212,0.6926,65.7402
W1104,1104,88,overetch,724.2499,10.2808,126.0061,0.6914,65.5813
W1104,1104,89,overetch,725.7945,10.2739,127.2487,0.6930,65.2442
W1104,1104,90,overetch,723.0120,10.2174,126.7762,0.6813,65.5342
W1104,1104,91,overetch,725.7384,10.2388,125.2039,0.6843,65.5828
W1104,1104,92,overetch,731.3466,10.2115,125.7821,0.6846,65.6167
W1104,1104,93,overetch,727.7597,10.3089,127.0141,0.6915,65.4539
W1104,1104,94,overetch,724.8762,10.1172,127.5212,0.6913,65.4507
W1104,1104,95,overetch,721.1005,10.2059,125.5813,0.6687,65.3026
W1104,1104,96,overetch,723.5401,10.1320,126.7537,0.6719,65.5191
W1104,1104,97,overetch,725.5472,10.2998,125.4891,0.6743,65.2026
W1104,1104,98,overetch,719.7105,10.1842,126.7642,0.6716,65.7235
W1104,1104,99,overetch,726.0087,10.2181,127.4492,0.6772,65.6520
W1166,1166,0,stabilize,677.9314,10.9089,121.0635,0.5245,64.0577
W1166,1166,1,stabilize,681.6181,11.0341,120.5976,0.5186,63.9619
W1166,1166,2,stabilize,678.3028,11.0146,121.3056,0.5169,64.1773
W1166,1166,3,stabilize,673.9899,11.0709,120.8731,0.5003,64.2395
W1166,1166,4,stabilize,678.4412,10.9597,120.1702,0.4988,64.2028
W1166,1166,5,stabilize,682.5411,10.9415,119.1959,0.5066,64.1967
W1166,1166,6,stabilize,677.2375,11.0013,120.7915,0.4993,64.2043
W1166,1166,7,stabilize,678.9801,11.0275,120.2410,0.4985,63.8389
W1166,1166,8,stabilize,676.4364,11.0306,122.0213,0.5155,63.7641
W1166,1166,9,stabilize,681.8177,10.9757,120.4003,0.4888,64.2278
W1166,1166,10,stabilize,681.0714,10.9235,120.3871,0.4951,63.9309
W1166,1166,11,stabilize,680.4331,11.0394,121.5536,0.5001,64.1472
W1166,1166,12,stabilize,676.8574,11.0156,121.1961,0.5202,64.2226
W1166,1166,13,stabilize,680.7554,10.9436,121.7517,0.5222,64.1204
W1166,1166,14,stabilize,678.0164,10.9397,120.9354,0.5023,64.2973
W1166,1166,15,stabilize,679.9224,10.9174,119.8660,0.4948,64.3421
W1166,1166,16,stabilize,678.2821,10.9467,122.1548,0.4976,64.2237
W1166,1166,17,stabilize,674.2410,10.9094,123.3375,0.4948,63.9289
W1166,1166,18,stabilize,678.7037,11.0234,119.9261,0.5121,63.8375
W1166,1166,19,stabilize,677.7611,11.0024,122.6427,0.5027,64.1943
W1166,1166,20,main_etch,754.2136,10.3737,121.0333,0.9469,64.5890
W1166,1166,21,main_etch,753.4638,10.4996,122.6655,0.9671,64.8749
W1166,1166,22,main_etch,755.4280,10.4801,123.1911,0.9592,64.6969
W1166,1166,23,main_etch,753.0828,10.3529,121.7800,0.9529,64.5319
W1166,1166,24,main_etch,751.6902,10.4934,121.8491,0.9462,64.7215
W1166,1166,25,main_etch,750.3861,10.5155,121.1106,0.9491,64.5737
W1166,1166,26,main_etch,753.8088,10.5710,122.1140,0.9337,64.6488
W1166,1166,27,main_etch,753.9996,10.3606,121.2076,0.9339,64.5971
W1166,1166,28,main_etch,751.2941,10.4760,122.0514,0.9242,64.7140
W1166,1166,29,main_etch,751.8056,10.5110,120.7872,0.9379,64.3417
W1166,1166,30,main_etch,755.2666,10.4474,121.3006,0.9461,64.6645
W1166,1166,31,main_etch,751.9691,10.4277,122.0486,0.9358,64.5517
W1166,1166,32,main_etch,751.6557,10.4211,120.8882,0.9409,64.8093
W1166,1166,33,main_etch,754.6757,10.4363,120.7476,0.9327,64.8037
W1166,1166,34,main_etch,754.3360,10.5182,121.8011,0.9182,64.7287
W1166,1166,35,main_etch,752.6291,10.3579,121.2624,0.9218,64.6977
W1166,1166,36,main_etch,750.8617,10.3916,120.4671,0.9125,64.7265
W1166,1166,37,main_etch,755.7510,10.4633,122.3512,0.9267,64.7778
W1166,1166,38,main_etch,751.7439,10.4858,121.8170,0.9418,64.4944
W1166,1166,39,main_etch,756.1655,10.3963,120.6558,0.9139,64.7566
W1166,1166,40,main_etch,759.3002,10.4529,120.0902,0.9275,64.6660
W1166,1166,41,main_etch,752.1164,10.4880,121.7044,0.9260,64.7120
W1166,1166,42,main_etch,756.3679,10.4390,121.8608,0.9122,64.7386
W1166,1166,43,main_etch,753.3101,10.3986,122.6293,0.9048,64.7492
W1166,1166,44,main_etch,751.1145,10.5438,120.0515,0.9150,64.8607
W1166,1166,45,main_etch,756.1974,10.5038,122.3765,0.9102,64.4108
W1166,1166,46,main_etch,755.8152,10.5297,119.5363,0.9066,64.9464
W1166,1166,47,main_etch,753.7276,10.4574,121.5450,0.9033,64.8430
W1166,1166,48,main_etch,747.7870,10.4542,121.7432,0.9038,64.6141
W1166,1166,49,main_etch,751.7242,10.4653,121.3349,0.8887,64.9314
W1166,1166,50,main_etch,751.7390,10.4718,122.1081,0.9014,64.9017
W1166,1166,51,main_etch,753.3517,10.4849,121.0449,0.8978,64.7034
W1166,1166,52,main_etch,752.1179,10.4527,121.0756,0.8971,64.8625
W1166,1166,53,main_etch,753.0890,10.4603,121.6866,0.8906,64.7568
W1166,1166,54,main_etch,756.9609,10.4598,121.0852,0.9076,64.6853
W1166,1166,55,main_etch,757.9855,10.4385,122.2963,0.8971,64.8528
W1166,1166,56,main_etch,753.6841,10.5389,122.5266,0.8942,64.9014
W1166,1166,57,main_etch,751.9104,10.4702,121.0021,0.8880,64.9099
W1166,1166,58,main_etch,753.7425,10.4256,121.4204,0.9088,64.9196
W1166,1166,59,main_etch,749.3999,10.4800,121.0715,0.8801,64.8556
W1166,1166,60,main_etch,752.9688,10.4907,120.6093,0.8895,64.8532
W1166,1166,61,main_etch,753.6967,10.4720,119.8398,0.8838,64.7499
W1166,1166,62,main_etch,751.3162,10.3834,123.2499,0.9000,64.7778
W1166,1166,63,main_etch,755.1195,10.5686,121.1300,0.8835,64.8164
W1166,1166,64,main_etch,751.1600,10.4749,120.6825,0.8640,65.0303
W1166,1166,65,main_etch,755.3311,10.4569,121.4324,0.8955,65.2789
W1166,1166,66,main_etch,753.4313,10.4818,120.0702,0.8718,64.8305
W1166,1166,67,main_etch,753.9619,10.4101,121.1738,0.8893,64.8375
W1166,1166,68,main_etch,756.5355,10.4216,120.9628,0.8919,65.0629
W1166,1166,69,main_etch,753.1726,10.4125,121.0732,0.8711,64.8691
W1166,1166,70,main_etch,756.4248,10.4642,122.1608,0.8640,64.9917
W1166,1166,71,main_etch,754.7591,10.4707,122.0550,0.8705,64.9472
W1166,1166,72,main_etch,749.3201,10.4553,120.4546,0.8651,64.8856
W1166,1166,73,main_etch,750.0355,10.4476,121.0940,0.8766,65.3709
W1166,1166,74,main_etch,754.7703,10.4794,122.3742,0.8669,64.9200
W1166,1166,75,overetch,720.5664,10.3053,123.2921,0.6661,65.2772
W1166,1166,76,overetch,723.7546,10.2023,125.4803,0.6813,65.3178
W1166,1166,77,overetch,723.4456,10.3291,124.5032,0.6625,65.2002
W1166,1166,78,overetch,724.4410,10.2640,122.9589,0.6554,65.5731
W1166,1166,79,overetch,726.3199,10.3219,123.2754,0.6467,65.5323
W1166,1166,80,overetch,723.1685,10.2142,123.9889,0.6569,65.5237
W1166,1166,81,overetch,728.2087,10.2409,125.3865,0.6526,65.3373
W1166,1166,82,overetch,725.0694,10.1682,122.0114,0.6695,65.6259
W1166,1166,83,overetch,723.9620,10.2459,124.9336,0.6572,65.3445
W1166,1166,84,overetch,720.5299,10.3071,124.2936,0.6478,65.3891
W1166,1166,85,overetch,728.7445,10.2252,124.5370,0.6652,65.4380
W1166,1166,86,overetch,721.8298,10.1802,123.9251,0.6586,65.4500
W1166,1166,87,overetch,722.4143,10.2161,122.2573,0.6591,65.7402
W1166,1166,88,overetch,721.3502,10.2108,124.2143,0.6321,65.5813
W1166,1166,89,overetch,723.3976,10.2294,123.9613,0.6446,65.2442
W1166,1166,90,overetch,723.6064,10.1860,125.2575,0.6294,65.5342
W1166,1166,91,overetch,725.0496,10.2370,124.4272,0.6538,65.5828
W1166,1166,92,overetch,725.4689,10.2763,123.4551,0.6396,65.6167
W1166,1166,93,overetch,721.0204,10.2529,122.9926,0.6544,65.4539
W1166,1166,94,overetch,725.5526,10.3095,123.9613,0.6638,65.4507
W1166,1166,95,overetch,723.3567,10.2501,124.2601,0.6657,65.3026
W1166,1166,96,overetch,721.4189,10.2654,123.4506,0.6538,65.5191
W1166,1166,97,overetch,721.9425,10.2408,123.2842,0.6494,65.2026
W1166,1166,98,overetch,719.8437,10.2177,123.7996,0.6608,65.7235
W1166,1166,99,overetch,722.9327,10.1975,123.1461,0.6530,65.6520
W1176,1176,0,stabilize,678.3632,11.1442,113.3951,0.5931,64.0577
W1176,1176,1,stabilize,676.5213,11.1529,115.2619,0.5816,63.9619
W1176,1176,2,stabilize,676.7402,11.1503,116.2750,0.5794,64.1773
W1176,1176,3,stabilize,678.8650,11.0851,114.7815,0.5699,64.2395
W1176,1176,4,stabilize,677.0216,11.1639,116.1624,0.5775,64.2028
W1176,1176,5,stabilize,676.5324,11.1952,115.4437,0.5853,64.1967
W1176,1176,6,stabilize,679.6549,11.1422,115.2802,0.5683,64.2043
W1176,1176,7,stabilize,674.8558,11.0354,115.6975,0.5638,63.8389
W1176,1176,8,stabilize,681.3774,11.1896,116.9617,0.5792,63.7641
W1176,1176,9,stabilize,679.4888,11.1758,114.9462,0.5944,64.2278
W1176,1176,10,stabilize,678.3858,11.0965,115.3096,0.5853,63.9309
W1176,1176,11,stabilize,676.8552,11.1743,114.7183,0.5680,64.1472
W1176,1176,12,stabilize,679.9247,11.1323,115.5730,0.5665,64.2226
W1176,1176,13,stabilize,675.6642,11.2139,113.8490,0.5910,64.1204
W1176,1176,14,stabilize,677.4391,11.1116,116.6056,0.5469,64.2973
W1176,1176,15,stabilize,676.3450,11.0427,114.0832,0.5769,64.3421
W1176,1176,16,stabilize,683.3967,11.1380,116.1909,0.5699,64.2237
W1176,1176,17,stabilize,673.8179,11.1399,115.2926,0.5722,63.9289
W1176,1176,18,stabilize,677.0496,11.1565,117.3899,0.5844,63.8375
W1176,1176,19,stabilize,676.0909,11.2151,113.9515,0.5670,64.1943
W1176,1176,20,main_etch,755.3345,10.5775,114.9692,1.0793,64.5890
W1176,1176,21,main_etch,749.5477,10.5946,115.6752,1.0771,64.8749
W1176,1176,22,main_etch,753.4030,10.5474,115.5689,1.0680,64.6969
W1176,1176,23,main_etch,751.6151,10.6137,116.4764,1.0618,64.5319
W1176,1176,24,main_etch,759.8923,10.6084,114.7543,1.0610,64.7215
W1176,1176,25,main_etch,754.1359,10.5323,114.6282,1.0748,64.5737
W1176,1176,26,main_etch,750.9702,10.6246,115.5213,1.0634,64.6488
W1176,1176,27,main_etch,754.5386,10.6947,115.7878,1.0525,64.5971
W1176,1176,28,main_etch,751.9773,10.6887,114.6448,1.0446,64.7140
W1176,1176,29,main_etch,752.9203,10.5888,115.0903,1.0454,64.3417
W1176,1176,30,main_etch,752.1364,10.6711,115.5913,1.0754,64.6645
W1176,1176,31,main_etch,750.9520,10.5825,115.6970,1.0471,64.5517
W1176,1176,32,main_etch,755.4852,10.6046,114.2062,1.0483,64.8093
W1176,1176,33,main_etch,755.9925,10.6693,116.6832,1.0593,64.8037
W1176,1176,34,main_etch,755.0900,10.5957,114.8191,1.0385,64.7287
W1176,1176,35,main_etch,752.7611,10.5053,113.8953,1.0568,64.6977
W1176,1176,36,main_etch,751.9597,10.6115,114.9492,1.0588,64.7265
W1176,1176,37,main_etch,751.5288,10.5767,114.9860,1.0438,64.7778
W1176,1176,38,main_etch,752.7143,10.6158,115.9569,1.0444,64.4944
W1176,1176,39,main_etch,751.8128,10.6954,114.9389,1.0492,64.7566
W1176,1176,40,main_etch,752.4619,10.6822,114.9023,1.0600,64.6660
W1176,1176,41,main_etch,756.4987,10.5609,113.3879,1.0449,64.7120
W1176,1176,42,main_etch,750.6168,10.6192,114.8018,1.0300,64.7386
W1176,1176,43,main_etch,749.7818,10.5249,115.3748,1.0343,64.7492
W1176,1176,44,main_etch,750.8800,10.6130,115.7675,1.0544,64.8607
W1176,1176,45,main_etch,751.3067,10.5421,114.8911,1.0395,64.4108
W1176,1176,46,main_etch,752.6251,10.7081,115.7515,1.0448,64.9464
W1176,1176,47,main_etch,753.8238,10.6008,113.4677,1.0464,64.8430
W1176,1176,48,main_etch,751.8477,10.5910,115.8824,1.0389,64.6141
W1176,1176,49,main_etch,755.0510,10.5715,114.6255,1.0573,64.9314
W1176,1176,50,main_etch,751.2828,10.6385,113.9083,1.0555,64.9017
W1176,1176,51,main_etch,754.5556,10.6773,116.3970,1.0279,64.7034
W1176,1176,52,main_etch,753.0750,10.5295,113.5571,1.0533,64.8625
W1176,1176,53,main_etch,754.9008,10.5193,116.1841,1.0390,64.7568
W1176,1176,54,main_etch,754.6886,10.6126,114.3290,1.0230,64.6853
W1176,1176,55,main_etch,752.3522,10.5690,116.0697,1.0383,64.8528
W1176,1176,56,main_etch,755.7954,10.6139,114.6096,1.0394,64.9014
W1176,1176,57,main_etch,753.0772,10.6331,115.2749,1.0162,64.9099
W1176,1176,58,main_etch,755.9597,10.6441,114.8027,1.0253,64.9196
W1176,1176,59,main_etch,749.3630,10.5972,115.6850,1.0266,64.8556
W1176,1176,60,main_etch,749.0963,10.6495,114.7893,1.0201,64.8532
W1176,1176,61,main_etch,752.8005,10.5969,114.6307,1.0396,64.7499
W1176,1176,62,main_etch,747.6245,10.6027,115.9067,1.0353,64.7778
W1176,1176,63,main_etch,752.2584,10.6106,114.9194,1.0196,64.8164
W1176,1176,64,main_etch,752.7222,10.6261,115.7989,1.0117,65.0303
W1176,1176,65,main_etch,750.6637,10.5998,115.5843,1.0270,65.2789
W1176,1176,66,main_etch,751.5104,10.6720,114.6426,1.0426,64.8305
W1176,1176,67,main_etch,750.3228,10.6269,113.3567,1.0035,64.8375
W1176,1176,68,main_etch,753.9704,10.6602,115.4371,1.0410,65.0629
W1176,1176,69,main_etch,748.7427,10.6958,115.6714,1.0391,64.8691
W1176,1176,70,main_etch,753.4990,10.6544,116.3304,1.0037,64.9917
W1176,1176,71,main_etch,754.4326,10.5743,114.5674,1.0164,64.9472
W1176,1176,72,main_etch,755.2686,10.6059,114.9288,1.0227,64.8856
W1176,1176,73,main_etch,751.4508,10.6262,116.0734,1.0125,65.3709
W1176,1176,74,main_etch,750.2148,10.5714,114.5336,1.0104,64.9200
W1176,1176,75,overetch,725.5433,10.3173,117.2420,0.7454,65.2772
W1176,1176,76,overetch,723.6804,10.3868,118.7213,0.7671,65.3178
W1176,1176,77,overetch,720.6361,10.3783,118.3936,0.7762,65.2002
W1176,1176,78,overetch,720.3536,10.3965,118.0126,0.7592,65.5731
W1176,1176,79,overetch,721.9059,10.3793,118.1852,0.7529,65.5323
W1176,1176,80,overetch,721.0631,10.3713,117.5217,0.7612,65.5237
W1176,1176,81,overetch,723.5840,10.4305,117.5361,0.7526,65.3373
W1176,1176,82,overetch,722.4639,10.4147,119.8350,0.7601,65.6259
W1176,1176,83,overetch,722.4050,10.3505,118.5211,0.7546,65.3445
W1176,1176,84,overetch,720.5905,10.4015,118.5783,0.7456,65.3891
W1176,1176,85,overetch,723.9316,10.4373,116.0881,0.7582,65.4380
W1176,1176,86,overetch,727.7818,10.4180,117.2640,0.7481,65.4500
W1176,1176,87,overetch,723.4559,10.2817,117.1814,0.7592,65.7402
W1176,1176,88,overetch,721.6695,10.3728,119.0000,0.7515,65.5813
W1176,1176,89,overetch,719.3128,10.3745,117.1354,0.7661,65.2442
W1176,1176,90,overetch,728.0545,10.4352,117.1082,0.7369,65.5342
W1176,1176,91,overetch,724.5520,10.4111,117.7609,0.7637,65.5828
W1176,1176,92,overetch,721.9119,10.4411,117.9969,0.7443,65.6167
W1176,1176,93,overetch,719.8797,10.3803,117.0295,0.7352,65.4539
W1176,1176,94,overetch,722.3264,10.3634,117.6294,0.7447,65.4507
W1176,1176,95,overetch,724.1182,10.4195,117.2637,0.7521,65.3026
W1176,1176,96,overetch,724.8691,10.3956,117.5796,0.7395,65.5191
W1176,1176,97,overetch,719.9872,10.4380,117.1503,0.7283,65.2026
W1176,1176,98,overetch,719.9079,10.4470,118.3840,0.7567,65.7235
W1176,1176,99,overetch,724.3807,10.3459,116.5760,0.7448,65.6520
W1189,1189,0,stabilize,675.1830,11.4183,116.9708,0.5973,64.0577
W1189,1189,1,stabilize,672.6478,11.3653,116.7280,0.6102,63.9619
W1189,1189,2,stabilize,674.2367,11.3551,118.6196,0.6212,64.1773
W1189,1189,3,stabilize,673.0999,11.3193,116.9029,0.6126,64.2395
W1189,1189,4,stabilize,673.9512,11.3683,117.7110,0.6288,64.2028
W1189,1189,5,stabilize,670.6408,11.4104,117.8326,0.5944,64.1967
W1189,1189,6,stabilize,672.2269,11.3659,116.7870,0.6042,64.2043
W1189,1189,7,stabilize,671.1889,11.3320,117.9324,0.6277,63.8389
W1189,1189,8,stabilize,672.2591,11.4046,116.8376,0.6006,63.7641
W1189,1189,9,stabilize,675.3486,11.3694,116.0783,0.6105,64.2278
W1189,1189,10,stabilize,677.7363,11.3687,119.2969,0.6004,63.9309
W1189,1189,11,stabilize,672.9719,11.2728,118.3733,0.6273,64.1472
W1189,1189,12,stabilize,672.5244,11.4217,116.5153,0.6233,64.2226
W1189,1189,13,stabilize,672.8722,11.4251,118.0147,0.6438,64.1204
W1189,1189,14,stabilize,668.5973,11.3511,118.4047,0.6197,64.2973
W1189,1189,15,stabilize,671.9569,11.3779,117.5524,0.6096,64.3421
W1189,1189,16,stabilize,672.9247,11.4923,117.6322,0.6263,64.2237
W1189,1189,17,stabilize,673.0261,11.3480,117.2296,0.6146,63.9289
W1189,1189,18,stabilize,677.6033,11.3324,117.5615,0.6295,63.8375
W1189,1189,19,stabilize,673.2880,11.3830,116.7163,0.6109,64.1943
W1189,1189,20,main_etch,748.4571,10.8317,117.4674,1.0669,64.5890
W1189,1189,21,main_etch,749.1589,10.9016,116.8111,1.0708,64.8749
W1189,1189,22,main_etch,748.5605,10.8389,117.2856,1.0868,64.6969
W1189,1189,23,main_etch,746.5044,10.8295,119.0474,1.0763,64.5319
W1189,1189,24,main_etch,747.9211,10.9309,116.2532,1.0883,64.7215
W1189,1189,25,main_etch,751.5202,10.8078,116.0398,1.0706,64.5737
W1189,1189,26,main_etch,746.3530,10.8752,117.8612,1.0714,64.6488
W1189,1189,27,main_etch,747.0251,10.7971,116.4214,1.0803,64.5971
W1189,1189,28,main_etch,748.6297,10.8481,115.0132,1.0733,64.7140
W1189,1189,29,main_etch,749.2837,10.8207,117.7403,1.0683,64.3417
W1189,1189,30,main_etch,749.7163,10.8057,117.9831,1.0787,64.6645
W1189,1189,31,main_etch,748.2054,10.7910,116.7651,1.0885,64.5517
W1189,1189,32,main_etch,750.9259,10.7573,117.9450,1.0873,64.8093
W1189,1189,33,main_etch,744.1165,10.8554,118.3640,1.0938,64.8037
W1189,1189,34,main_etch,748.5987,10.7157,118.3510,1.0783,64.7287
W1189,1189,35,main_etch,745.6867,10.8587,117.1429,1.0885,64.6977
W1189,1189,36,main_etch,748.6952,10.8373,118.4349,1.0756,64.7265
W1189,1189,37,main_etch,747.9048,10.8437,117.0825,1.0946,64.7778
W1189,1189,38,main_etch,748.0464,10.8395,116.7073,1.1096,64.4944
W1189,1189,39,main_etch,748.3117,10.8409,117.8509,1.1054,64.7566
W1189,1189,40,main_etch,744.6231,10.8973,117.3704,1.0943,64.6660
W1189,1189,41,main_etch,752.4895,10.9020,118.1630,1.0890,64.7120
W1189,1189,42,main_etch,747.6536,10.9143,115.9979,1.1045,64.7386
W1189,1189,43,main_etch,752.7336,10.7365,117.7381,1.0895,64.7492
W1189,1189,44,main_etch,746.0783,10.8376,117.0929,1.0727,64.8607
W1189,1189,45,main_etch,748.1331,10.8173,116.0920,1.1063,64.4108
W1189,1189,46,main_etch,743.5101,10.8081,116.6549,1.1064,64.9464
W1189,1189,47,main_etch,751.6509,10.8770,117.1195,1.1067,64.8430
W1189,1189,48,main_etch,743.7837,10.8502,117.6616,1.1033,64.6141
W1189,1189,49,main_etch,748.9315,10.7702,117.8499,1.1106,64.9314
W1189,1189,50,main_etch,746.3327,10.8466,116.7302,1.1057,64.9017
W1189,1189,51,main_etch,745.4260,10.8586,117.1017,1.1371,64.7034
W1189,1189,52,main_etch,745.2615,10.8808,117.9972,1.1229,64.8625
W1189,1189,53,main_etch,748.2733,10.7544,117.7404,1.1085,64.7568
W1189,1189,54,main_etch,749.0508,10.8042,117.3728,1.1081,64.6853
W1189,1189,55,main_etch,747.7581,10.8187,117.3211,1.1108,64.8528
W1189,1189,56,main_etch,750.1141,10.8276,117.2426,1.1211,64.9014
W1189,1189,57,main_etch,744.5286,10.7620,117.4953,1.1244,64.9099
W1189,1189,58,main_etch,747.9328,10.8229,118.5995,1.1165,64.9196
W1189,1189,59,main_etch,748.9494,10.8006,117.8637,1.1165,64.8556
W1189,1189,60,main_etch,744.1634,10.8030,117.6783,1.1197,64.8532
W1189,1189,61,main_etch,744.9751,10.8213,118.0124,1.1086,64.7499
W1189,1189,62,main_etch,746.5782,10.7475,118.0245,1.1281,64.7778
W1189,1189,63,main_etch,747.4452,10.8462,116.8437,1.1169,64.8164
W1189,1189,64,main_etch,746.5259,10.7548,116.6970,1.1391,65.0303
W1189,1189,65,main_etch,746.3945,10.8998,119.5319,1.1203,65.2789
W1189,1189,66,main_etch,744.3119,10.8178,117.9271,1.1348,64.8305
W1189,1189,67,main_etch,746.4458,10.8479,116.4647,1.1478,64.8375
W1189,1189,68,main_etch,746.5047,10.8068,117.8581,1.1184,65.0629
W1189,1189,69,main_etch,745.6454,10.8666,118.2431,1.1490,64.8691
W1189,1189,70,main_etch,746.4228,10.7597,118.2997,1.1351,64.9917
W1189,1189,71,main_etch,743.8003,10.7970,118.1260,1.1524,64.9472
W1189,1189,72,main_etch,741.2262,10.8505,117.8342,1.1185,64.8856
W1189,1189,73,main_etch,748.2238,10.7862,118.3484,1.1416,65.3709
W1189,1189,74,main_etch,748.7316,10.9066,117.6055,1.1467,64.9200
W1189,1189,75,overetch,716.8609,10.6364,119.5398,0.7784,65.2772
W1189,1189,76,overetch,717.7648,10.6490,120.4486,0.7554,65.3178
W1189,1189,77,overetch,718.9806,10.6482,119.7149,0.7758,65.2002
W1189,1189,78,overetch,713.9034,10.5976,121.0714,0.7855,65.5731
W1189,1189,79,overetch,716.6667,10.5386,120.1731,0.7780,65.5323
W1189,1189,80,overetch,718.4911,10.6457,120.7533,0.7900,65.5237
W1189,1189,81,overetch,718.7098,10.6591,120.1321,0.7717,65.3373
W1189,1189,82,overetch,718.2748,10.6932,117.7679,0.7934,65.6259
W1189,1189,83,overetch,714.7915,10.6058,121.7315,0.7863,65.3445
W1189,1189,84,overetch,724.9756,10.6188,121.4046,0.8028,65.3891
W1189,1189,85,overetch,714.7163,10.5025,118.5029,0.7901,65.4380
W1189,1189,86,overetch,717.7169,10.6051,119.8187,0.7980,65.4500
W1189,1189,87,overetch,716.2862,10.5570,119.0517,0.7976,65.7402
W1189,1189,88,overetch,721.6351,10.7135,119.9549,0.7917,65.5813
W1189,1189,89,overetch,718.4159,10.5186,120.9330,0.7906,65.2442
W1189,1189,90,overetch,719.1640,10.5292,120.0242,0.7803,65.5342
W1189,1189,91,overetch,721.3604,10.6684,120.1325,0.7959,65.5828
W1189,1189,92,overetch,715.4941,10.5690,119.9766,0.8057,65.6167
W1189,1189,93,overetch,717.9166,10.5761,120.4867,0.8108,65.4539
W1189,1189,94,overetch,716.3061,10.5445,119.2691,0.7992,65.4507
W1189,1189,95,overetch,715.8419,10.5818,120.9830,0.8037,65.3026
W1189,1189,96,overetch,721.3720,10.6197,119.8152,0.8147,65.5191
W1189,1189,97,overetch,723.0149,10.6192,120.1979,0.7798,65.2026
W1189,1189,98,overetch,721.9205,10.6020,118.8654,0.8063,65.7235
W1189,1189,99,overetch,714.6974,10.5461,118.4187,0.8158,65.6520
